:020000040800F2
:1000000068990020B9230008B5D10008198A0008B2
:1000100059AF0008BD3400085D270108000000004A
:10002000000000000000000000000000CB230008DA
:100030008141000800000000CF230008CDFD00082A
:10004000D3230008D3230008D3230008D3230008B8
:10005000D3230008D3230008D3230008D3230008A8
:10006000D3230008D3230008D32300084506000843
:10007000D3230008114000081D4000082940000853
:10008000D3230008D3230008D3230008D323000878
:10009000E5260108D3230008D3230008D323000852
:1000A000D3230008D3230008D3230008D323000858
:1000B000D3230008D3230008D3230008D323000848
:1000C000D3230008D3230008D3230008D323000838
:1000D000D32300085D0B0108D3230008D3230008B5
:1000E000290B0010D3230008D3230008D3230008D2
:1000F000D3230008D3230008D3230008D323000808
:10010000000000000000000000000000D3230008F1
:10011000D3230008D32300087D23000879FF0008BB
:1001200035400008D323000841400008D3230008CD
:10013000D3230008D32300080000000000000000C3
:10014000D3230008D3230008D323000800000000B5
:10015000000000000000000000000000000000009F
:100160000000000000000000D3230008D323000893
:10017000D323000800000000000000000000000081
:1001800000000000D3230008DFF80CD002F0DCFDF3
:1001900000480047756201086899002070B5D74C87
:1001A000A08C10B1A08C401EA084218E01200025BF
:1001B000B1F5967F39BF491C218625862070E18BD9
:1001C0000A293CBF491CE18306D3E583618C491CA5
:1001D0006184E18C491CE184218C0A2939BF491CC6
:1001E00021842584E07020852071D4E91E12491CE9
:1001F00042F10002C4E91E122072E08D03283CBFC8
:10020000401CE0851ED34FF0A040E585816841F099
:1002100005018160D0F8081141F00501C0F808110E
:100220008000016841F001010160B548016841F0BA
:1002300001010160B348016841F0040101600B2035
:1002400005F005FF607A05283CBF401C60720BD3A7
:100250006572E07B002808BFA57205D0A07A00284F
:100260000CBF01200020A072BDE870400FF084BEDA
:100270002DE9F84F06460C460868A3A10EF0CEF90A
:1002800000279E4D002818BF012E04D960680EF08B
:100290002BFA28746F759FA120680EF0BFF9002813
:1002A00018BF012E03D960680EF01EFA68749BA176
:1002B00020680EF0B3F9002818BF012E03D960683A
:1002C0000EF012FAA87497A120680EF0A7F9002882
:1002D00018BF012E03D960680EF006FAE87493A1E6
:1002E00020680EF09BF9002818BF012E03D9606822
:1002F0000EF0FAF9287590A120680EF08FF9DFF85A
:100300004092002818BF012E04D960680EF0ECF965
:1003100089F800008BA120680EF080F9DFF82CA28C
:10032000002818BF012E04D960680EF0DDF98AF8A4
:10033000000087A120680EF071F9DFF81CB20028D8
:1003400018BF012E04D960680EF0CEF98BF80000BA
:1003500082A120680EF062F9002818BF012E04D98E
:1003600060680EF0C1F98049088080A120680EF015
:1003700055F94FF00108002818BF032E18D96068FE
:100380000EF0B2F989F80000A0680EF0ADF98AF815
:100390000000E0680EF0A8F9C3B28BF80030CDF889
:1003A00000809AF8002099F80010002000F090FDDD
:1003B00070A120680EF032F9002818BF012E03D971
:1003C00060680EF0AEF96F856EA120680EF026F918
:1003D000002818BF012E04D960680EF0A2F917F0AA
:1003E000BBFE6BA120680EF019F9002818BF012E82
:1003F00007D960680EF095F9286517F0ADFE85F80D
:10040000158066A120680EF009F9002818BF012E9A
:100410002CD960680EF085F9DFF88891012803D0A7
:1004200050B1022811D021E00FF00AFC89F80080B9
:100430002F730021687917E00FF0E8FB89F800704E
:10044000002185F80C8008460EE099F8000000288D
:100450001CBF287B012849D089F800700FF0D6FB1B
:10046000002185F80C8008460FF05CFB4EA1206847
:100470000EF0D4F8002818BF012E07D960680EF0DE
:1004800050F9012804BF00200EF0BAFC49A12068F1
:100490000EF0C4F8002818BF012E08D960680EF0CD
:1004A00040F9474901280CBF81F800800F7045A131
:1004B00020680EF0B3F8002818BF012E06D9606836
:1004C0000EF02FF94249088000F00FF941A1206891
:1004D0000EF0A4F8002818BF012E98BFBDE8F88FD1
:1004E00060680EF01EF96885BDE8F88F89F8008015
:1004F0000FF0A6FB2F7300216879B5E75046002066
:1005000000040040007400406765745F62756666B1
:10051000000000006765745F647066006765745F63
:1005200073696E006765745F646163006765745F1B
:1005300077696E646F770000736574520000000085
:1005400012560020736574550000000013560020F9
:1005500073657449000000001456002073657443ED
:100560006F756E74000000003E5600207365745273
:1005700055490000736574444143706572696F6446
:1005800000000000736574444143667265710000A9
:100590007365744441435465737400007365744C0F
:1005A000434400001E570020504F5745525F4F46AE
:1005B00046000000697353657269616C00000000B9
:1005C0004B4A00204441435F5A45524F000000000F
:1005D000A84900206175746F6672657100000000A3
:1005E000264810B5264A0068106000F001FA00F0B5
:1005F00073F82449244A6420488012880024B2FBFE
:10060000F0F0224A1070C82048602148048002F0AF
:10061000D8FB2048047010BD1A480188002908BF83
:10062000704710B5002101800AF0C0FC002818BFF7
:1006300010BD19480078002818BF10BDBDE8104053
:1006400001F0E2BD70B5154D28680E4C10F0020F98
:1006500006D00220686062881148114602F0B6FB9D
:10066000286810F0040F08BF70BD0420686062881D
:10067000BDE8704000210A4802F0A8BBC84900202C
:10068000B4460020A0480020B2490020094A0020BA
:10069000405600201E5600200D4B00200000024056
:1006A0004078002000000000FD494869002804BF90
:1006B000B7EE000A704791ED0F0AF8EE400A00EE1F
:1006C000100AB8EE400A80EE801ABCEEC10A81ED35
:1006D000120AB8EE400A7047F14800697047F048C6
:1006E00041690069B1FBF0F070472DE9F047EC4C2F
:1006F0002DED0C8BA18920698842B1FBF0F13CBF44
:10070000414361811BD3C9B200FB01F292B2628105
:10071000824288BFDFF88CC311D900BF00FB01F211
:1007200092B2ACFB02535D09491E6FF018036B4394
:100730006281C9B212EB830318BF8242EED861898D
:10074000002908BF6081E0646689216CD64A714344
:10075000116002F0A9F841EC100B53EC102B9FED47
:10076000D40B51EC100B02F009F841EC190B0025E9
:10077000002E84BFD04FD14E23D92069B5FBF0F1B4
:1007800000FB115002F090F853EC192B01F084FF9C
:1007900002F012F900EE100A13F030FC10EE100A0D
:1007A00002F0C7F841EC180B3878012818BF2088F0
:1007B0007ED000BF26F81500681C85B2608985428E
:1007C000DBD39FEDBF8B206CBF4E012860894FF0BB
:1007D0000005A0F101007FD90028DCBFBDEC0C8B27
:1007E000BDE8F0872069B5FBF0F100FB115002F085
:1007F0005BF853EC192B01F04FFF41EC100B84ED2B
:10080000160B02F0D9F800EE100A13F0F7FB10EE09
:10081000100A02F08EF894ED160B41EC1B0B51EC14
:10082000100B02F0C9F800EE100A13F0A5FB10EE51
:10083000100A02F07EF841EC1A0B53EC182B51EC25
:100840001B0B01F029FF894649EC100B074651ECC0
:10085000100B02F036F849EC107B804651EC100B7F
:1008600002F02FF868F31F4046F8250053EC182BD0
:1008700051EC1A0B01F010FF884648EC100B0746AC
:1008800051EC100B02F01DF848EC107B814651EC46
:10089000100B02F016F8014606EB850069F31F41C4
:1008A0004160A81C85B26089401EA8429ADC01E024
:1008B00004E011E0BDEC0C8BBDE8F087608801F02E
:1008C000F3FF53EC182B01F0E7FE41EC100B12F094
:1008D000FFFC218808446DE70028E8DD2069B5FBAE
:1008E000F0F100FB115001F0DFFF53EC192B01F088
:1008F000D3FE41EC100B84ED160B02F05DF800EE18
:10090000100A13F07BFB10EE100A02F012F894EDBF
:10091000160B41EC1A0B51EC100B02F04DF800EEE7
:10092000100A13F029FB10EE100A02F002F841EC55
:100930001B0B2169681CB0FBF1F201FB120001F0F6
:10094000B3FF53EC192B01F0A7FE41EC100B84ED23
:10095000160B02F031F800EE100A13F04FFB10EE08
:10096000100A01F0E6FF94ED160B41EC1C0B51EC64
:10097000100B02F021F800EE100A13F0FDFA10EE51
:10098000100A01F0D6FF41EC1D0B53EC182B51EC73
:100990001C0B01F081FE01F094FF074653EC182B6D
:1009A00051EC1A0B01F078FE01F08BFF67F31F404A
:1009B00046F8250053EC182B51EC1D0B01F06CFE92
:1009C00001F07FFF074653EC182B51EC1B0B01F095
:1009D00063FE01F076FF06EB850167F31F40486078
:1009E000A81C85B26089401EA8423FF777AF5EE73A
:1009F0002DE9F0432A4D93B00E460446686515F084
:100A0000DBFB2E81A888B6FBF0F0304E6880B06D1D
:100A100020F00100B06501222A642D482C616A642F
:100A20000078002804BF40F6B830A8810AD0012819
:100A300008BF4FF4FA6004D0022808BF4FF47A7060
:100A400000D1A881A889A04219D22318B4FBF0F1E3
:100A50005B1EB3FBF0F32964994238BFB4F1004F39
:100A600080F00681631E00FB0232B2FBF0F2501AE6
:100A70001CBF08442864286CB4FBF0F02861296985
:100A8000286C48436861134813490068A1FB0010B3
:100A90000009E863FFF729FE1048416920E00000E3
:100AA000A84900201F85EB51C44800200000000029
:100AB000182D4454FB211940F94A0020E02E002053
:100AC00000000000C0FFDF400000002000000240E6
:100AD0005746002088470020ABAAAAAA001002406F
:100AE00041F001014161416901F001010091416959
:100AF00041F002014161416901F002010091C169C7
:100B000041F00101C161C069714F00F00100009026
:100B10006E48386010200024C7E901044FF08008B7
:100B20000001C7E90380800078612020B8614FF49C
:100B30004050F861384604F0A7FF002818BF03F0C2
:100B4000B1FE6448476278626989F165624931663D
:100B5000624971664FF080470760296C4FF01709B2
:100B6000491EC0E90114C0E90394446106F0B8FECF
:100B7000002818BF03F096FE594D5A48C0E90054AA
:100B8000C0E902490461446106F0AAFE002818BFCA
:100B900003F088FE4FF480590AA94E48CDF82890FA
:100BA00006F0B5FF002818BF03F07CFE0AA94D48E7
:100BB000CDF8289006F0ABFF002818BF03F072FEB6
:100BC000444807F0E7F9002818BF03F06BFE4548DA
:100BD00007F0E0F9002818BF03F064FE40200E90F3
:100BE0000EA9CDF840803B4806F030FE002818BF23
:100BF00003F058FE70204FF00C08CDE902080820E1
:100C0000CDE9044006940794002202A931480894D3
:100C100007F080F8002818BF03F044FE0C2202A958
:100C20003048CDF80C8007F075F8002818BF03F0A5
:100C300039FEF86840F40070F8600021254807F09C
:100C4000B1FB0C21274807F0ADFBB06D40F001006F
:100C5000B065254804607C62386840F00100386067
:100C6000286840F00100286013B0BDE8F08300BFA1
:100C700000FB01F2A242BFF4FEAE491C00FB01F2F0
:100C8000A242FAD32964F6E618490968B1FBF0F0EC
:100C900040F29361ACE670B5154C0D46A0802189F9
:100CA000B1FBF0F06080FFF720FD002D08BF70BDA4
:100CB00003F0FCFD0F48A188C08903F031FDBDE8B9
:100CC000704003F0F1BD0A480079704758000240B7
:100CD000D87A00209C6A002020740040E02E00207A
:100CE00000040040E86A00202404004088470020F7
:100CF000A84900203E8C0108FE48FD49816303217C
:100D00004170704770B5FB4CFB48A063FFF7CCFC0B
:100D1000BDEEC00AF949052510EE100A88420BDC29
:100D2000FFF7C2FCBDEEC00AF54910EE100A814281
:100D3000A2BF0620607070BD657070BDF7EE080A36
:100D4000B7EE000A082805D2EE49085C00EE100A4A
:100D5000B8EE400A20EE800A7047E648007CF7EEC5
:100D6000080AB7EE000A082805D2E649085C00EE3A
:100D7000100AB8EE400A20EE800A7047DD48407C39
:100D8000F7EE080AB7EE000A082805D2DD49085C2C
:100D900000EE100AB8EE400A20EE800A70479FED80
:100DA000DA0AD448C17B21B1012908BF9FEDD70AD7
:100DB0007047008C00EE100AB8EE400A7047D44825
:100DC00030B40388CB48D34AB0F828C0126803FB7C
:100DD0000CF1B2FBF1F18CB2CF4984860A68CF499D
:100DE0000D6840F65431AA4219D0CD4D2D68AA4263
:100DF00015D0CC4D2D68AA4211D0CB4D2D68AA42FA
:100E00000DD0CA4D2D68AA4209D0C94D2D68AA42FD
:100E100005D0C84D2D68AA421CBFC74D2D688184DE
:100E20004FF448614185C17900291CBF04FB0CF2D5
:100E30008286827B002A04BFC278FF2A05D102790C
:100E4000FF2A02BF002901218186BC4909780029B7
:100E50001CBF02218186808EBA4900FB03F2B84B89
:100E60000968B2FBF1F24A431A608A4201D330BCEE
:100E70007047B34A116030BC704710B502F0CEFD28
:100E80009C4C0020E07320746074E078FF2818BF49
:100E900020742079FF2818BF6074217C012009F09C
:100EA000EDFF617C002009F0E9FF03F063F9A6493A
:100EB00009780EF00BFFA078FF281CBFA078E07324
:100EC000E07B0EF005FF022060710120207010BD54
:100ED0002DE9F047874C8648DDF82090A063032079
:100EE00060709A4800251E46174688460570FFF731
:100EF00066FFE08584F80280E770267184F815901B
:100F000002F08CFDE57325746574E078FF2818BF46
:100F100020742079FF2818BF6074217C012009F01B
:100F2000ADFF617C002009F0A9FF03F023F9864999
:100F300009780EF0CBFEA078FF281CBFA078E073E4
:100F4000E07B0EF0C5FE0220607101202070BDE83C
:100F5000F0872DE9F04F674C2DED0E8B87B0218E79
:100F60009FED7BBB4FF001084FF0000959B3B1F57D
:100F70007A7F01D2481C2086207CF7EE000A614966
:100F8000B7EE081AB0EE600A082804D2085C00EE3A
:100F9000100AB8EE400AF0EE411A607C61EE80DA89
:100FA000082804D2085C00EE100AF8EE400A21EE90
:100FB00020DA9FED55CAE07B002829D0012808BF20
:100FC0009FED52CA29E06448A4F832800022C0E9AB
:100FD0000822C0E90A22C0E90222C0F83090C0E924
:100FE00004225E4B0020C3E900225D4BC3E90022CE
:100FF0005C4BC3E900225C4BC3E900005B48C0F8CE
:10100000009084ED1CBB84ED1EBBA4F82290B1E7D8
:10101000208C00EE100AB8EE40CA554890ED000A48
:10102000DFED540A544860EE20CA00789FED53EA81
:10103000DFF84CB1012804D052480078002800F0B5
:10104000F381658CF92D4FD24D4814F0C9FE5D46F1
:10105000B0EE408AD5E9020101F0FFFB00EE100A74
:10106000C0EE080A10EE900A01F063FCCDE9000121
:10107000D5E9040101F0F1FB00EE100AC0EE080A08
:1010800010EE900A01F055FCCDE902019DE88304C1
:1010900001F092FC06463846514601F08DFC09EEFF
:1010A000100AD5E9080108EE906A01F0D6FB00EEBF
:1010B000100AC0EE080A10EE900A01F03AFCCDE9E1
:1010C0000001D5E90A0101F0C8FB00EE100AC0EEEC
:1010D000080A10EE900A01F02CFCCDE902019DE80F
:1010E000C30001F069FC4FE0C6E000000000000012
:1010F000848D010810560020878D0108F0B405008A
:10110000486B0100505600200000C84200401C46B9
:10111000B2490020E4490020BC490020C049002019
:10112000C4490020C8490020CC490020D4490020EF
:10113000D8490020DC490020E04900205F4600201B
:10114000C0480020C4480020F84A00204D4A002032
:101150000000000000000000007C0020F04800209B
:10116000F84800200049002008490020B448002029
:101170009849002000008039484A00200000000003
:10118000407800206046002005463046394601F090
:1011900013FC8CEEAD1A08EE105A09EE900AF0EE30
:1011A0004E1AF0EE490AB0EE680A11F02BFC8CEEF4
:1011B0008D1AB0EE409AF0EE608AF0EE4E1AF0EE24
:1011C000690AB0EE480A11F01DFCF0EE601AB0EEAC
:1011D000401AF0EE680AB0EE490A11F002FCF0EE97
:1011E0004E1AB0EE4C1A11F00DFC10EE105A10EE23
:1011F000906A284601F09DFB07468A46304601F07A
:1012000098FBCDE9007ACDE902019DED000B51EC90
:10121000100B01F0D1FBFE49628C41F8220001F075
:1012200088FB94ED1C1B53EC112B01F08EF9C4E9E3
:101230001C01284601F07DFB05460F46304601F0B3
:1012400078FBCDE90057CDE902019DED020B51EC91
:10125000100B01F0B1FBEF49658C41F8250001F05E
:1012600068FB94ED1E1B53EC112B01F06EF9C4E9E1
:101270001E01681C6084D7E0284601F015FB0E466D
:1012800046EC100B074653EC102B94ED1C0B51EC65
:10129000100B01F073FA41EC180B46EC107B84ED57
:1012A0001C8B53EC102B94ED1E0B51EC100B01F02A
:1012B00065FA41EC190B681E84ED1E9B84ED16BB8C
:1012C00084ED18BB002845DDD14E87B206F57A754E
:1012D000D6F800A0504601F02CFB53EC182B01F07F
:1012E000D5F941EC1A0B504601F023FB53EC182BB7
:1012F00001F0CCF953EC1A2B01F0CEF994ED161B4A
:1013000053EC112B01F021F9C4E91601D5F800A026
:10131000504601F00EFB53EC192B01F0B7F941ECEC
:101320001A0B504601F005FB53EC192B01F0AEF9F6
:1013300053EC1A2B01F0B0F994ED181B53EC112B60
:1013400001F003F9C4E91801781E2D1D361D0704AC
:101350003F0CBDD1B0EE4B9AF0EE6B9A53EC192BCB
:1013600051EC180B01F0F8FA07D294ED1C0B51EC7C
:10137000100B81F00041C4E91C0194ED1E0B53ECED
:10138000192B51EC100B01F0E7FA07D294ED1E0B6C
:1013900051EC100B81F00041C4E91E01608C01F09A
:1013A00083FA41EC100B53EC102B94ED160B51EC1F
:1013B000100B01F0E3F941EC100B12F079F89FEDFE
:1013C000968B51EC100B53EC182B01F065F994ED52
:1013D0001C1B53EC112B01F0D1F9C4E91601608CF0
:1013E00001F062FA41EC100B53EC102B94ED180B4A
:1013F00051EC100B01F0C2F941EC100B12F058F84F
:1014000053EC182B51EC100B01F046F994ED1E1B18
:1014100053EC112B01F0B2F9C4E9180184ED1C9BC7
:1014200084ED1E9BA4F822907D4801F049FDD4E98B
:101430001401C4E912017A480CF0DEFB7949D1E9C4
:101440000005C4E9140501F074FA06460F46284663
:1014500001F06FFACDE90201CDE900679DED021BB5
:101460009DED000B11F058FDB0EE408AF0EE608A61
:1014700094ED120AD4ED130AD4ED141A94ED151A52
:1014800030EE610A70EEC10A10EE100A10EE905AAA
:1014900001F04FFA06460F46284601F04AFACDE918
:1014A0000201CDE900679DED021B9DED000B11F0DF
:1014B00033FD53EC182B51EC100B01F05FF941ECAC
:1014C000100B84ED1A0BA07B10B3608DDBED061AB8
:1014D00001EE100AB8EE411AF4EEC11AF1EE10FA5C
:1014E0001DDC01EE100ADBED001AB8EE411AF4EE35
:1014F000C11AF1EE10FA12DC9FED4B1B51EC100BF0
:1015000053EC112B01F040FA02D24948007830B177
:10151000E08D059001280AD9A07B50B907E084F836
:101520000E90A4F82690A4F8309000F0FDBCE0796D
:1015300060B1404880F834903F480078002802BFEE
:1015400007B0BDEC0E8BBDE8F08F09E05946394875
:10155000B1E8EC1CA0E8EC1C91E86E1080E86E107D
:1015600036480088022818BF03286DD0344800F19F
:10157000700100F1380B91E8EE148BE8EE1400F1E5
:10158000900100F1580091E86E1080E86E10294833
:1015900001F096FC2B4801F093FC264814F020FC47
:1015A000DFF890B0B0EE408ADBE9020101F055F9B6
:1015B00000EE100AC0EE080A10EE900A01F0B9F928
:1015C000CDE90001DBE9040101F047F900EE100A62
:1015D000C0EE080A10EE900A01F0ABF9CDE9020165
:1015E0009DE8C30001F0E8F905463046394601F0B0
:1015F000E3F909EE100ADBE9080108EE905A01F060
:101600002CF900EE100AC0EE080A10EE900A1CE059
:10161000F8600020E0640020000000000000594055
:1016200040780020204900200000000000002440F5
:101630005F460020707C0020AA480020164B002046
:10164000007C0020387C0020B9E001F072F9CDE97F
:101650000001DBE90A0101F000F900EE100AC0EE1A
:10166000080A10EE900A01F064F9CDE90201DDE903
:101670000001DDE9026701F09FF905463046394671
:1016800001F09AF98CEEAD1A09EE905A08EE100AA4
:10169000F0EE4E1AF0EE490AB0EE680A11F0B2F917
:1016A0008CEE8D1AF0EE408AB0EE609AF0EE4E1A93
:1016B000F0EE480AB0EE690A11F0A4F9B0EE401A53
:1016C000F0EE601AF0EE490AB0EE680A11F089F9FE
:1016D000F0EE4E1AB0EE4C1A11F094F910EE105ACA
:1016E00010EE906A284601F024F907468A463046F3
:1016F00001F01FF9CDE9007ACDE902019DED000B63
:1017000051EC100B01F058F909EE900A284601F04F
:1017100010F905460F46304601F00BF9CDE90057A8
:10172000CDE902019DED020B51EC100B01F044F9E3
:10173000FF4D09EE100A287800287CD0FD4ED6E92E
:101740000001C4E92001FC480CF056FAFB4F387840
:101750009FEDFBAB0128E0796ED0002840F0C983F3
:10176000A079002808BF84F8009000F0C28384F8B4
:101770000E90E078FF281CBF2179FF2900F09181AD
:10178000E17A884207D02074217C012009F076FBA1
:101790002079FF2808D02079217B884204D060740A
:1017A000617C002009F06AFBE06B401CE06307F0FD
:1017B00033FF84F81A9084F80E8000F060BBE24A90
:1017C00002F17003D2E9081CD3E9080508184CEBB4
:1017D0000501C2E9080105468C46D2E90A01D3E9B0
:1017E0000A6780197941C2E90A0104908A46D2E960
:1017F0000271D3E9020638187141C2E90201834639
:101800000391D2E90401D3E9046780194F41C2E989
:1018100004070290186B116B01900844106300904C
:10182000668E002332462846614600F008FEC74D0A
:101830003246002301E03AE05DE0C5E90801514687
:10184000049800F0FCFDC5E90A0132460023584621
:10185000039900F0F4FDC5E9020132460023394640
:10186000029800F0ECFDC5E904010098B0FBF6F029
:101870002863E079A8B1A5F1380000F1700100F10A
:10188000380E91E8AE1C8EE8AE1C00F19002D0F844
:10189000A47092E82C100199C0E91A17583080E81A
:1018A0002C100598012884BF701C60866FE6A8483C
:1018B000E1790078884309D019EE901AA54AA64824
:1018C0009142D4BF80F8008080F80090A348A449DA
:1018D0000068814206D9A3498842B8BF84F81690AF
:1018E000FFF62CAFA0480078002806BF0220A075A4
:1018F00084F8168022E7002819BF00218E48617DF8
:1019000092480BF039FE84F80D8087F80090E0795A
:101910009FED978B984F00283FF422AF84F81A80F0
:1019200084F81B90E06B401CE06307F075FE84F8C0
:101930001A90D6E9000A00F0FCFF0546884650469A
:1019400000F0F7FFCDE90058CDE902019DED021B43
:101950009DED000B11F0E0FAB0EE409AF0EE609AC7
:10196000D4ED200A94ED210A96ED001AD6ED011A65
:1019700070EEC10A30EE610A10EE900A10EE105AB5
:1019800000F0D7FF06468846284600F0D2FFCDE992
:101990000068CDE902019DED021B9DED000B11F0E9
:1019A000BBFA53EC192B51EC100B00F0E7FE41ECA5
:1019B000100B84ED1A0B9FED721B53EC112B00F0F2
:1019C000CBFF57D39FED700B53EC102B94ED1A0BFC
:1019D00051EC100B00F0C0FF02D2A07A042849D8C5
:1019E0009FED6B0B53EC102B94ED1A0B51EC100B7D
:1019F00000F0B2FF02D2A07A05283BD894ED1A0B72
:101A000053EC1A2B51EC100B00F0A6FF02D2A07A77
:101A100007282FD894ED1A0B53EC182B51EC100B10
:101A200000F09AFF02D3A07A012802D93878312831
:101A300020D094ED1A0B53EC182B51EC100B00F046
:101A40008BFF02D3A07A012802D93878322811D02E
:101A5000A07A0821401CA072132007F08BFD4EA134
:101A6000012009F0C1F907B0BDEC0E8BBDE8F04FC5
:101A700009F0FAB949494A4884F80A900988008867
:101A8000CDE90001474B48A20821142007F002FAD3
:101A900084F8009007B0BDEC0E8BBDE8F04F0CF061
:101AA0005BB92449D1E9000A00F043FF06460F461E
:101AB000504600F03EFFCDE90201CDE900679DED03
:101AC000021B9DED000B11F027FA1A48B0EE408A78
:101AD000F0EE608A94ED200AD4ED210A90ED001A10
:101AE000D0ED011A30EE410A70EEE10A10EE100A54
:101AF00010EE90AA00F01DFF06460F46504600F07B
:101B000018FFCDE90201CDE900679DED021B9DEDB7
:101B1000000B11F001FA53EC182B51EC100B00F0F4
:101B20002DFE41EC100B84ED1A0B11F009FA3DE08B
:101B30005F46002020490020707C0020AA48002039
:101B40009A9999999999B93F007C0020387C002096
:101B5000F14A00200050C3474B4A0020604A002051
:101B6000000020C1000020414C4A0020000000007D
:101B70007B14AE47E17A743F0E4B0020000000005A
:101B80002D431CEBE2361A3FFCA9F1D24D62503FC7
:101B90007B14AE47E17A843F62616400144A0020FE
:101BA000124A0020045700206F6B000053EC1A2BE0
:101BB00051EC100B00F0D0FE06D3207E002804BFAD
:101BC000FD4880F800905BD0608DDBED060A00EEEA
:101BD000100AB8EE400AF4EEC00AF1EE10FA36D25E
:101BE00000EE100ADBED000AB8EE400AF4EEC00A7F
:101BF000F1EE10FA2BD2607C90B9FFF764F800EB9D
:101C00008000618D4000B1FBF0F000EE100ADBEDCA
:101C1000060AB8EE400AB4EEE00AF1EE10FA16D267
:101C2000207C90B9FFF74FF800EB8000618D4000F9
:101C3000B1FBF0F000EE100ADBED000AB8EE400A4E
:101C4000B4EEE00AF1EE10FA01D284F80E80207EA4
:101C5000012808D0022808BF032010D0032808BF9D
:101C600084F818900CE0D44880F80090D34880F8AD
:101C7000009085F8009001F0A4F8207E401C2076AA
:101C8000B0EEC90A10EE100A00F053FE41EC180B3A
:101C9000B0EEE90A10EE100A00F04BFE53EC182BE0
:101CA00000F053FC41EC180B0526FEF7FDFCBDEEE1
:101CB000C00AC34910EE100A884208DCFEF7F4FCA3
:101CC000BDEEC00ABF4910EE100A814200DA0426B8
:101CD000FEF7EAFCBCEEC00A10EE107AFEF7F3FF46
:101CE000BA498246B84B4A00B9484FEA630C4CF2F5
:101CF000503EBAF1010F03D09F4210D3084620E0B6
:101D00009F42FBD267450CD277450ED242F210714A
:101D10008F4215D2B7F57A7F28BFAE4811E06745EC
:101D200001D310460DE0774501D3AB4809E042F2FC
:101D300010718F4228BFA94803D2B7F57A7F00D32C
:101D4000A74800F0B1FD53EC182B00F005FE25D29A
:101D5000E07B012804BF607CB0421FD1608DDBEDC9
:101D6000060A00EE100AB8EE400AF4EEC00AF1EEE0
:101D700010FA13D200EE100ADBED000AB8EE400AAA
:101D8000F4EEC00AF1EE10FA08D28C4884F80E8006
:101D9000017864293CBF491C017004E0874880F841
:101DA000009085F800909FED900B51EC180B53ECD0
:101DB000102B00F0E9FD09D38D4853EC1B2B90ED5F
:101DC000000B51EC100B00F0C7FD1CD2E07B01288A
:101DD00004BF607CB04216D1608DDBED060A00EED8
:101DE000100AB8EE400AF4EEC00AF1EE10FA0AD278
:101DF00000EE100ADBED000AB8EE400AF4EEC00A6D
:101E0000F1EE10FA39D39FED7C0B51EC180B53EC2B
:101E1000102B00F0A1FD11D2E07B002804BF207C34
:101E2000B0420BD1608DDBED000A00EE100AB8EE77
:101E3000400AF4EEC00AF1EE10FA1ED3E07B01284E
:101E400001BF607CB042207CB04218D1608DDBEDD8
:101E5000060A00EE100AB8EE400AF4EEC00AF1EEEF
:101E600010FA0CD200EE100ADBED000AB8EE400AC0
:101E7000F4EEC00AF1EE10FA01D284F80E80E08D83
:101E8000A085FEF79CFFE085A17BB9B3E18C0A2910
:101E90003CBF491CE18484F81A8084F81B90E16BF4
:101EA000491CE163217E012918BF012809D929783D
:101EB00029B35348017800291CBF80F8009007F02F
:101EC000ABFB84F81A90207FE17B884207D1607FCA
:101ED000217C884203D1A07F617C884207D0E07BCF
:101EE0002077207C6077607CA0770DF03DF806209D
:101EF000207007B0BDEC0E8BBDE8F08F05E0A18D22
:101F0000814208BF07F088FBDBE72C48A4F8269045
:101F1000A4F8309080F800903A4885F80090007856
:101F2000002818BF07F078FB607D00902379E278E5
:101F3000A178E08DFEF7CCFFDBE733480721017085
:101F40000021018670472DE9F0412F4C607E012869
:101F500008BFBDE8F08101256576A17CA06B405CDF
:101F6000E0752A4800F0ACFFE07BA84204D1E07D98
:101F70006178884288BF2575E07C244F4FF0A046E9
:101F800098B9A08CD7ED000A00EE100AB8EE400A0E
:101F9000F4EEC00AF1EE10FA07D2D6F8000110F004
:101FA000800F04BFE07D207404D0217C012008F064
:101FB00065FFE574207D2BE0514A00205D4600203E
:101FC000F0B40500486B0100400D0300C0C62D00B1
:101FD00000A3E11180D1F0088096980040787D013F
:101FE000005A6202000000000000000080842E41C0
:101FF000684A002000000000000000000000F03FE0
:1020000053460020484A0020105600204078002007
:1020100090B9A08CD7ED060A00EE100AB8EE400A7F
:10202000F4EEC00AF1EE10FA06D2306810F0800F1C
:1020300004BFE07D607404D0617C002008F01EFFC6
:102040002575A07C0026401CC0B2A074617888422F
:102050000CD3217C012008F011FF617C002008F0E6
:102060000DFF257607202070268611E0A16B095C04
:10207000E175E07C002804BF012008F0FFFE207D10
:1020800018B9E17D002008F0F9FE257605202070C2
:102090006676BDE8F0812DE9F047AC4C04200025C0
:1020A0002070E5742575A57425746574217C012064
:1020B00008F0E4FE617C002008F0E0FE25860125A2
:1020C000A34865862F4601780029FCD0A14800F07E
:1020D000F7FEE07BA0490322CB1CDFF88082DFF80B
:1020E000809205264FF0060A18B1E07BB8422DD049
:1020F0000FE0DFF860C29CED000ABDEEC00A10EEF2
:10210000100A9CED060ABDEEC00A10EE10CA844506
:1021100003DAE574A163627015E02575A363FEF729
:10212000C3FABDEEC00A10EE100A804507DBFEF7C9
:10213000BBFABDEEC00A10EE100A814501DA6670E6
:1021400001E084F801A0BDE8F047FCE6E574A36374
:10215000FEF7AAFABDEEC00A10EE100A4045EEDC0A
:10216000FEF7A2FABDEEC00A10EE100A4845E8DDFF
:10217000E5E710B5774800F0A3FE74480122C17B63
:10218000002905BF018C32296421C821714B00EE62
:10219000101A418DD3ED060AB8EE400A60EE800AAF
:1021A00000EE101AB8EE400AF4EEC00AF1EE10FA92
:1021B00002DCC17B914202D3BDE810406BE70321F2
:1021C0000170C17B491CC173C07BBDE810400DF09C
:1021D0007FBD5E48417900291EBF491E417170478D
:1021E000C178FF291CBF0179FF2906D04FF00701F4
:1021F00001704FF00001018670478178FF2902BF0E
:1022000003210170704746E72DE9F041554803F07E
:10221000B5FE4E4C00202378062B03D0524908709F
:1022200052490870524942F210720968914228BF1F
:10223000322108D2B1F57A7F28BF0F2103D2642959
:102240002CBF0321012103258022DFF828C14A4E3B
:10225000082B28BFBDE8F081DFE803F015041E4B12
:102260005D607175617900291EBF481E6071BDE80F
:10227000F081E178FF291CBF2179FF2905D04FF0BB
:10228000070121702086BDE8F081A078FF2808BFF3
:10229000257022D1BDE8F0812E4800F011FEE07BD0
:1022A0000121002805BF208C32286420C820294A3B
:1022B00000EE100A608DD2ED060AB8EE400A60EE1C
:1022C000800A00EE100AB8EE400AF4EEC00AF1EE01
:1022D00010FA02DCE07B884202D3BDE8F041DAE686
:1022E0002570E07B401CE073E07BBDE8F0410DF021
:1022F000EFBC237A8B4224BF2072022008D2581CE4
:102300002072DCF80000026030680260BDE8F081F5
:102310002070BDE8F081BDE8F04114E6637A8B429D
:1023200008D2581C6072DCF800000260306802605D
:10233000BDE8F081607204202070BDE8F081BDE846
:10234000F041FEF706BE0620E2E70000105600202E
:10235000AA48002040780020848D0108F0B40500D0
:10236000486B0100DC6900205D4600205F460020CC
:10237000F0490020C8680020186900200B48006858
:10238000016911F0010F08BF70476FF00101016191
:102390000748418819B14188491E41807047054965
:1023A00000200860014805F09FBB0000A87C0020C9
:1023B000E4560020342C0140064880470648004778
:1023C000FEE7FEE7FEE7FEE7FEE7FEE7FEE7FEE7E5
:1023D000FEE7FEE769FF0008890100082DE9F05FCC
:1023E0000546002092469B46884606468146402484
:1023F0001BE0284641464746224600F060F8534617
:102400005A46C01A914110D311461846224600F090
:1024100047F82D1A67EB01084F462246012000219C
:1024200000F03EF817EB00094E41201EA4F1010414
:10243000DFDC484631462A464346BDE8F09F2DE999
:10244000F0410024061B254671F1000605DA01243F
:102450000027D0EB070067EB0101161E73F10006A1
:1024600005DA0027D2EB0702012567EB0303FFF72C
:10247000B5FF86460E4617469C46AC4204D0002562
:10248000D0EB050E65EB010624B10020D2EB00076E
:1024900060EB030C704631463A466346BDE8F08176
:1024A000202A04DB203A00FA02F100207047914014
:1024B000C2F1200320FA03F3194390407047202A09
:1024C00004DB203A21FA02F00021704721FA02F3DE
:1024D000D040C2F120029140084319467047202A9B
:1024E00006DBCB17203A41FA02F043EAE07306E03C
:1024F00041FA02F3D040C2F120029140084319464C
:10250000704740EA01039B0703D009E008C9121F86
:1025100008C0042AFAD203E011F8013B00F8013B9D
:10252000521EF9D27047D2B201E000F8012B491EC9
:10253000FBD270470022F6E710B513460A46044660
:102540001946FFF7F0FF204610BD2DE9FE4F8046EB
:1025500081EA0300C00F0C46009021F0004123F0F7
:102560000045B8EB0200A94105D2404621469046FD
:102570001C460B46024623F00040104347D0270D6F
:10258000C7F30A00C3F30A510290401A0190402891
:102590006BDAC3F3130040F4801B0098924620B11D
:1025A0000023D2EB030A63EB0B0B01985946C0F1F1
:1025B00040025046FFF774FF06460D465046594606
:1025C000019AFFF78CFF10EB08006141002487EAB5
:1025D000115284EAE7731A4340D0009A62B3019A19
:1025E000012A4FEA075215DC001B61EB02014FF094
:1025F000004202EA0752CDE90042001C41F5801179
:1026000032462B4600F050FA03B0BDE8F08F40464A
:102610002146F9E7001B61EB0201001C41F5801324
:1026200000185B412018A2F5001747EB030140EAB0
:10263000D570B6196D4111E06D084FEA360645EACE
:10264000C0754FEA0752001B61EB0201001C41F507
:10265000801149084FEA30000019514132462B469B
:1026600003B0BDE8F04F00F010BA0098012240001E
:102670000023D0EB020263EBE073009821464FEA9F
:10268000E074B8EB000061EB0401E9E783F000437C
:102690005BE781F0004158E72DE9FE4F81EA030432
:1026A00004F0004421F0004100944FF0000B23F0AF
:1026B000004350EA01045ED052EA03045BD0C3F346
:1026C0000A54C1F30A552C44A4F2F3340194A0FB3C
:1026D0000254C1F3130141F48011C3F3130343F413
:1026E000801301FB024400FB034E840A970A44EA6C
:1026F000815447EA8357A4FB076802958D0A05FBBE
:1027000007854FEA932C04FB0C542705029D4FEAE2
:10271000065847EA1637B5EB08056EEB070C870E2F
:10272000920E47EA811742EA8312A7FB0201B6EB39
:102730000B0164EB00042B0D43EA0C335E1844EBF1
:102740001C50DA465146E7FB0201C5F313044FEA79
:102750000B3343EA14534FEA0432019C43EA060365
:10276000A4F10C040294009CCDE900B400F09CF9A3
:1027700003B0BDE8F08F00200146F9E72DE9F04DE8
:1027800081EA030404F0004B21F0004514464FF0A9
:10279000000A23F0004150EA050220D054EA010269
:1027A0001DD0C5F30A570246C5F31303C1F3130046
:1027B000C1F30A5640F4801543F48013A7EB0608D2
:1027C000101BD64608F2FD3873EB050002D308F162
:1027D000010801E092185B41B8F1000F03DA002014
:1027E0000146BDE8F08D00204FF480110646844676
:1027F0000EE0171B73EB050705D3121B63EB0503F4
:1028000006434CEA010C49084FEA300092185B413C
:1028100050EA0107EDD152EA030012D082EA040027
:1028200083EA0501084305D0101BAB4106D2012203
:10283000002306E000224FF0004302E06FF00102A7
:1028400053101AEB06004CEB085110EB0A0041EB59
:102850000B01BDE8F04D00F018B9F0B4CA17CB0F6A
:1028600050405140C61841F100054FEAC37231464D
:1028700028004FF0960303D0B623F0BC00F0D7B881
:1028800030460021F9E70EB5C10F80EAE070084438
:10289000CA07002140F233438DE80E000A460B467A
:1028A00000F002F903B000BD0EB540F233410291D1
:1028B0000021CDE900110A460B4600F0F5F803B0FF
:1028C00000BD70B5C1F30A5201F000450024C1F308
:1028D000130140F2FF3341F480119A4201DA0020E3
:1028E00070BD40F233439A42A2F2334203DC5242BB
:1028F000FFF7E5FD00E090402C43F1D0404270BD71
:10290000C1F30A5210B5C1F3130140F2FF3341F491
:1029100080119A4201DA002010BD40F233439A42FE
:10292000A2F2334203DC5242FFF7C9FD10BD9040D2
:1029300010BD00F0004230F000400AD0C10D01F59A
:102940006071C0F3160042EA0151C208400711430A
:10295000704700200146704730B5041E71F1000435
:1029600004DB4FF00044404264EB0101141E73F19C
:10297000000405DB1C464FF00043524263EB0403A6
:102980008B4208BF824230BD30B5041E71F1000495
:1029900004DB4FF00044404264EB0101141E73F16C
:1029A000000405DB1C464FF00043524263EB040376
:1029B000994208BF904230BD01F0004330B421F08D
:1029C000004150EA010206D00A0DA2F56072C1F37F
:1029D0001301002A02DC30BC00207047440F44EA97
:1029E000C104C100E01830BC00EBC25000F016B8C2
:1029F00030B50B46014600202022012409E021FACF
:102A000002F59D4205D303FA02F5491B04FA02F5CB
:102A10002844151EA2F10102F1DC30BD0029A8BF37
:102A20007047401C490008BF20F00100704710B4F7
:102A3000B0FA80FC00FA0CF050EA010404BF10BCAC
:102A4000704749B1CCF1200421FA04F411FA0CF1D9
:102A500018BF012121430843A3EB0C01CB1D4FEA12
:102A600000614FEA102042BF002010BC704700EB0D
:102A7000C35010440029A4BF10BC7047401C49003B
:102A800008BF20F0010010BC704710B5141E73F190
:102A9000000408DA401C41F1000192185B411A431E
:102AA00001D120F0010010BD2DE9F04D92469B466A
:102AB00011B1B1FA81F202E0B0FA80F22032904610
:102AC000FFF7EEFC04460F4640EA0A0041EA0B011C
:102AD00053465A46084313D0114653EA010019D011
:102AE000C8F140025046FFF7EAFC05460E46504644
:102AF00059464246FFF7D4FC084305D0012004E0C4
:102B000020463946BDE8F08D0020054346EAE076D0
:102B10002C4337430A986305E40AA0EB080000221F
:102B2000FD0A44EA47540A3002D500200146E9E78D
:102B3000010510196941DDE9084500196941BDE841
:102B4000F04DA2E72DE9F04D00231A461B1A8A41E9
:102B500003DB00200146BDE8F08DC1F30A52C1F34A
:102B6000130141F480154FF0000BD10702D100187A
:102B70006D41521E0027044640F2FF11384601EB1A
:102B8000620A3E468046024600204FF48011FFF75D
:102B900096FCC2197141BB1846EB0100B4EB030C63
:102BA00075EB000C04D3E41A65EB000517460E46DE
:102BB000241908F101006D4180463428E3DDF9193C
:102BC00046EB0600091BA84103D24FF0FF32134623
:102BD00001E0002213461BEB070046EB0A51BDE85B
:102BE000F04DFFF752BF00002DE9F041054621F0FE
:102BF00000400C46284309D0C4F30A5040F2334148
:102C0000884205DD28462146BDE8F0812846FBE7DD
:102C100040F2FE31884210DC0CDB4FEA043040EA1F
:102C2000155050EA053105D0104804F00041014329
:102C30000020E9E700200146E6E7A0F233404642E3
:102C4000C6F1400228462146FFF72AFC074688467F
:102C5000284621463246FFF732FC43463A46FFF704
:102C600014FF3246BDE8F041FFF71ABC0000F03F08
:102C7000C1F30A52C1F3130140F2FF3341F4801152
:102C80009A4202DA00200146704740F233439A42EA
:102C9000A2F2334202DC5242FFF711BCFFF700BC44
:102CA0002DE9F047C1F30A5401F00048054600271A
:102CB000C1F3130140F2FF3041F4801684421ADA66
:102CC000B4F57F7F00DC841EA4F213446242924676
:102CD00028463146FFF7F3FB04465246FFF7E0FB78
:102CE00045404E40354301D0012000E0002044EA39
:102CF000000100201BE040F2334084421ADCA4F2C1
:102D0000F33228463146FFF7CBFB0A467840514064
:102D1000084301D0012000E0002040EA020AA4F2AA
:102D20003344624228463146FFF7C9FB5146FFF75C
:102D300075FE03E0A4F2334405FA04F057EA0807ED
:102D400000D04042BDE8F087064C074D06E0E06841
:102D500040F0010394E8070098471034AC42F6D3E2
:102D6000FDF716FAECCF02081CD0020870B58C18DB
:102D700010F8015B15F0070301D110F8013B2A118F
:102D800006D110F8012B03E010F8016B01F8016B7C
:102D90005B1EF9D12B0705D40023521E0DD401F878
:102DA000013BFAE710F8013BCB1A921C03E013F841
:102DB000015B01F8015B521EF9D5A142D8D3002076
:102DC00070BD40F2010CC1F2000C604740F2B91C2A
:102DD000C1F2000C604740F6C13CC1F2000C6047F4
:102DE00040F65D3CC1F2000C604770B504460068D7
:102DF000816801F0030101292BD1016811F0010F55
:102E000027D0816801F00D01012913D1816841F0BB
:102E10000201816021680320086003F079F805460B
:102E20002068806810F0010F13D003F071F8401B88
:102E3000022809D9206C40F010002064606C40F03A
:102E400001006064012070BD2068806810F0010FEF
:102E5000EBD1002070BD70B504460068816801F0B8
:102E60000301012903D1016811F0010F23D1816809
:102E70006FF39E1181B9816841F00101816003F017
:102E800047F805462068006810F0010F13D103F0E1
:102E90003FF8401B022809D9206C40F01000206444
:102EA000606C40F001006064012070BD2068006823
:102EB00010F0010FEBD0002070BD70470000000043
:102EC0002DE9F04104462DED068B84B0006BFFF731
:102ED000EBFC9FED8F1B53EC112BFFF7DDFB9FED00
:102EE0008E1B53EC112BFFF7D7FBFFF765FD08EEA8
:102EF000100A8B4890ED000ADFED8A0A20EE200AC6
:102F0000DFED890A894D20EE200A85ED080AD4E913
:102F10000201FFF7A2FC00EE900A80EE880A10EE94
:102F2000100AFFF706FDCDE90001D4E90401FFF71F
:102F300094FC00EE900A80EE880A10EE100AFFF76B
:102F4000F8FCCDE902019DE88301FFF735FD064657
:102F500038464146FFF730FD0AEE100AD4E9080171
:102F600009EE906AFFF779FC00EE900A80EE880A7D
:102F700010EE100AFFF7DDFCCDE90001D4E90A01EB
:102F8000FFF76BFC00EE900A80EE880A10EE100A44
:102F9000FFF7CFFCCDE902019DE88301FFF70CFDAF
:102FA000064638464146FFF707FD08EE906A09EEEF
:102FB000100A95ED081A9FED5E8AB0EE690AF0EEF0
:102FC0004A0AF0EE481AF0EE40AA0FF01BFD10EE90
:102FD000100A10EE906AFFF7ACFC074688463046B0
:102FE000FFF7A7FCCDE900789DED000B51EC100B2D
:102FF000FFF7E2FC09EE900A95ED081AF0EE481A88
:10300000F0EE4A0AB0EE6A0A0FF0FCFC10EE100A6D
:1030100010EE906AFFF78DFC3046FFF78AFCCDE991
:1030200002019DED020B51EC100BFFF7C5FC29EEE0
:10303000A91A00EE100A00EE001A11EE100AFFF7AE
:1030400078FC41EC100B10F033FA9FED3BAB51ECE8
:10305000100B53EC1A2BFFF71FFBFFF7ADFCB0EE84
:10306000680A206095ED081AF0EE481AF0EE490A59
:10307000F0EE409A0FF0C6FC10EE100A10EE906AC7
:10308000FFF757FC074688463046FFF752FCCDE96C
:1030900000789DED000B51EC100BFFF78DFC08EE56
:1030A000900A95ED081AF0EE481AF0EE490AB0EED3
:1030B000690A0FF0A7FC10EE100A10EE905AFFF705
:1030C00038FC2846FFF735FCCDE902019DED020BE7
:1030D00051EC100BFFF770FC68EEA80A00EE100A26
:1030E00040EE000A10EE900AFFF723FC41EC100BB3
:1030F00010F0DEF953EC1A2B51EC100BFFF7CCFA61
:10310000FFF75AFCA06104B0BDEC068BBDE8F0816E
:1031100000000000C0FFDF40000000000000E03FB2
:103120009849002000007A4400008039A848002017
:10313000000000000000000000000000000000404F
:103140002DE9F04FA9482DED028B91B0416941F076
:1031500001014161416901F001010F91416941F0B3
:10316000020141614069002400F00200CDE90E40F7
:10317000DFF87CB20C940D940094019402940394B3
:1031800004944FF0A0400594CBF800004FF4803039
:10319000CBE90104CBF810408BF819408BF82040A4
:1031A0000126CBF81C6080114FF4707ACBF80C40EC
:1031B000CBE90AA08BF830604FF00408CBF81480FC
:1031C0008BF818405846CBF8344001F0C1FF062078
:1031D000CDE90C0400020E900CA9584601F06EFCDB
:1031E000F005CDE9066040F6CD70CDE9094032200A
:1031F0000B9008968DF8244006A9584601F00EFD64
:10320000002818BF01F04EFB03270096CDE90167A7
:10321000DFF8E091CDE9034699ED000AB6EE008AA9
:10322000694620EE080A7248BCEEC00A8DED050A18
:1032300001F0B0FD714D704828600002C5E901043D
:103240002C616C7685F82040EE61EC6085F83040AA
:10325000C5F814802C764FF480686C63C5E90AA821
:10326000284601F075FF4FF40000CDE9066040F6F6
:10327000CD700A9032200B9008978DF8244006A953
:10328000284601F0CBFC002818BF01F00BFB0320FF
:103290000097CDE90160CDE9034699ED000A694642
:1032A000564820EE080ABCEEC00A8DED050A01F072
:1032B00071FD4F4802F054F9504802F051F90021D5
:1032C0004B4801F0A9FB00214C4801F0A5FBDBF8BD
:1032D000001008200860296808604FF0A046B06818
:1032E00040F00500B060D6F8080140F00500C6F8CF
:1032F0000801444F42484FF44059C7E90004802078
:10330000C7E902404000386180004FF02008C7F84C
:103310001C90C7E90508384602F0B6FB3A48CBF8DE
:103320003870DFF8E8A0C7F824B04068CAF80C008D
:103330003748CAF810003748CAF81400374FDFF88A
:10334000D8B08020C7E900B4C7E902404000386126
:103350008000C7F81C90C7E90508384602F094FBC6
:103360002948AF637D620BF1040140680860091DC4
:103370002B480860091D2B480860F06820F0020007
:10338000F060F06840F00300F060D6F80C0120F027
:103390000200C6F80C01D6F80C0140F00300C6F894
:1033A0000C01DAF8080040F00200CAF80800DAF868
:1033B000080040F00400CAF80800DAF8080040F0FD
:1033C0000100CAF80800DBF8000040F00100CBF86B
:1033D0000000002211460B2002F048FE0B2002F0F4
:1033E00036FE11B0BDEC028BBDE8F08F001002403C
:1033F000C86800209C490020000100501869002086
:1034000008000240246C0020A04800200000024078
:1034100040000050E858002008040240686C00207A
:10342000400100505857002030B51F4885B0C16991
:1034300041F01001C161C0691D4C00F01000039003
:103440001A48206063200025C4E901051949256157
:10345000A56109686420B1FBF0F017496561A1FB23
:103460000010C0F38F10401EE060204604F038FAD0
:10347000009569462046029504F0E8F9204604F0DC
:10348000BFFA204604F0F4FA00221146362002F07A
:10349000EDFD362002F0DBFD2068C16841F001013E
:1034A000C16005B030BD00000010024000100040B7
:1034B000A87C0020884700201F85EB51FEE7000014
:1034C000042822DD124A202802D021280CD01CE03A
:1034D000CB78086863F31F60106008791071487931
:1034E00050718879907110E0107808701088000A87
:1034F00048701068000C88701068000EC870107951
:1035000008715079487190798871002070470000E7
:10351000704700200020704710B50022044905487C
:103520000DF07BFC044903480DF071FC002010BD38
:10353000E0770020D06D0020A077002070B50D4608
:10354000064601460A480DF062FC09480DF03FFCB2
:1035500028680024002808D9305D01210BF076F896
:10356000601C84B22868A042F6D8002070BD00001C
:10357000D06D00200A46094910B5D1F8B812D1F82B
:10358000141200291CBF012010BD014603480DF094
:1035900044FCBDE8104001480DF0A4BCD06D0020F3
:1035A000F0B49FED502ADFED501A00204F4E072750
:1035B0009FED4F4AC6F8C071306086ED894AF7EE3C
:1035C000003AC6ED8A3A86ED8B2AC6ED8D1A86ED55
:1035D0008C2A484AC6ED8E1A9FED470AD2E908C3E5
:1035E00006EB001101F5E2710428ACBFD6ED8A0AA2
:1035F000D6ED890AC1ED000A81ED010AC1E902C3D5
:10360000401C0628ECDBD2E90A54DFED3C4ADFED32
:103610003C5A9FED3C5ADFED3C2A0021C1EBC10032
:1036200000EB400006EBC000F0EE630A021DB0EEB6
:10363000601A002904BFF0EE440AB0EE641A05D007
:10364000012904BFF0EE650AB0EE451A5FF00000F4
:1036500002EB001311B1012941D00AE0022802DA7D
:10366000B0EE603A01E0B0EE413A02EB800C8CED36
:10367000183A052804BF0129C2ED1D2A02EB800C6F
:1036800000F101008CED1E2ACCED241A9CED183AB5
:10369000062883ED003A83ED010AC3E90254D7DB23
:1036A000491C0229BADB86ED6D5A86ED6E2AC6EDFD
:1036B0006F1AC6F8C07186ED8F0A86ED900A002059
:1036C00006EB0011D6ED6D0A401CC1ED550A81EDE7
:1036D000560AC1E957540628F2DBF0BC70470328AC
:1036E000C1DABDE70BAACA29687089309478002036
:1036F0000000C842304900200000000000007A4469
:1037000000401C460050C3478096184B0000000044
:103710002DE9F0432DED028B85B0B0EE408AF0EE3E
:10372000608AFCF7C1FF7C4ED6ED000AF8EE600A15
:10373000B4EE600AF1EE10FA1CBF0025774F13D0EB
:1037400007EBC524FCF7B0FFD4ED000AF8EE600AE1
:10375000B4EE600AF1EE10FA41D1210042D04FF4EC
:1037600011726D48FEF7CDFE6D486E4C007878B34F
:1037700018EE100A18EE905AFFF7DBF80746884655
:103780002846FFF7D6F8CDE90078CDE9020194ED9F
:10379000143B94ED122B9DED021B9DED000B0FF0E1
:1037A000E1F88DED000B8DED021B10EE100A10EE0E
:1037B000901A11EE107A11EE908AFFF7FDF8054687
:1037C00038464146FFF7F8F808EE105A08EE900A1E
:1037D000306800287CD05448007830B126E06D1C59
:1037E000072DADDBFFF7DCFEBEE7504D287850BB60
:1037F00018EE100A18EE907AFFF79BF8804689467B
:103800003846FFF796F8CDE90201CDE900899DED34
:10381000021B9DED000B0FF07FFB9FED451B51EC54
:10382000100B53EC112BFFF797F80CD205B0F0EE0C
:10383000680AB0EE480ABDEC028B06F5E270BDE8FE
:10384000F04300F0B1BA3C4901200A7882429CBFA3
:103850002A78052A2FD80878B0EE480AF0EE680AD0
:10386000C0EBC00000EB4000297806EBC000001D53
:10387000062930D229782A7800EB011100EB820268
:1038800092ED181A84ED041A2A7800EB8202D2ED28
:103890001E1AC4ED051A2A7800EB820090ED242A46
:1038A00084ED062AD1EC042A05B0BDEC028BBDE8FC
:1038B000F04300F0E5B80978814226D11F492A7803
:1038C000B0EE480AF0EE680A06F5AA70895600E0E4
:1038D0001BE0002908DA94ED080AD4ED090A05B0C6
:1038E000BDEC028BBDE8F08300EB011190ED1A2ACC
:1038F000D0ED191A90ED181AD1EC042A05B0BDECE0
:10390000028BBDE8F04300F0BBB8B0EE480AF0EE21
:10391000680AE4E7000000009478002000C0030873
:10392000084A00203049002020560020215600205F
:1039300000000000000059401F560020108D0108B3
:1039400030B5184B184903F11C0085B00A68D0F84F
:103950000010002453F82400B2FBF0F0884219D183
:10396000FF2C1BD000F0A2FF0020009001900F4818
:10397000694600EBC42002900120039001A802F0E8
:10398000D5F80098002808BF012500F08DFF05B08C
:10399000284630BD601CC4B2072CDBD305B0002024
:1039A00030BD000078780020E449002000C0030802
:1039B00070B5184B184903F11C0500200A682968E6
:1039C00053F820C0B2FBFCFC8C451CD1FF281ED054
:1039D000C60200F06BFF0024E01704EB907020F0AB
:1039E000030000234259301900F1006101F57031E4
:1039F000022002F00DF9241DB4F5117FECD300F084
:103A000053FF012070BD401CC0B20728D8D300204E
:103A100070BD000078780020E449002070B5FCF704
:103A200043FE1548D0ED000AF8EE600AB4EE600AD5
:103A3000F1EE10FA1ABF0025104E70BD06EBC5243A
:103A4000FCF732FED4ED000AF8EE600AB4EE600A2C
:103A5000F1EE10FA08D1210009D0BDE870404FF412
:103A600011720548FEF74DBD6D1C072DE6DBBDE864
:103A70007040FFF795BD00009478002000C0030857
:103A8000F0B52DED0E8B95B0F0EE638AB0EE449A52
:103A9000F0EE629AB0EE43CAF0EE42EAB0EE618A0E
:103AA000F0EE41DAF0EE40CAB0EE60DAFCF7FCFD71
:103AB000B54C10EE105A18EE100A84ED070AFEF706
:103AC00038FF41EC1A0B2846FEF733FF9FEDB0BBE1
:103AD00053EC1B2BFEF7E0FD53EC1A2BFEF7DCFD3D
:103AE00041EC100B53EC102B9FEDAB0B51EC100B7A
:103AF000FEF744FEFEF760FF0EEE100A9FEDA88A67
:103B00001EEE900A84ED0C8A84ED0DEAFEF711FF9B
:103B100041EC1A0B2846FEF70CFF53EC1B2BFEF76B
:103B2000BBFD53EC1A2BFEF7B7FDFEF745FF00EE89
:103B3000900A84ED0E8AC4ED0F0A3DEE880A78EEF5
:103B4000200AF0EE4E1AB0EE481A30EE08AA70EED7
:103B50008EAA0EF057FFF0EE6A1AB0EE4A1A0EF077
:103B600040FF84ED100AC4ED110A19EE900A1CEE14
:103B7000105AFEF7DEFE06460F462846FEF7D9FE2F
:103B8000CDE900679DED000B51EC100BFEF714FF23
:103B9000206018EE900A19EE105AFEF7CAFE06468B
:103BA0000F462846FEF7C5FECDE900679DED000BE8
:103BB00051EC100BFEF700FF6060D4E91006FEF731
:103BC000B8FE05460F463046FEF7B3FECDE9005776
:103BD0009DED000B51EC100BFEF7EEFEA0601CEE0D
:103BE000900A1DEE105AFEF7A4FE06460F46284620
:103BF000FEF79FFECDE900679DED000B51EC100B29
:103C0000FEF7DAFEF0EE491AB0EE681AF0EE4D0A51
:103C1000B0EE6C0AE0600EF0E4FE10EE100A10EE5A
:103C2000905AFEF786FE07460E462846FEF781FEAE
:103C3000334605460E46D4E916013A46FEF726FD00
:103C4000CDE90801D4E918012A463346FEF71EFDE6
:103C5000CDE90A011CEE900A1DEE105AFEF769FE2E
:103C600006460F462846FEF764FECDE90E0119EE22
:103C7000900A1CEE105ACDE90C67FEF75AFE064674
:103C80000F462846FEF755FECDE90201CDE9006753
:103C90009DED023B9DED002B94ED181B94ED160B52
:103CA0000EF0FEFD8DED040B8DED061B18EE900A57
:103CB00019EE105AFEF73DFE06460F462846FEF75F
:103CC00038FECDE90201CDE900679DED023B9DED97
:103CD000002B94ED181B94ED160B0EF0E1FD8DED0D
:103CE000100B8DED121BDDE9040110EE102A10EE11
:103CF000903AFEF7CBFCCDE90001DDE90601DDE9F4
:103D00001223FEF7C3FCCDE90201D4E91006FEF749
:103D100010FE04460D463046FEF70BFECDE90601C7
:103D2000CDE904459DED023B9DED002B9DED061B6D
:103D30009DED040B0EF016FE9DED0E3B9DED0C2B44
:103D40000EF010FE9DED0A3B9DED082B0EF0A8FD38
:103D50008DED000B8DED021B10EE100A10EE901A87
:103D600011EE105A11EE906AFEF726FE0446284620
:103D70003146FEF721FE15B000EE104ABDEC0E8B69
:103D800000EE900AF0BD0000304900200000000065
:103D9000182D4454FB211940000000000000F03FA2
:103DA00000000000000000002DE9F04305462DED65
:103DB000088B85B0F0EE408AB0EE60AA8B488A4945
:103DC00002788B4C89560029BFBF94ED080AD4EDC8
:103DD000090A05B0BDEC088BB8BFBDE8F08305EB60
:103DE0000116017804292CBF95ED190A95ED180AE2
:103DF00084ED040A017804292CBF95ED1B0A95ED8A
:103E00001A0A84ED050A007804282CBF95ED1D0AD6
:103E100095ED1C0A84ED060AFCF746FC84ED070AC2
:103E200010EE107A6069FEF784FD41EC1B0B3846FA
:103E3000FEF77FFD9FED709B53EC192BFEF72CFCDA
:103E400053EC1B2BFEF728FC41EC100B53EC102B12
:103E50009FED6B0B51EC100BFEF790FCFEF7ACFDE9
:103E60000AEE900A9FED688A84ED0C8AC4ED0DAAD3
:103E7000A069FEF75EFD41EC1B0B3846FEF759FDCD
:103E800053EC192BFEF708FC53EC1B2BFEF704FC3C
:103E9000FEF792FD00EE900A84ED0E8AC4ED0F0A43
:103EA00094ED040A78EE200AF0EE6A1A30EE080A61
:103EB000B0EE481A70EEAABA30EE08BA0EF0A2FDC3
:103EC000F0EE6B1AB0EE4B1A0EF08BFD84ED100A7B
:103ED000C4ED110AD6E90008FEF72BFD0746894616
:103EE0004046FEF726FDCDE900799DED000B51EC33
:103EF000100BFEF761FD2060D6E90209FEF719FDFF
:103F0000074688464846FEF714FDCDE900789DED4A
:103F1000000B51EC100BFEF74FFD6060D4E9100967
:103F2000FEF707FD074688464846FEF702FDCDE945
:103F300000789DED000B51EC100BFEF73DFDA060ED
:103F400018EE900A1AEE107AFEF7F3FC80468946C6
:103F50003846FEF7EEFCCDE900899DED000B51ECF3
:103F6000100BFEF729FDE060E86FA061FEF7E1FCB1
:103F700041EC1B0BE069FEF7DCFC53EC192BFEF760
:103F80008BFB53EC1B2BFEF787FBFEF715FD00EEBA
:103F9000900A84ED0E8AC4ED0F0A96ED031A96ED91
:103FA000020AD6ED011A71EE600A30EE480A96ED6B
:103FB000001A71EEE01A31EE401A38EEC00A7AEEBD
:103FC000600A0EF00EFDF0EE601AB0EE401AD4ED6D
:103FD000110A94ED100A05B0BDEC088BBDE8F04362
:103FE0000EF010BD00000000108D010820560020CA
:103FF0003049002000000000182D4454FB211940D6
:10400000000000000000F03F0000000070470000CA
:10401000014801F0D2BC0000046D0020014801F00D
:10402000CCBC0000486D0020014801F0C6BC000077
:104030008C6D0020014801F0C0BC0000686C0020BD
:10404000014801F0BABC0000C06C002010B5424825
:10405000424C84B0007838B114230A21042201288C
:1040600018D0022828D039E03D48A06147F23050EE
:10407000E06140F6B83020624FF4967060623C20F8
:10408000A0621E20E0620F2020630C2060630620E7
:10409000A06323E03348A06144F62060E0614FF460
:1040A000FA602062C82060622820C4E90A03082060
:1040B000A263C4E90C1011E04CF25030A06142F24E
:1040C0001070E0614FF47A7020626420C4E9090343
:1040D0000520C4E90B100220C4E90D202248A16983
:1040E0000160E1694160216A8160616AC160A16A21
:1040F0000161E16A4161216B8161FCF7F6FA1C49BB
:104100001A480860084601F06EFB002818BF00F04E
:10411000C9FB242000900020024601906946144803
:1041200001F03AFB002818BF00F0BCFB002110484A
:1041300001F0C8FB0022238811460D4801F0B2FBB4
:104140002388002210210A4801F0ACFB40F2936062
:10415000E080608004B010BD57460020A8490020D0
:10416000F0490200A0860100787800200074004029
:10417000AC6C00200148406970470000A84900204D
:1041800070470000134A124912884A80124A128866
:104190008A8080B1012819D11004000C4EF6EE621D
:1041A00002D0498821B10DE0488890420CD10DE041
:1041B00090420BD108E04888002808BF70471004DF
:1041C000000C01D0AB2070474020704700207047A2
:1041D00024570020007003080078030810B584B04D
:1041E00000200390154C00900121CDE901412046AB
:1041F00000F066FA38B903A9684601F097FC002878
:104200001CBF04B010BD002213462146012001F05E
:10421000FFFC00281CBF04B010BD0948019000F04D
:104220004FFA38B903A9684601F080FC00281CBF8A
:1042300004B010BD002004B010BD000000700308E1
:10424000007803082DE9F04F85B0DF4F0024039478
:104250003A88661EDD4D288801210094CDE9017160
:10426000DFF86C83DFF86CE34FF6FF7A002A00F08A
:10427000F480A2F6EE62B2F5604243D0A2F5885116
:1042800011390AD0FFF7AAFF00281CBF05B0BDE80E
:10429000F08F002005B0BDE8F08F78B1A0F56E4139
:1042A000EE3906D0FFF79AFF0028F2D005B0BDE83E
:1042B000F08F384600F004FAC0B90EE0384600F03E
:1042C000FFF90028E5D103A9684601F02FFC00287A
:1042D0001CBF05B0BDE8F08FDBE703A9684601F01D
:1042E00025FC00281CBF05B0BDE8F08F0022134656
:1042F0002946012001F08CFC00281CBF05B0BDE858
:10430000F08FC6E7002808BFF24608D050457DD19F
:104310002846019500F0D4F9002878D180E0F8888B
:1043200038F81450A84208BF26B2B44251D0002039
:10433000FFF728FFAB281FD0A74907EBC02201EBEE
:10434000C020911C814238BFB2F1004F80F027811C
:10435000121A521ED31702EB93720121921052428D
:104360008A4236DB0388AB421CBF001F491CF7D1D1
:1043700030F8021C9748018038F814B0BAF8009061
:104380000120FFF7FFFEAB2804BF05B0BDE8F08FAA
:1043900007EBC025914901EBC020854274D2296802
:1043A000B1F1FF3F03D02D1D8542F8D3BDE04A4651
:1043B00000232946012001F02BFC28B95A4600238E
:1043C000A91C012001F024FC00281CBF05B0BDE899
:1043D000F08F601C84B21E2CA1D3002213463946F4
:1043E000012001F015FC00281CBF05B0BDE8F08FCE
:1043F0000020009075480121CDE9010100F060F92D
:1044000000287FF446AF03A9684601E01DE010E0F4
:1044100001F08CFB00281CBF05B0BDE8F08F38E729
:1044200003A9684601F082FB00281CBF05B0BDE867
:10443000F08F002213463946012001F0E9FB0028E5
:104440001CBF05B0BDE8F08F23E7FFF7C7FE0028CB
:104450003FF41FAF05B0BDE8F08FB0B1504518BFB5
:10446000DFF87CA119D12846019500F029F9002830
:104470007FF40FAF03A9684601F058FB00281CBF6A
:1044800005B0BDE8F08F04E74FE0FFF7A7FE002876
:104490001CBF05B0BDE8F08FFBE6BAF8000038F8A5
:1044A0001450A84208BF26B2B44254D00020FFF7EF
:1044B00069FEAB281ED0484907EBC02201EBC020A3
:1044C000911C814238BFB2F1004F74D2121A521EB1
:1044D000D31702EB93720121921052428A423ADBC7
:1044E0000388AB421CBF001F491CF7D130F8021CE7
:1044F00038480180374838F814B0B0F800900120EF
:10450000FFF740FEAB2804BF05B0BDE8F08F07EB16
:10451000C025324901EBC020854206D22968B1F19D
:10452000FF3F06D02D1D8542F8D305B08020BDE8A1
:10453000F08F4A4600232946012001F069FB28B983
:104540005A460023A91C012001F062FB00281CBF71
:1045500005B0BDE8F08F601C84B21E2C9DD30022F4
:1045600013461A49012001F053FB00281CBF05B077
:10457000BDE8F08F002000900121CDE9017138469F
:1045800000F09EF800287FF484AE03A9684601F08D
:10459000CDFA00283FF47DAE05B0BDE8F08F814232
:1045A000BFF417AF0288AA423FF4E2AE001F884270
:1045B000F8D80EE7FFE78142CDD20288AA4295D013
:1045C000001F8842F9D8C6E7007003080078030886
:1045D0003E8C010824570020FE770308FF7703086C
:1045E000067803082DE9F04104460E4601251A4FCE
:1045F0000020FFF7C7FDAB2808BFBDE8F08107EB3F
:10460000C023164901EBC022981C904238BFB3F179
:10461000004F18D2981A411EC81701EB90708010F5
:104620004FF0010C404260450ADB1188A1421CBFDB
:10463000121F0CF1010CF6D132F8020C308000256B
:104640002846BDE8F0819042FAD21188A142F3D009
:10465000121F8242F9D8F3E700700308FE770308BF
:1046600070B506460D46144C0120FFF78BFDAB28B4
:1046700008BF70BD04EBC024104901EBC020844288
:1046800006D22168B1F1FF3F04D0241D8442F8D343
:10469000802070BD2A4600232146012001F0B8FA8F
:1046A000002818BF70BD3246A11CBDE87040002331
:1046B000012001F0ADBA000000700308FF77030885
:1046C000144B10B401214FF6FF72984238BFB0F17D
:1046D000004F14D2104C0123A4EB000C4FEAEC74F1
:1046E0000CEB947CB3EBAC0F06DC0488944204BF63
:1046F000001D5B1CF6D0002110BC08467047074B1C
:104700009842F9D8B0F800C09445F4D1001D984201
:10471000F8D9F1E7FF7F030802800308FE7F030852
:104720002DE9F04F85B089468046FFF799FF802834
:104730001CBF05B0BDE8F08F544F002528460097F8
:104740000495FFF71FFD524E4FF0AB0A402808D0EA
:10475000002807BF00963E46504605B018BFBDE88A
:10476000F08F4EF6EE6200230120009901F050FA1E
:1047700000281CBF05B0BDE8F08F49464046FFF752
:104780006FFF00280EBFDFF80C9105B0BDE8F08F79
:1047900039F81540444554D00020FFF7F3FCAB280E
:1047A0001ED03D4907EBC02201EBC021901C88427E
:1047B00038BFB2F1004F5FD2521A531EDA1703EB23
:1047C000927201209210524282423ADB0B88A3423D
:1047D0001CBF401C091FF7D131F8021C2F48018073
:1047E0002E4839F815B0B0F800A00120FFF7CAFC38
:1047F000AB2804BF05B0BDE8F08F07EBC024284903
:1048000001EBC020844206D22168B1F1FF3F06D0FF
:10481000241D8442F8D305B08020BDE8F08F5246B5
:1048200000232146012001F0F3F928B95A4600235C
:10483000A11C012001F0ECF900281CBF05B0BDE867
:10484000F08F681C85B21E2DA2D30020CDE9010691
:104850000120039004A901A801F068F900281CBFF9
:1048600005B0BDE8F08F002213460120009901F049
:10487000CFF905B0BDE8F08F921C8A42E1D20888DA
:10488000A042A9D0091F9142F9D8DAE700700308C5
:10489000007803083E8C0108FE77030824570020A7
:1048A000FF77030872B6FEE701F0A8B901F0F6B988
:1048B00070B5054601F02CFB1D4C0646E06810F073
:1048C000010F0ED0B5F1FF3F07D025B101F020FB5D
:1048D000801BA84201D9032070BDE06810F0010FD1
:1048E000F0D1E06810F0200F1CBF2020E060E068ED
:1048F00010F0100F02BFE06810F0040070BD00213E
:10490000E06810F0100F0B4804D0C16941F00201BB
:10491000C1611021E26812F0040F05D0C26942F0B3
:104920000102C26141F00401E160012070BD00009C
:104930000020024020780020F0B4144C4FF0000C0E
:10494000A67E002E88BF256B1DD900BF0CEB4C0442
:1049500005EB44042778874201BF67788F42A4782B
:1049600094420AD10A4800EBCC00D0E90010C3E918
:104970000010F0BC4FF0010070470CF1010C0CF07E
:10498000FF0CB445E2D3F0BC00207047F84A002089
:104990001C7B002000487047947800201648B7EE32
:1049A000000A006A002810DD10F0010FF2EE040A80
:1049B00018BFB0EE600A401008BF704720EE200A12
:1049C000401E20EE200AF9D1704741420029D8BF8D
:1049D000704710F0010FDFED090A18BFB0EE600A52
:1049E000481008BF704700BF20EE200A401E20EE8E
:1049F000200AF9D170470000EC550020CDCCCC3D09
:104A00000149085670470000108D01080148408D8B
:104A100070470000A05600202DE9F041044690F8B0
:104A20003C000D46012804BF0220BDE8F0814FF094
:104A3000010884F83C802046FEF7D7F906004FF0C5
:104A4000000736D1C4F840802068816821F0804199
:104A50008160012D04D12068816841F0804181602E
:104A60002068816841F00041816001F051FA0546FB
:104A70002068806810F0004F15D000BF01F048FAA0
:104A8000401B0A280AD9206C20F0020040F01000D8
:104A9000206484F83C700120BDE8F08120688068C3
:104AA00010F0004FEAD1206C20F0020040F001002D
:104AB000206484F83C703046BDE8F08170B4002377
:104AC0000268DFF844C195B01E46B2F1A04F08BF9E
:104AD000CDF800C013D0624504BF4FF0A04400944D
:104AE0000DD04A4C4A4DA24208BF009507D0AA42B9
:104AF0000FBF0094012015B070BC18BF704790F82C
:104B00003C40012C01BF022015B070BC704701244D
:104B100080F83C40946814F0040F04D1009CA46811
:104B200014F0040F0AD0016C41F02001016401234C
:104B300080F83C6015B0184670BC7047B2F1A04FC9
:104B40001ABF6245334A344AD1F800C0BCF1000FA5
:104B500037D0D2F808C090F830402CF4604C4CEAC2
:104B6000443C4C684CEA040CC2F808C0D0F800C0C1
:104B7000DCF8084004F00304012C04D1DCF800C088
:104B80001CF0010FD4D1DDF800C0DCF808C00CF037
:104B9000030CBCF1010F06D1DDF800C0DCF800C049
:104BA0001CF0010FC4D1D1F800C089684CEA0101A2
:104BB000D2F808C02CF01F0C2CF4706C41EA0C01E8
:104BC0001FE0916821F4604191600168D1F808C04C
:104BD0000CF0030CBCF1010F03D1096811F0010FB7
:104BE000A6D10099896801F00301012904D1009937
:104BF000096811F0010F9BD1916821F01F0121F488
:104C00007061916094E700000001005000040050C2
:104C100000050050000700500003005090F83C20B1
:104C20004FF0000C012A04BF022070472DE9F0016B
:104C3000012480F83C400268936813F00C0F0BD0FD
:104C4000016C41F020010164A446002180F83C1071
:104C5000BDE8F001604670470E68D368012E36D07B
:104C6000182535EA03030B694FF0040708BF9B00C2
:104C700009D0D2F80C80C8F3C108C8F1000807EBCE
:104C8000480823FA08F3D2F80C8035EA08054D6984
:104C900008BFAD0008D0D2F80C80C8F3C108C8F135
:104CA000000807EB4807FD40022E4E683BD0002E5F
:104CB00057D0966A45EA034306F0FF2633439362D2
:104CC0000268D2F8A4300D7AAC40234352E023F0BE
:104CD00077530C7A23F0804343EA84634C68234380
:104CE000D36002680B8AD468D568C4F3C104640039
:104CF000A3404C69C5F3C1056D00AC40156A44EA98
:104D0000034305F0F0252B431362036880221A60E9
:104D1000097B012901684A6814BF22F0800242F031
:104D200080024A6091E76EB1566A45EA034306F095
:104D3000FF26334353620268D2F8A0300D7AAC40AC
:104D4000234308E0536A03F0FF2353620268D2F85A
:104D5000A0306FF31203C2F8A0304FF480731A46EC
:104D60000DE0936A03F0FF2393620268D2F8A43047
:104D70006FF31203C2F8A4304FF400731A460468AC
:104D80002360097B012901684B680CBF1A4323EAA1
:104D90000202C6E72DE9F00199B04FF0000CCDF802
:104DA00008C090F83C206446012A01BF022019B0D7
:104DB000BDE8F0017047012780F83C7002689368F5
:104DC00013F0040F40F05D814B681F25052B0CD2BA
:104DD000166B03EB43035B009D4026EA05050E6856
:104DE00006FA03F32B4313632CE00A2B0DD2566B08
:104DF0005B1F03EB43035B009D4026EA05050E683D
:104E000006FA03F32B4353631CE00F2B0DD2966B72
:104E10000A3B03EB43035B009D4026EA05050E6851
:104E200006FA03F32B4393630CE0D66B0F3B03EBC3
:104E300043035B009D4026EA05050E6806FA03F36E
:104E40002B43D363026893684FF0070513F00C0FF0
:104E500064D10B680A2B0ED396690A3B03EB43031C
:104E600005FA03F826EA0806D1F8088008FA03F3E1
:104E7000334393610CE0566903EB430305FA03F8EF
:104E800026EA0806D1F8088008FA03F33343536191
:104E900002684B69D668D1F81080C6F3C106760067
:104EA000B340A14EB8F1010F3FD0B8F1020F49D085
:104EB000B8F1030F53D0B8F1040F5DD0136E0E7824
:104EC00003F0F843B3EB866F03D1136E23F0004376
:104ED00013660268536E0E7803F0F843B3EB866FE7
:104EE00003D1536E23F0004353660268936E0E782D
:104EF00003F0F843B3EB866F03D1936E23F00043C6
:104F000093660268D36E0E7803F0F843B3EB866FB6
:104F100004BFD36E23F0004300D1D36602689368C8
:104F200003F00303012B37D132E0D2F8608008EAA6
:104F3000060691F8008043EA8863334343F0004358
:104F40001366EBE7D2F8648008EA060691F8008061
:104F500043EA8863334343F000435366DEE7D2F805
:104F6000688008EA060691F8008043EA88633343C4
:104F700043F000439366D1E7D2F86C8008EA060656
:104F800091F8008043EA8863334343F00043C4E769
:104F9000136813F0010F7AD1CB68012BD2F8B0302F
:104FA00006D00D7807FA05F5AB43C2F8B03022E021
:104FB0000E7807FA06F63343C2F8B0300A68036881
:104FC0000A2A0CD39E69093A02EB4202954026EA6E
:104FD00005058E6806FA02F22A439A610BE05E69C3
:104FE000521C02EB4202954026EA05058E6806FA3D
:104FF00002F22A435A6103684C4DB3F1A04F16BF29
:10500000AB424B4A4B4A0968102908D011290BD0F2
:10501000122904BF966816F4800F09D037E096680D
:1050200016F4000F33D103E0966816F0807F2ED17E
:10503000B3F1A04F0FD0AB4204BF4FF0A045049591
:105040000AD03D4D3D4EAB4208BF049604D0B3425A
:1050500018BF049400D104959D6805F00305012D47
:1050600003D11D6815F0010F0BD1049DB5B1AD68DA
:1050700005F00305012D11D1049D2D6815F0010FD8
:105080000CD0016C41F0200101644FF0010C80F85C
:105090003C4019B06046BDE8F0017047102909D0C6
:1050A000112933D0122904BF916841F48001EED157
:1050B0009160ECE7B3F1A04FE9D1916841F40001B0
:1050C00091601F491F4A0968B1FBF2F101EB8101B0
:1050D000490002910091DAD0B1F1004F1ED20029AF
:1050E000D8BF002105DD11F0010102D0029A521E45
:1050F0000292009A491C521C9142C8DA029B891CF8
:105100005B1E5B1E02939142F8DBC0E7B3F1A04F38
:1051100004BF916841F08071B9D1C9E70299491E75
:105120000291FCD1B3E7000000F0FF8300010050C2
:10513000000300500007005000040050000500501C
:105140008847002040420F000068006C7047000054
:1051500070B596B04FF0000604003546029602BFC7
:10516000012016B070BD206C10F0100F206C03D021
:1051700010F0100F69D06DE000284BD16564E56434
:10518000A56484F83C50204600F03CF92068806813
:1051900010F0805F3ED12046FDF727FE0646206CCA
:1051A00010F0100F08BF002E34D1206C20F488506E
:1051B00040F0020020642068816821F04051816045
:1051C0002068816841F08051816085488549006888
:1051D000B0FBF1F000EB800040000290009019D08D
:1051E000B0F1004F80F0F6800028D8BF002005DD28
:1051F00010F0010002D00299491E02910099401C52
:10520000491C884206DA029A801C521E521E0292E3
:105210008842F8DB2068816811F0805F03D08068E5
:1052200010F0005F0BD0206C20F0020040F0100066
:105230002064606C40F001006064206C0AE0206C27
:1052400010F0100F08BF002E04D12068816811F003
:10525000040F0AD0206C20F0020040F010002064FF
:105260004FF0010616B0304670BD216C21F48071FC
:1052700041F002012164DFF870C1B0F1A04F1ABF04
:1052800060455A495A495B4B5B4AB0F1A04F08BF91
:10529000CDF808C00ED0604504BF4FF0A04CCDF84B
:1052A00008C007D0904208BF029303D098420CBFB9
:1052B00002920295D0F808C00CF0030CBCF1010F6B
:1052C00003D1006810F0010F13D1029848B1806833
:1052D00000F00300012804D10298006810F0010FCB
:1052E00007D18868D4F804C020F4403040EA0C00AC
:1052F0008860D4E902100843616B012914BF4FF4A0
:10530000805C4FF0000C617E4CEA413C40EA0C00AE
:1053100094F820C0BCF1010F0AD161B3216C21F0D7
:10532000020141F020012164616C41F001016164DE
:10533000A16A012919D0D4F800C0944518BF9C4532
:1053400010D1B1F5307F08BF4FF4E0710AD0B1F54C
:10535000807F08BF4FF4307104D0B1F5E07F08BF03
:105360004FF480710843E16A084321688A6812F0AB
:105370000C0F16D108E0A18CDFF880C00CEB414186
:10538000084340F48030D3E7CA6822F0020222F4D6
:105390008042CA60217E94F83020890341EA4201AC
:1053A00008432168CA68164B1A401043C860206938
:1053B00001282068016B21F00F0102D1E269521E21
:1053C000114301636564206C20F0020040F001008D
:1053D000206447E70298401E0290FCD11AE70000C3
:1053E0008847002040420F00000100500007005095
:1053F0000003005000050050000400500000FEFFB4
:1054000007C0F0FF2DE9F04F87B000244D4A00940B
:1054100001940294039404940546D0F800C01068E7
:105420008026032377004849401C4FF480684FF0E2
:1054300020094FF4005ABCF1A04F2BD0ACF1A04B87
:10544000BBF5807B22D0ACF1A040B0F5A0601CBFC2
:1054500007B0BDE8F08F486940F0005048614869E6
:1054600000F000500590486940F480204861486988
:10547000694600F4802005904FF48040CDE9000398
:10548000324800F023FC07B0BDE8F08F106001281F
:1054900037D12EE01060012807D1486940F08050D4
:1054A0004861486900F080500590486940F4003038
:1054B00048614869694600F4003005900120CDE953
:1054C00000034FF0904000F001FCDFF888B0204866
:1054D000EBE802041F488BE8D007ABF1080B00F0A3
:1054E000D3FA60BBC5F838B0CBF8245007B0BDE89C
:1054F000F08F486940F080504861486900F0805062
:105500000590486940F4003048614869694600F4F4
:10551000003005904020CDE900034FF0904000F0AE
:10552000D5FBDFF838B00C48EBE802040B488BE8F9
:10553000D007ABF1080B00F0A7FA0028D2D0FFF794
:10554000B1F9CFE77847002000100240000400487E
:1055500008000240246C002008040240686C00200F
:105560002DE9F04104460068806810F0040F18BF70
:105570004FF0020C02D06046BDE8F08194F83C0088
:10558000012804BF0220BDE8F081012084F83C001E
:105590002046FDF760FC5FEA000C4FF0000518BFE5
:1055A00084F83C50E7D1206C20F0010020F46060CA
:1055B00040F48070206420683349344B4FF0A0429F
:1055C000B0F1A04F1ABF88421E68D2F8086316F0E7
:1055D0001F0F2F4E1CBFB0F1A04FB04246D1276C19
:1055E00027F480172764C76817F0007F05D0276C61
:1055F00027F4005747F480572764276C17F4805F1F
:1056000008BF656403D0676C27F00607676484F8F9
:105610003C504FF01C0505602068B0F1A04F16BF4C
:105620008842D2F808431C6814F01F0F19D0B0F15B
:10563000A04F16BF8842D2F808431C6804F01F042C
:10564000052C0ED0B0F1A04F16BF8842D2F8081337
:10565000196801F01F0109291CBFB0F1A04FB04229
:1056600089D1816841F00401816084E7276C47F4A7
:105670008017276488420EBFD768064F3F6817F02F
:10568000007FBAD0B3E700000001005008070050C7
:10569000000400500C04005030B4054600201E23C6
:1056A0004FF0010C01E05B1E05D303F01F040CFA60
:1056B00004F40C42F7D07AB1082A0BD0102A06D095
:1056C000182A01D1072B07D330BC01207047082BC3
:1056D000FAD201E0102BF7D22B68596129688B6848
:1056E00023F018031A438A6030BC7047002804BFB7
:1056F0000120704710B50446407F20B90020207774
:10570000204600F033F802206077207948B1D4E9D0
:1057100002122046FFF7C0FF002818BF012008D062
:1057200010BD2168104848612068816821F0180187
:105730008160607900280CBF4FF0FF30206921683C
:10574000086120688168626921F06001114381600D
:1057500020688168A26921F08001114381600120E5
:105760006077002010BD0000B71DC104006881B043
:10577000A0F18041B1F50C311CBF01B07047054864
:10578000416941F040014161406900F040000090F2
:1057900001B07047001002404379012B04BF022082
:1057A000704730B44FF0010C80F805C0022303713C
:1057B00003681C6840F6FE759540AC43D1E9005182
:1057C000294391402143196001680B68C02404FA01
:1057D00002F223EA02020A6080F804C0002141714B
:1057E00030BC08467047002804BF0120704770B5E0
:1057F00004460079002518B96571204600F008F8C4
:1058000002202071256101202071002070BD000060
:10581000F0B587B0002605460096019602960396DD
:1058200004960068A0F18041B1F5E8411CBF07B0C3
:10583000F0BD1949C86940F00050C861C86900F05E
:1058400000500590486940F40030486148691027CD
:1058500000F4003005900320CDE9007069464FF058
:10586000904000F033FA0E4C0C48C4E90007802049
:10587000C4E9026040002061800060612020C4E92A
:105880000606204600F000F9002818BFFFF70AF8C6
:10589000AC60656207B0F0BD001002403004024009
:1058A000C06C002081B0D0F800C0CDF800C0006806
:1058B000002910440CBF0830143000900360002011
:1058C00001B070474279012A04BF0220704710B42A
:1058D00001224271022303710368D3F800C002FA67
:1058E00001F44CEA040CC3F800C0002901680B68FD
:1058F00009D04FF4701C3CEA030304BF4B6843F02B
:10590000020309D009E04FF03C0C3CEA030304BF5A
:105910004B6843F0010300D14B60027100214171DB
:1059200010BC0846704790F821200021022A05D0BB
:105930000422826380F820100120704702681368F7
:1059400023F00E0313600268136823F00103136051
:1059500090F84030D0F83CC0012202FA03F3CCF8B2
:10596000043080F8212080F820100020704710B506
:1059700090F821100024022903D00421816301241E
:1059800019E001680A6822F00E020A6001680A68DC
:1059900022F001020A6090F84020C36B012101FA55
:1059A00002F25A6080F82110002180F82010416B2B
:1059B000002918BF8847204610BDF0B4C16BD1F84C
:1059C00000C001680B68046C042202FA04F515EAB1
:1059D0000C0F18BF13F0040F12D00B6813F0200F38
:1059E00003D10B6823F004030B6090F8401002FA17
:1059F00001F1C26B5160C16A002942D1F0BC70470D
:105A0000022606FA04F212EA0C0F4FF000054FF0DE
:105A1000010218BF13F0020F15D00B6813F0200F0E
:105A200005D10B6823F00A030B6080F8212090F861
:105A30004010C26B06FA01F1516080F82050816A73
:105A4000F9B9F0BC7047082606FA04F414EA0C0F02
:105A500012BF13F0080FF0BC70470B6823F00E0361
:105A60000B6090F84010C36B02FA01F15960826339
:105A700080F8212080F82050016B002904BFF0BC81
:105A80007047F0BC08470000002804BF01207047A1
:105A900010B4022180F8211002681168D0E9013C9D
:105AA00043EA0C03D0E903C44CEA040C43EA0C03B8
:105AB000D0F814C06FF30D1143EA0C03D0F818C0EE
:105AC00043EA0C03D0F81CC043EA0C0319431160ED
:105AD000104B0168104A994208D2104B1944A2FB9E
:105AE00001210909890001640D4907E00D4B1944A2
:105AF000A2FB01210909890001640B49C16300214E
:105B00008163012280F8212080F8201010BC084613
:105B10007047000008040240CDCCCCCCF8FFFDBF9C
:105B200000000240F8FBFDBF000402402DE9F047F1
:105B3000304F06468A46387E4FF00108012804BFE0
:105B40000220BDE8F0870120387630682A4D012810
:105B50004FF000094CF2503003D0FEF7A9FEC0B15F
:105B600043E0FEF7A5FE00283FD1C7F81C90286946
:105B700040F004002861286940F0400028614CF2A0
:105B80005030FEF795FE8046286920F00400286119
:105B90002BE04FF0FF30CAF80000D6E9014004EBDB
:105BA000C020A04221D900BFC7F81C90286940F04E
:105BB000020028616C61286940F0400028614CF2C5
:105BC0005030FEF775FE5FEA0008286920F00200F9
:105BD000286102D0CAF8004007E0D6E9010100EBD5
:105BE000C12004F50064A042DED887F81890404632
:105BF000BDE8F087207800200020024003480169BA
:105C000041F0800101610020704700000020024047
:105C10002DE9F05F1F4E05460024307E174698465A
:105C20008B46012804BF0220BDE8F09F012030769A
:105C30004CF25030FEF73CFE40BB012D08BF4FF048
:105C4000010905D0022D0CBF4FF002094FF00409E5
:105C5000114D00BF0BEB440A220138464146FCF7C8
:105C60002EFC0021F161296941F001012961AAF8A6
:105C700000004CF25030FEF71BFE296921F00101B3
:105C8000296118B9611CCCB24C45E3D300213176AF
:105C9000BDE8F09F20780020002002400849002045
:105CA0000A6912F0800F08BF7047064A4A60064A28
:105CB0004A60096911F0800F18BF01207047000089
:105CC0000020024023016745AB89EFCD0B6800221D
:105CD000002B08BF70472DE9F84F01260325824CA1
:105CE0000F2700BF0B6806FA02F813EA080300F05A
:105CF000F480D1F804C0BCF1010F18BFBCF1020F51
:105D000005D0BCF1110F18BFBCF1120F1DD1D0F896
:105D100008904FEA420C05FA0CFA29EA0A09D1F870
:105D20000CA00AFA0CFC4CEA090CC0F808C0D0F828
:105D300004C02CEA080C91F80480C8F3001808FA93
:105D400002F848EA0C0CC0F804C0D0F80C904FEAF6
:105D5000420CD1F808A005FA0CF829EA08090AFA59
:105D60000CFA4AEA0909C0F80C90D1F80490B9F18C
:105D7000020F18BFB9F1120F15D14FEAD20900EB8B
:105D8000890ADAF820B04FEA42794FEAD96907FA6E
:105D900009FE2BEA0E0BD1F810E00EFA09F949EAD8
:105DA0000B09CAF82090D0F8009029EA080891F869
:105DB000049009F0030909FA0CFC4CEA080CC0F83D
:105DC00000C0D1F804C01CF0805F7CD0D4F818C0AB
:105DD0004CF0010CC4F818C0D4F818C00CF0010C39
:105DE000CDF800C022F0030C0CF1804909F5803990
:105DF000D9F808C04FEA82784FEA187807FA08FA0B
:105E00002CEA0A0CB0F1904F08BF4FF0000A20D0E6
:105E1000A0F1904ABAF5806A08BF4FF0010A18D085
:105E2000A0F1904ABAF5006A08BF4FF0020A10D0FC
:105E3000A0F1904ABAF5406A08BF4FF0030A08D0B3
:105E4000A0F1904ABAF5805A0CBF4FF0040A4FF007
:105E5000050A0AFA08F848EA0C0CC9F808C0DFF885
:105E60008C80D8F800C0D1F804902CEA030C19F407
:105E7000803F18BF4CEA030CC8F800C0DFF8708000
:105E8000D8F800C0D1F804902CEA030C19F4003FB4
:105E900018BF4CEA030CC8F800C0DFF85880D8F8E7
:105EA00000C0D1F804902CEA030C19F4801F18BF2D
:105EB0004CEA030CC8F800C0DFF83C80D8F800C0FA
:105EC0002CEA030C00E008E0D1F8049019F4001F5C
:105ED00018BF4CEA030CC8F800C00B68521CD34032
:105EE0007FF400AFBDE8F88F0010024000040140CD
:105EF00004040140080401400C040140006908400A
:105F000018BF01207047002A14BF81618162704769
:105F100001488068704700007C470020002804BFCB
:105F20000120704770B504464CF6CC4021680860EB
:105F3000216845F255500860D4E9000141602168AC
:105F4000A0688860FFF7E4FF05462068C06850B18C
:105F5000FFF7DEFF401B262801D9032070BD206813
:105F6000C0680028F4D120680269E1688A4212BF43
:105F700001614AF6AA210160002070BD00684AF65E
:105F8000AA2101600020704702488168027811440C
:105F9000816070477C470020074810B5016841F0D8
:105FA00010010160032000F093F8012000F006F8D2
:105FB00000F024F8002010BD0020024070B50D4D07
:105FC00004464FF47A712878B1FBF0F00A49096869
:105FD000B1FBF0F001F0DCFB48B9102C07D2002235
:105FE0002146501E00F042F800206C6070BD012078
:105FF00070BD00007C47002088470020094881B020
:10600000816941F001018161816901F00101009123
:10601000C16941F08051C161C06900F080500090B9
:1060200001B07047001002400028B8BF704700F070
:106030001F01012202FA01F14009800000F1E02075
:10604000C0F88011BFF34F8FBFF36F8F70470028E8
:10605000B8BF704700F01F01012202FA01F14009A8
:10606000800000F1E020C0F800117047174B10B419
:106070001B68C3F30223C3F1070CBCF1040F88BFF4
:106080004FF0040C1C1D072C34BF0023DB1E012421
:1060900004FA0CFCACF1010C0CEA0101994004FA81
:1060A00003F35B1E1A40114300284FEA0111A1BF00
:1060B00000F1E02080F8001410BC704700F00F00E1
:1060C00000F1E02080F8141D10BC70470CED00E0DA
:1060D000074900F007000A684FF6FF031A4042EA3A
:1060E000002040F0FD7040F08060086070470000C4
:1060F0000CED00E011F0800F18BF01F0070101EB7B
:10610000810100EBC10014BF283000F5B47099B2D2
:1061100032B1012202730181190C418100207047C4
:1061200000220273C180F9E7704701EB810200EBA6
:10613000C202D0F8E802D26B0BF050B801EB81023A
:1061400000EBC202D0F8E802D2F87C210BF0ADB827
:1061500070B5044601F0070202EB820011F0800FD7
:1061600004EBC0004FF001034FF0000519BF00F130
:10617000280180F8293000F5B47180F869510A705F
:1061800094F8A802012804BF022070BD84F8A83248
:1061900020680BF0E3FD84F8A852002070BD70B5B4
:1061A000044601F00F006268904284BF012070BD78
:1061B00011F0800F01F0070202EB820004EBC00037
:1061C0004FF001034FF0000519BF00F1280180F8DE
:1061D000293000F5B47180F869518D700A7094F817
:1061E000A802012804BF022070BD84F8A8322068EC
:1061F0000BF07FFE84F8A852002070BD01F007016B
:1062000001EB810100EBC100D0F88401704770B54B
:10621000044611F0800F01F0070000EB800104EB51
:10622000C1014FF0010C4FF0000519BF81F829C0E2
:10623000283181F8695101F5B47108700A61CB7099
:106240004A78002A18BFC881022B08BF0D7194F844
:10625000A802012804BF022070BD84F8A8C22068EB
:106260000BF01CFC284684F8A85270BD01F0070C06
:106270000CEB8C0110B500EBC101C1E95F230022DA
:10628000C1F8842181F8692181F868C101F5B471F0
:1062900000680BF091FE002010BD70B50446406808
:1062A00001F00702824284BF012070BD11F0800F0F
:1062B0004FF000054FF0010014BF02EB820101EB2B
:1062C000810104EBC10119BF81F82900283181F84F
:1062D000695101F5B47188700A7094F8A822012AF6
:1062E00004BF022070BD84F8A80220680BF049FEAC
:1062F00084F8A852002070BD01F0070C0CEB8C0153
:1063000010B500EBC101C1E90F23012281F84C2037
:106310008B6400234B6481F8292001F828CF0068A2
:106320000BF04AFE002010BD10B5044600680CF0CA
:10633000DFF910F4004F1CBF204608F00BFA20686C
:106340000CF0D6F910F4806F19D02068B0F8441022
:1063500021F48061A0F84410204600F01FF994F861
:10636000A802002101280AD0012284F8A82284F87A
:10637000241020680CF0D8F9002184F8A8122068B5
:106380000CF0B6F910F4804F06D02068B0F8441035
:1063900021F48041A0F8441020680CF0A9F910F411
:1063A000005F06D02068B0F8441021F40051A0F836
:1063B000441020680CF09CF910F4805F17D020681E
:1063C000B0F8401021F00401A0F840102068B0F8A7
:1063D000401021F00801A0F84010204600F0F1F82C
:1063E0002068B0F8441021F48051A0F844102068CF
:1063F0000CF07EF910F4006F17D02068B0F8401050
:1064000041F00801A0F840102068B0F8441021F4D1
:106410000061A0F844102068B0F8401041F0040179
:10642000A0F84010204600F009F920680CF060F94F
:1064300010F4007F09D02068B0F8441021F40071F6
:10644000A0F84410204600F0C0F820680CF050F985
:1064500010F4807F08BF10BD2068B0F8441021F40C
:106460008071A0F8441010BD002804BF01207047BF
:1064700070B5054690F8A90286B0002420B985F8C9
:10648000A842284600F04EF8032085F8A9022868A3
:106490000BF027FD6968012600291CBF0020CAB245
:1064A0002FD000BF00EB800105EBC10181F829600E
:1064B00081F82800C88681F82B408C63CC630C647B
:1064C000511E401C11F0FF02ECD1686800281CBF6F
:1064D0000021C2B215D000BF01EB810005EBC00066
:1064E00080F8694180F8681180F86B41C0F8784104
:1064F000C0F87C41C0F88041501E491C10F0FF02DA
:10650000EAD105F1100090E80F108DE80F1095E822
:106510000F000BF0DAFC85F8244085F8A96206B07C
:10652000002070BD10B586B000210091019102914C
:10653000039104910068A0F18041B1F5B8411CBFFE
:1065400006B010BD144C606940F4003060616069B1
:10655000694600F4003005904FF4C05000900220CE
:106560000190032003900E2004904FF09040FFF71D
:10657000ADFBE06940F40000E061E069012200F455
:106580000000059011461420FFF770FD1420FFF75E
:106590005EFD06B010BD00000010024070B504465C
:1065A00080680125022818BFFEF77CF92946D4F837
:1065B000E8020AF079FFD4F8E802BDE870400AF07A
:1065C00034BFD0F8E8020AF058BFD0F8E8020AF069
:1065D0005EBF10B5044690F8A802012804BF02204F
:1065E00010BD012084F8A80284F8241020680CF063
:1065F0009BF8002084F8A80210BDD0F8E82200F52E
:106600002C7110460AF065BF10B5044690F8A80238
:10661000012804BF022010BD012084F8A8022068D0
:106620000CF056F801212046FFF77EFD20680BF0A4
:106630004AFC002084F8A80210BD000010B50446F2
:10664000D0F8E8020AF098FFA069002808BF10BD42
:106650000248016841F00601016010BD10ED00E044
:106660002DE9F84F044600688C4D4FF0000810F4F7
:10667000803F7DD0E86910F0805F09D1E86940F083
:106680008050E861E8694FF0010800F08050009008
:10669000834E306810F4807F13D1306840F48070EE
:1066A0003060FFF735FC0746306810F4807F08D172
:1066B000FFF72EFCC01B642858D8306810F4807F88
:1066C000F6D0286A10F4407055D0A18801F44071CA
:1066D000814250D0286A0127390491FAA1F2B2FA16
:1066E00082F2920002F1844202F5840220F44070AA
:1066F000C2F8007491FAA1F10022B1FA81F1890087
:1067000001F1844101F58401C1F80024286210F0F0
:10671000010F30D0FFF7FCFB8146022641F2883A98
:1067200096FAA6F0B0FA80F040F04000B7EB501FA8
:1067300008BF28680AD096FAA6F0B0FA80F040F0B8
:106740004000B6EB501F0CBF286A686A96FAA6F1A3
:10675000B1FA81F101F01F0107FA01F108420AD1F3
:10676000FFF7D6FBA0EB09005045D9D9032000E084
:106770000EE0BDE8F88F286A616820F44070084395
:106780002862B8F1000F03D0E86920F08050E8617A
:10679000207810F0010F05D0286BA16820F00300CD
:1067A00008432863207810F0020F05D0286BE168B9
:1067B00020F4403008432863207810F0040F05D0FF
:1067C000286B216920F4402008432863207810F0CA
:1067D000200F05D0286BE16920F0100008432863E2
:1067E000206810F4003F05D06868A16B20F4800099
:1067F00008436860207810F0400F05D0286B216AAC
:1068000020F0200008432863207810F0080F05D0FE
:10681000286B616920F4401008432863207810F049
:10682000100F05D0286BA16920F4400008432863AD
:10683000208810F4007F05D06868E16A20F4000029
:1068400008436860207810F0800F05D0E86A616A1C
:1068500020F4F8700843E862208810F4807F05D0A7
:10686000E86AA16A20F478500843E862208810F4AE
:10687000805F05D0286B216B20F48070084328636B
:10688000208810F4005F05D0286B616B20F4007045
:10689000084328630020BDE8F88F00000010024084
:1068A00000700040002804BF012070472DE9F04728
:1068B000DFF8F88105460E46D8F8000000F0070022
:1068C000B0420CD2D8F8000020F007003043C8F8DE
:1068D0000000D8F8000000F00700B0427ED1287810
:1068E000734C10F0020F05D06068A96820F0F0002A
:1068F00008436060287810F0010F66D068680121B5
:1069000001282FD0022843D0022393FAA3F2B2FA2F
:1069100082F242F0200252090CBF626A226893FAA6
:10692000A3F3B3FA83F303F01F0399400A4261D043
:10693000616821F0030108436060FFF7E9FA074648
:106940006068696800F00C00B0EB810F18BF41F27D
:1069500088393AD0FFF7DCFAC01B48452ED903200E
:10696000BDE8F0874FF4003393FAA3F2B2FA82F253
:1069700042F02002520914BF2268626A93FAA3F31C
:10698000B3FA83F303F01F0399400A4232D0CFE7F2
:106990004FF0007292FAA2F3B3FA83F343F02003AC
:1069A0005B0914BF2368636A92FAA2F2B2FA82F218
:1069B00002F01F0291400B421CD0B9E7606800F062
:1069C0000C016868B1EB800FC4D1D8F8000000F06A
:1069D0000700B04211D9D8F8000000E00AE020F02A
:1069E00007003043C8F80000D8F8000000F00700A6
:1069F000B04202D00120BDE8F087287810F0040FE3
:106A000005D06068E96820F4E06008436060287899
:106A100010F0080F06D06068296920F4605040EA41
:106A2000C10060606168234801F00C02042A03D0B1
:106A3000082A18BF204814D06168F02292FAA2F206
:106A400001F0F001B2FA82F2D1401C4A515CC84018
:106A50001B4908601B480068FFF7B0FA0020BDE83A
:106A6000F0874FF4701393FAA3F301F47012B3FAA2
:106A700083F3DA40144B9D5CE26A0F2393FAA3F38D
:106A800002F00F02B3FA83F3DA40104B11F4803FA7
:106A90009A5C04BF0E48A5FB0001CDD00023194627
:106AA000FBF79CFCA0FB0501C6E7000000200240AC
:106AB00000100240001BB70000127A00F88C010899
:106AC0008847002080470020D88C0108E88C010806
:106AD00000093D0001480068704700008847002019
:106AE00008480949006849684FF4E06292FAA2F246
:106AF00001F4E061B2FA82F2D140044A515CC8402C
:106B0000704700008847002000100240088D0108EF
:106B100008480949006849684FF4605292FAA2F2A5
:106B200001F46051B2FA82F2D140044A515CC8408B
:106B3000704700008847002000100240088D0108BF
:106B40001A4A10B551681A4801F00C03042B08BF0B
:106B500010BD082B1CBF174810BD01F470134FF473
:106B6000701C9CFAACFCBCFA8CFC23FA0CF3DFF82A
:106B700048C0D26A1CF803400F2393FAA3F302F033
:106B80000F02B3FA83F3DA400CF1100311F4803FE3
:106B90009A5C02BF0948A4FB000110BD00231946FE
:106BA000FBF71CFCA0FB040110BD0000001002401C
:106BB000001BB70000127A00D88C010800093D00C4
:106BC000002804BF012070472DE9F84F04460078E3
:106BD000FF4D10F0010F4FF0010626D068687704D2
:106BE00000F00C00042808D0686800F00C000828A9
:106BF00060D1686810F4803F5CD097FAA7F0B0FAD3
:106C000080F040F02000400914BF2868686A97FAB5
:106C1000A7F1B1FA81F101F01F0106FA01F1084272
:106C200003D06068002800F0AD8220784FF00009A2
:106C300010F0020F4FF0020778D068684FF0F80AA2
:106C400010F00C0F73D0686800F00C00082804BF27
:106C5000686810F4803F6AD02069002896FAA6F090
:106C6000B0FA80F04FEA800000F1844000F5840023
:106C700000F0EC800660FFF74BF9804697FAA7F02A
:106C8000B0FA80F040F02000400914BF2868686A1C
:106C900097FAA7F1B1FA81F101F01F0106FA01F1AB
:106CA00008426ED1FFF734F9A0EB08000228E5D9BD
:106CB00000F007BA6068B0F5803F04BF286840F470
:106CC00080300AD010B1B0F5A02F31D0286820F460
:106CD00080302860286820F480202860E86AA16855
:106CE00020F00F000843E862606848B3FFF710F92E
:106CF0004FEA000897FAA7F0B0FA80F040F02000C1
:106D0000400914BF2868686A97FAA7F1B1FA81F1BF
:106D100001F01F0106FA01F1084286D1FFF7F8F8E9
:106D2000A0EB08006428E5D900F0CBB94FE029E0DA
:106D3000286840F480202860286840F48030CCE740
:106D4000FFF7E6F84FEA000897FAA7F0B0FA80F0EC
:106D500040F02000400914BF2868686A97FAA7F13C
:106D6000B1FA81F101F01F0106FA01F108423FF486
:106D70005CAFFFF7CDF8A0EB08006428E4D900F081
:106D8000A0B917E097FAA7F0B0FA80F040F0200021
:106D9000400914BF2868686A97FAA7F1B1FA81F12F
:106DA00001F01F0106FA01F108421CBF2069012809
:106DB00040F0E88128689AFAAAF26169B2FA82F290
:106DC00020F0F80001FA02F140EA01002860207882
:106DD00010F0080F7DD0A069002896FAA6F0B0FA4E
:106DE00080F04FEA800000F1844000F584004FD02D
:106DF000C0F88064FFF78CF84FEA000897FAA7F014
:106E0000B0FA80F040F06000B6EB501F08BF286871
:106E10000AD097FAA7F0B0FA80F040F06000B7EB24
:106E2000501F0CBF286A686A97FAA7F1B1FA81F17E
:106E300001F01F0106FA01F1084258D1FFF768F886
:106E4000A0EB08000228D9D900F03BB9C0F80090A7
:106E5000FFF75EF84FEA000897FAA7F0B0FA80F063
:106E600040F02000400914BF2868686A97FAA7F12B
:106E7000B1FA81F101F01F0106FA01F10842A6D032
:106E8000FFF746F8A0EB08000228E5D900F019B991
:106E9000C0F88094FFF73CF84FEA000897FAA7F093
:106EA000B0FA80F040F06000B6EB501F08BF2868D1
:106EB0000AD097FAA7F0B0FA80F040F06000B7EB84
:106EC000501F0CBF286A686A97FAA7F1B1FA81F1DE
:106ED00000E00CE001F01F0106FA01F1084206D0C3
:106EE000FFF716F8A0EB08000228D7D9E9E02078D0
:106EF00010F0040F6BD0E8694FF0000B10F0805FCA
:106F000009D1E86940F08050E861E8694FF0010B71
:106F100000F080500090DFF8BC80D8F8000010F43A
:106F2000807F18D1D8F8000040F48070C8F80000C5
:106F3000FEF7EEFF8246D8F8000010F4807F0AD1F9
:106F4000FEF7E6FFA0EB0A0064284AD8D8F8000054
:106F500010F4807FF4D0E068012804BF286A40F074
:106F6000010009D008B105283CD0286A20F00100B2
:106F70002862286A20F004002862E06841F2883A1A
:106F800050B3FEF7C5FF804697FAA7F0B0FA80F03D
:106F900040F04000B6EB501F08BF28680AD097FAAF
:106FA000A7F0B0FA80F040F04000B7EB501F0CBFE4
:106FB000286A686A97FAA7F1B1FA81F101F01F0116
:106FC00006FA01F1084240D1FEF7A2FF05E043E0D6
:106FD00000100240007000400CE0A0EB080050459B
:106FE000D2D96EE0286A40F004002862286A40F096
:106FF0000100C1E7FEF78CFF4FEA000897FAA7F0FF
:10700000B0FA80F040F04000B6EB501F08BF28688F
:107010000AD097FAA7F0B0FA80F040F04000B7EB42
:10702000501F0CBF286A686A97FAA7F1B1FA81F17C
:1070300001F01F0106FA01F1084206D0FEF768FFD1
:10704000A0EB08005045D9D93BE0BBF1000F03D0BD
:10705000E86920F08050E861E069A8B3696801F050
:107060000C0108297FD04FF08078022898FAA8F008
:10707000B0FA80F04FEA800000F1844000F584000F
:107080004FF00077C0F800901FD0FEF741FF044694
:1070900097FAA7F0B0FA80F040F02000400914BF42
:1070A0002968696A97FAA7F0B0FA80F000F01F002B
:1070B00006FA00F0014268D0FEF72AFF001B022802
:1070C000E6D90320BDE8F88F5FE0FEF721FF814697
:1070D00097FAA7F0B0FA80F040F02000400914BF02
:1070E0002868686A97FAA7F1B1FA81F101F01F01E7
:1070F00006FA01F1084206D0FEF70AFFA0EB0900EC
:107100000228E5D9DDE7D4E908100843696821F4CD
:1071100074110843686098FAA8F0B0FA80F0800013
:1071200000F1844000F584000660FEF7F1FE04469D
:1071300097FAA7F0B0FA80F040F02000400914BFA1
:107140002868686A97FAA7F1B1FA81F101F01F0186
:1071500006FA01F1084218D1FEF7DAFE001B0228F8
:10716000E6D9AEE7FFE7012808BFBDE8F88F6868F9
:10717000226A00F48031914204D1616A00F47010F7
:10718000884202D00120BDE8F88F0020BDE8F88FCA
:10719000002804BF0120704770B50446406A0025EE
:1071A00000281CBF2561656104D0A56294F85D00CC
:1071B00058B905E06068B0F5827F18BFE561F4E773
:1071C00084F85C50204600F067F8022084F85D00E7
:1071D0002068016821F040010160E168B1F5E06FCD
:1071E0008CBF00204FF48050B1F5706F1CBFB1F51B
:1071F000E06FA562A188228901F4827102F4044241
:1072000041EA0201227C02F0020241EA0201227DEF
:1072100002F0010241EA0201228B02F4007241EA0B
:107220000201227F02F0380241EA020194F8202094
:1072300002F0800241EA0201228D02F4005241EA8A
:10724000020122681160A1694FF0040202EA1141B3
:1072500094F8242000F4805002F0100241EA020168
:1072600094F8342002F0080241EA0201A28902F4F3
:10727000706241EA020141EA00002168486020682A
:10728000C16921F40061C16125664FF0010084F8F5
:107290005D004FF0000070BD70B586B00026054659
:1072A000009601960296039604960068A0F180412C
:1072B000B1F598311CBF06B070BD1B49886940F418
:1072C00080508861886900F480500590486940F4D6
:1072D000802048614869694600F480200590382084
:1072E00000900220019003200390052004900F4895
:1072F000FEF7ECFC0F4C0E4820601020C4E901069C
:107300008020E060400020618000C4E9050620463E
:10731000E661FEF7B9FB002818BFFDF7C3FA6C65FC
:10732000656206B070BD0000001002400004004815
:1073300030000240046D00202DE9F84F044690F81B
:107340005C0000261D4692468B46012804BF0220A1
:10735000BDE8F88F4FF0010984F85C90FEF7D8FD86
:10736000074694F85D004FF00008012818BF022678
:1073700040F0C480BBF1000F18BFBAF1000F00F05D
:10738000BC804FF0030084F85D00C4F86080C4F84E
:1073900038B0A4F83CA0A4F83EA0C4F84080A4F8FB
:1073A0004480A4F84680C4F85080C4F84C80A0689B
:1073B000B0F5004F09D12068016821F0400101605B
:1073C0002068016841F4804101602068016811F083
:1073D000400F03D1016841F040010160E068B0F561
:1073E000E06F606831D9002818BFBAF1010F0BD1E6
:1073F000A06B21680088C860A06B00F10200A06348
:10740000E08FA0F10100E087E08F002861D02068C4
:10741000816811F0020F09D0A16B0988C160A06BCF
:10742000801CA063E08F401EE0870AE0FEF770FD3D
:10743000C01BA84203D3B5F1FF3F56D101E0002D98
:1074400053D0E08F0028E2D143E0002818BFBAF102
:10745000010F15D1E08F0128A06B08D921680088A1
:10746000C860A06B801CA063E08F801E07E02168CD
:1074700000780873A06B401CA063E08F401EE0877B
:10748000E08F30B32068816811F0020F14D0E18FD3
:107490000129A16B07D90988C160A06B801CA0637A
:1074A000E08F801E06E009780173A06B401CA0638A
:1074B000E08F401EE08709E0FEF72AFDC01BA842CE
:1074C00003D3B5F1FF3F10D100E075B1E08F002884
:1074D000D8D13A462946204607F04CFD00281CBF6B
:1074E00020202066A06830B901E0032606E020686D
:1074F000C16880680090206E00B1012684F85D901C
:1075000084F85C803046BDE8F88F2DE9F05F0446D2
:1075100090F85C0001260A9F1D4692468B464FF06C
:107520000008012804BF0220BDE8F09F012084F874
:107530005C00FEF7EDFC814694F85D00616801286F
:1075400008D0B1F5827F03BFA168002904284FF05D
:1075500002087ED1BBF1000F1ABFBAF1000F002D57
:107560004FF0010875D094F85D0004281CBF052079
:1075700084F85D0000202066C4F840A0A4F84650BE
:10758000A4F84450C4F838B0E587A587E0642065C6
:10759000E068B0F5E06F98BF012D206841688CBFAE
:1075A00021F4805141F4805141602068016811F05C
:1075B000400F03D1016841F040010160E068B0F57F
:1075C000E06F606864D9002818BF012D46D1A06B18
:1075D00021680088C860A06B00F10200A063E08F02
:1075E000A0F10100E08739E02068816811F0020F06
:1075F0001CBFE18F00290ED0012E0CD1A16B098890
:10760000C160A06B00F10200A063E08FA0F1010057
:10761000E0874FF000062068816811F0010F1CBF61
:10762000B4F8461000290ED0C068216C0880206C88
:1076300000F102002064B4F84600A0F10100A4F8B3
:1076400046004FF00106FEF763FCA0EB0900B842CC
:1076500000E014E002D3B7F1FF3F75D1E08F0028BE
:1076600004BFB4F846000028BED14A463946204639
:1076700007F080FC18B120204FF00108206601209F
:1076800084F85D00002084F85C004046BDE8F09F6F
:10769000002818BF012D6FD1E08F0128A06B08D9F9
:1076A00021680088C860A06B801CA063E08F801EEA
:1076B00007E0216800780873A06B401CA063E08F8E
:1076C000401EE08758E02068816811F0020F1CBF5F
:1076D000E18F002916D0012E14D1E18F0129A16B71
:1076E00007D90988C160A06B801CA063E08F801E51
:1076F00006E009780173A06B401CA063E08F401E78
:10770000E08700262068816811F0010F1CBFB4F8E3
:107710004610002925D0B4F84610012915D9C068B3
:10772000216C0880206C801C2064B4F84600801E08
:10773000A4F84600B4F84600012811D82068416832
:1077400041F4805141600BE01EE0007B216C087029
:10775000206C401C2064B4F84600401EA4F846008B
:107760000126FEF7D5FBA0EB0900B84203D3B7F121
:10777000FF3F01D008E03FB1E08F002804BFB4F81C
:10778000460000289FD170E74FF0030877E700001C
:10779000411EB1F1807F24BF012070474FF0E020EF
:1077A0004161054AF02182F8141D00218161072101
:1077B00001610020704700000FE000E090F83C20DD
:1077C000012A04BF02207047012280F83C20CA68C9
:1077D0008B6822F440721A434B6822F480621A4389
:1077E0000B6822F400621A430B6922F480521A4398
:1077F0004B6922F400521A438B6A22F480421A43E6
:107800000B8B22F4702242EA03420368A3F1804CFE
:10781000BCF5963C1CBFA3F1804CBCF59A3C0FD143
:10782000B1F824C022F4700242EA0C52D1F81CC014
:1078300022F0807242EA0C02096A22F000720A43C6
:107840005A64002180F83C100846704790F83C20AC
:10785000012A04BF02207047F0B44FF0010C80F8F9
:107860003CC0022280F83D200268536894681A4D9B
:107870001A4EAA4218BFB24204D14F6823F47003D3
:1078800047EA03030F6823F0700347EA03035360DA
:107890000268AA4218BFB2F1804F10D0A2F1804313
:1078A000B3F580631CBFA2F18043B3F5006306D03B
:1078B000B2421CBFA2F18043B3F5A03304D1896862
:1078C00024F080031943916080F83DC0002180F8C6
:1078D0003C10F0BC08467047002C014000340140C9
:1078E000002804BF0120704710B5044690F83D0001
:1078F00028B9002084F83C00204600F023F802203C
:1079000084F83D00211D206808F0CAFC012084F89D
:10791000480084F83E0084F83F0084F8400084F872
:10792000410084F8420084F8430084F8440084F85D
:10793000450084F8460084F8470084F83D000020A4
:1079400010BD000008B501682C48A1F18042B2F5D5
:10795000963220D0B1F1804F2DD0A1F18042B2F506
:10796000806220D0A1F18042B2F500622BD0A1F15B
:107970008042B2F5A0522FD0A1F18042B2F5A232DE
:1079800018BF08BD816941F400318161806900F44C
:107990000030009008BD816941F400618161806917
:1079A00000F4006016E0C16941F00201C161C069E4
:1079B00000F002000EE0C16941F00101C161C0693F
:1079C00000F0010006E0C16941F00401C161C06935
:1079D00000F00400009008BDC16941F02001C161C0
:1079E000C0690F2200F02000009011463720FEF7FA
:1079F0003DFBBDE808403720FEF729BB00100240E0
:107A000090F83D1001291CBF01207047022180F829
:107A10003D100068A0F18041B1F5963118BFB0F17A
:107A2000804F19D0A0F18041B1F580611CBFA0F159
:107A30008041B1F500610FD0A0F18041B1F59A31DC
:107A40001CBFA0F18041B1F5A03105D0016841F023
:107A500001010160002070478168044A1140062935
:107A600018BFB1F5803FF5D0F0E700000700010036
:107A700090F83D1001291CBF01207047022180F8B9
:107A80003D100168CA6842F00102CA600068A0F1B6
:107A90008041B1F5963118BFB0F1804F19D0A0F1F7
:107AA0008041B1F580611CBFA0F18041B1F500615A
:107AB0000FD0A0F18041B1F59A311CBFA0F18041F7
:107AC000B1F5A03105D0016841F00101016000204D
:107AD00070478168034A1140062918BFB1F5803FFD
:107AE000F5D0F0E70700010001680A6A41F21113BE
:107AF0001A4207D10A6A9B101A4203D10A6822F07F
:107B000001020A60012180F83D100020704790F8C2
:107B10003C20012A0DBF0220012380F83C30704731
:107B200030B4022280F83D20D0F800C0DCF80820F4
:107B300022F0770222F4803222F47F42CCF808202F
:107B40000A68502A3DD00CDC202A74D004DC002ABC
:107B500018BF102A51D18CE0302A6CD0402A6CD04A
:107B600091E0602A4AD0702A06D0B2F5805F44D0F6
:107B7000B2F5005F12D086E0D1E9014C0268C96815
:107B8000956844EA012125F47F4541EA0C01294327
:107B9000916001688A6842F0770210E00268D1F8CB
:107BA00004C08C68C96895684CEA012125F47F45BA
:107BB00021432943916001688A6842F480428A60C7
:107BC00061E00268D1F804C0C968146A156A25F03A
:107BD00001051562956924F00A0425F0F00545EACF
:107BE000011144EA0C0C9161C2F820C001688A6856
:107BF00022F0700242F057028A6044E00268D1F835
:107C000004C0C968146A24F0100414629569146AE7
:107C100025F4704545EA013124F0A00444EA0C1C27
:107C20009161C2F820C001688A6822F0700242F0B7
:107C300067028A6027E01CE0FFE70268D1F804C011
:107C4000CC68116A156A25F001051562956921F065
:107C50000A0125F0F00545EA041441EA0C0194619B
:107C6000116201688A6822F0700242F047028A605D
:107C700009E00168D1F808C02CF0700C4CEA02024F
:107C800042F007028A6080F83D30002180F83C1005
:107C900030BC08467047000000B587B00021009155
:107CA0000191029103910491036818480222811501
:107CB000A3F1804CBCF5963C18D0A3F1804CBCF5E8
:107CC000A23C1CBF07B000BD436943F4802343615D
:107CD000406900F480200590CDE900120120049055
:107CE00069460B48FDF7F2FF07B000BD436943F456
:107CF00000334361406900F400300590CDE9001283
:107D00000620049069464FF09040EBE700100240D7
:107D1000000400482DE9F047044690F83C00012893
:107D20000DBF0220012084F83C00BDE8F087DFF899
:107D300050C2944D944E9548954B0C2A7DD006DC4C
:107D400062B1042A4BD0082A4DD000F013B9102A92
:107D500074D0142A00F0E18000F00CB92268176A90
:107D600027F001071762176AD2F80480D2F818903A
:107D7000D1F800A029F0730929F480394AEA0909E9
:107D8000D1F808A027F002074AEA0707824218BF85
:107D90009A4204D062451CBFAA42B24207D1D1F830
:107DA0000CA027F008074AEA070727F004078242D9
:107DB00018BF9A4204D062451CBFAA42B24207D102
:107DC0004B6928F4407043EA00008B6943EA0008DD
:107DD000C2F80480C2F818904868506341E02068F7
:107DE00008F0B8FAC6E02268176A27F480771762AD
:107DF000176AD2F80480D2F81C90D1F800A029F0BC
:107E0000730929F480394AEA0909D1F808A027F44E
:107E1000007747EA0A27824218BF9A4207D1D1F871
:107E20000CA027F4006747EA0A2727F480678242FC
:107E300018BF9A4207D0624501E014E03FE01CBF42
:107E4000AA42B24207D14B6928F4405040EA0310DD
:107E50008B6940EA0318C2F80480C2F81C90486895
:107E6000D063176286E02268176A27F4805717628A
:107E7000D2F820905768D2F81C80D1F800A028F4DE
:107E8000E64828F0807848EA0A28D1F808A029F4C2
:107E9000005949EA0A39824218BF9A4204D0624521
:107EA0001CBFAA42B24204D14B6927F4804040EA89
:107EB00083175760C2F81C80486810642AE0226863
:107EC000176A27F480371762D2F820905768D2F8E3
:107ED0005480D1F800A028F0700828F480384AEACD
:107EE0000808B1F808A029F4003949EA0A49824291
:107EF00018BF9A4204D062451CBFAA42B24204D1C4
:107F00004B6927F4803040EA03275760C2F8548059
:107F100048689065C2F820902CE02268176A27F420
:107F200080171762D2F820805768D2F85490D1F8A1
:107F300000A029F4E04929F0807949EA0A29B1F83A
:107F400008A028F4001848EA0A58824218BF9A424A
:107F500004D062451CBFAA42B24204D14B6927F447
:107F6000802040EA83275760C2F854904868D06563
:107F7000C2F820804FF0000084F83C00BDE8F08794
:107F8000004001400044014000480140002C0140F5
:107F900000340140002804BF0120704710B504469A
:107FA00090F83D0028B9002084F83C00204600F0FD
:107FB00022F8022084F83D00211D206808F070F9A5
:107FC000012084F8480084F83E0084F83F0084F8DB
:107FD000400084F8410084F8420084F8430084F8AB
:107FE000440084F8450084F8460084F8470084F88B
:107FF0003D00002010BD70472DE9F047054690F880
:108000003C000C4601280DBF0220012085F83C00F1
:10801000BDE8F087DFF814C3C54EC64FC649C74B4D
:108020000C2A00F0C48006DC6AB1042A5ED0082A5B
:1080300071D000F074B9102A00F0F780142A00F013
:10804000318100F06CB92868026A22F001020262F4
:10805000026AD0F80480D0F81890D4F800A029F073
:10806000730929F480394AEA0909D4F808A022F0F2
:1080700002024AEA0202884218BF984204D06045D0
:108080001CBFB042B84207D1D4F80CA022F00802BD
:108090004AEA020222F00402884218BF984204D041
:1080A00060451CBFB042B84207D1636928F44071F3
:1080B00043EA0101A36943EA0108C0F80480C0F85B
:1080C00018906168416302622868816941F0080183
:1080D00081612868816921F00401816128688169D2
:1080E000226941EA0201816100F019B9214628683C
:1080F00008F030F92868816941F4006181612868DD
:10810000816921F48061816128688169226941EA7D
:108110000221E8E7FFE72868026A22F4807202621F
:10812000D0F820804268D0F81C90D4F800A029F044
:10813000730929F480394AEA0909D4F808A028F417
:10814000007848EA0A28884218BF984207D1D4F834
:108150000CA028F4006848EA0A2828F480688842BD
:1081600018BF984204D060451CBFB042B84207D146
:1081700022F44051626941EA0211A26941EA021205
:108180004260C0F81C906168C163C0F82080286814
:10819000C16941F00801C1612868C16921F0040189
:1081A000C1612868C169226941EA02013BE028688F
:1081B000026A22F480520262D0F820904268D0F81D
:1081C0001C80D4F800A028F4E64828F0807848EA1B
:1081D0000A28D4F808A029F4005949EA0A39884243
:1081E00018BF984204D060451CBFB042B84204D1C9
:1081F00022F48041626941EA82124260C0F81C8028
:1082000061680164C0F820902868C16941F4006188
:10821000C1612868C16921F48061C1612868C169B0
:10822000226941EA0221C16179E02868026A22F4E8
:1082300080320262D0F820904268D0F85480D4F89E
:1082400000A028F0700828F480384AEA0808B4F83A
:1082500008A029F4003949EA0A49884218BF98421F
:1082600004D060451CBFB042B84204D122F4803132
:10827000626941EA02224260C0F854806168816507
:10828000C0F820902868416D41F0080141652868D8
:10829000416D21F0040141652868416D226941EA80
:1082A00002013BE02868026A22F480120262D0F8E0
:1082B00020904268D0F85480D4F800A028F4E04818
:1082C00028F0807848EA0A28B4F808A029F40019B0
:1082D00049EA0A59884218BF984204D060451CBF39
:1082E000B042B84204D122F48021626941EA82227C
:1082F0004260C0F854806168C165C0F82090286869
:10830000416D41F4006141652868416D21F480614F
:1083100041652868416D226941EA022141654FF0BB
:10832000000085F83C00BDE8F087000000400140F7
:108330000044014000480140002C0140003401404D
:10834000002804BF0120704710B5044690F83D0096
:1083500028B9002084F83C00204600F022F80220D2
:1083600084F83D00211D206807F09AFF012084F861
:10837000480084F83E0084F83F0084F8400084F808
:10838000410084F8420084F8430084F8440084F8F3
:10839000450084F8460084F8470084F83D0000203A
:1083A00010BD7047022381B1042916D008291CD0C2
:1083B0000C2922D0102928D090F84320012A08BF88
:1083C00080F8433028D00120704790F83E20012AE1
:1083D00008BF80F83E30F6D11EE090F83F20012A19
:1083E00008BF80F83F30EED116E090F84020012A17
:1083F00008BF80F84030E6D10EE090F84120012A15
:1084000008BF80F84130DED106E090F84220012A12
:1084100008BF80F84230D6D110B401F01F030268C3
:1084200001219940136A8B431362136A1943116245
:108430001E4B0168DFF878C01E4A994218BF61459B
:108440000AD091421FBFA1F18044B4F5A234A1F13A
:108450008044B4F5A43403D14C6C44F400444C641F
:108460000068984218BFB0F1804F0DD0A0F1804154
:10847000B1F580611CBFA0F18041B1F5006103D06E
:10848000604518BF904208D181680B4A01EA020199
:10849000062918BFB1F5803F03D0016841F0010102
:1084A000016010BC4FF0000070470000002C01403C
:1084B0000034014000400140070001007047704750
:1084C000704700002DE9F04102680446D069116848
:1084D000936840F60F0C10EA0C0F4FF000054FF0B8
:1084E00020060CD110F0200F18BF11F0200F7CD007
:1084F000616E002908BFBDE8F08100F02DB9A14FE1
:1085000003F0010C0F405CEA07076ED010F0010F7A
:1085100018BF11F4807F07D001271762D4F880209C
:1085200042F00102C4F8802010F0020F18BF13F0CF
:10853000010F08D0276802223A62D4F8802042F066
:108540000402C4F8802010F0040F18BF13F0010FCC
:1085500008D0236804221A62D4F8802042F0020274
:10856000C4F8802010F0080F1CBF01F0200252EA6E
:108570000C0208D0236808221A62D4F8802042F046
:108580000802C4F8802010F4006F18BF11F0806F4B
:1085900009D023684FF400621A62D4F8802042F0B8
:1085A0002002C4F88020D4F88020002A08BFBDE84B
:1085B000F08110F0200F18BF11F0200F04D0616E71
:1085C00000291CBF20468847D4F8801020688268A4
:1085D00012F0400F08BF11F0280F33D0016821F4CA
:1085E000907101602068816800E032E021F00101B3
:1085F0008160206E012804D12068016821F01001FB
:108600000160E667256665662068816811F0400FA5
:1086100013D0816821F040018160206F68B15A4910
:108620004163206FFDF7A3F9002808BFBDE8F08182
:10863000206F416BBDE8F04108472046FFF740FF3F
:10864000BDE8F0812046FFF73BFFC4F88050BDE84D
:10865000F081D4F860C0BCF1010F64D110F0100FAC
:1086600018BF11F0100F5ED04FF01000106220689C
:10867000816811F0400F33D0226F116849680904F6
:10868000090C1CBFB4F858308B4298BFBDE8F0818C
:10869000A4F85A109169202917D0016821F480713B
:1086A00001602068816821F0010181602068816893
:1086B00021F040018160E66725662068016821F0AD
:1086C00010010160206FFDF72EF9B4F85800B4F8DE
:1086D0005A10401A81B22046FFF7F0FEBDE8F08143
:1086E000B4F85810B4F85A20891AB4F85A2089B24C
:1086F000002A14BF0029BDE8F081026822F49072BC
:1087000002602068826822F001028260E6672566C6
:1087100065662068026822F0100202602046FFF7BA
:10872000CDFEBDE8F08110F4801F18BF13F4800F58
:1087300007D04FF4801010622046BDE8F041FFF7EB
:10874000BEBE10F0800F18BF11F0800F08D0A16ED0
:10875000002908BFBDE8F0812046BDE8F041084788
:1087600010F0400F14BF11F0400FBDE8F08120461B
:10877000116821F040011160A667A56600F046F976
:10878000BDE8F081200100045F050108002804BF56
:108790000120704710B50446806F28B9002084F886
:1087A0007400204600F028F82420A06720680168A3
:1087B00021F001010160204607F020FF012808BFD9
:1087C00010BD606A00281CBF204607F02BFE206801
:1087D000416821F4904141602068816821F02A01BC
:1087E00081602068016841F0010101602046BDE818
:1087F000104007F084BE0000F0B587B000240646A4
:10880000009401940294039404940068A0F18041C0
:10881000B1F59C311CBF07B0F0BD2848816941F417
:1088200080418161816901F480410591416941F490
:10883000003141614069694600F4003005904FF411
:10884000C060009002200190032003900720049054
:108850004FF09040FDF73AFA1A4D194880272860EA
:108860001020C5E90104C5E903746C61AC612846B8
:10887000EC61FDF709F9002818BFFCF713F8F5665D
:108880006E62124D1048C5E90004C5E902472C612B
:108890006C61AC612846EC61FDF7F6F8002818BF62
:1088A000FCF700F835670222114625206E62FDF7BD
:1088B000DDFB2520FDF7CBFB07B0F0BD001002402B
:1088C00044000240486D0020580002408C6D00209A
:1088D00010B4C36F202B59D1002911BF002A0120E9
:1088E00010BC704790F87430012B4FD0012380F8F2
:1088F00074304FF0000CC0F860C003685C6814F47A
:10890000000F03D01C6844F080641C604165A0F82F
:1089100058200346A0F85A20C0F864C08068FF21A0
:10892000B0F5805F20D0002818BFA3F85CC022D02B
:108930006046C3F880C02221D96719688A6842F06E
:1089400001028A609968B1F5805F05BF1969002945
:1089500010491149596683F8740019680A6842F48D
:1089600090720A6010BC70471869002808BF40F276
:10897000FF1008D104E01869002818BF7F2002D03A
:10898000A3F85C00D4E7A3F85C10D1E710BC022088
:1089900070470000F105010873050108002105F08A
:1089A00055BE7047836F202B29D1002912BF002AA2
:1089B0000120704790F87430012B20D0012380F8FB
:1089C0007430C164A0F85020A0F8522000218166C4
:1089D000C0F88010212282678268B2F5805F03BFF1
:1089E0000269002A074A084A826680F87410006803
:1089F000016841F0800101604FF0000070474FF0C6
:108A000002007047CD0701080F0801080149012045
:108A1000087070474C570020FEE700002DE9F04F2A
:108A2000283086B202F128001FFA80F85E4885B02F
:108A3000007903280CBF01F1350001F1340085B243
:108A40000CBF03F1350003F1340087B2464534BF53
:108A5000A8EB0600A6EB08000FFA80FABD4234BF6F
:108A6000781BE81B0FFA80FB464534BF01204FF00E
:108A7000FF300390BD4234BF01204FF0FF30029021
:108A8000DA45CCBF5046CBF1000000EBD070474C2C
:108A900040F34F000090606880B240F47060606006
:108AA00000224FF400414248FDF72DFADFF804910F
:108AB000CAF10000019000224FF400514846FDF732
:108AC00022FA2A20E060A06810F0800FFBD101227A
:108AD00051034846FDF717FAE660A06810F0020F50
:108AE000FBD0E660A06810F0800FFBD100224FF4AD
:108AF00000514846FDF707FA2B20E060A06810F00F
:108B0000800FFBD1012251034846FDF7FCF9E560D7
:108B1000A06810F0020FFBD0E560A06810F0800F95
:108B2000FBD100224FF400514846FDF7ECF92C2010
:108B3000E060A06810F0800FFBD10122510348468D
:108B4000FDF7E1F90E98E060A06810F0800FFBD10E
:108B5000464508BFBD4214D0DDE90001884206DD6C
:108B6000A0EB0B0109B20091039931448EB2584534
:108B7000A1DA0098504400B200900298284485B2CF
:108B800099E7A06810F0800FFBD10122D1030848BB
:108B9000FDF7B9F9606880B220F4706040F4E060DD
:108BA000606005B0BDE8F08F325700200030014012
:108BB00000040048000800482DE9F05F894683461C
:108BC000A2EB0B00A3EB0901401C491C00FB01F5C3
:108BD00047F690600A9E98469246854236D81D4CCC
:108BE000606880B240F4706060601B4F00224FF4F8
:108BF00000413846FDF787F91FFA88F31FFA8AF219
:108C00001FFA89F11FFA8BF000F08CFB012251034F
:108C10001248FDF778F93DB16D1EA16811F0020F01
:108C2000FBD0E660002DF7D1A06810F0800FFBD1DB
:108C30000122D1033846FDF766F9606880B220F45E
:108C4000706040F4E0606060BDE8F09F47F69065BA
:108C5000C5E700000030014000040048000800485B
:108C6000814800B5006885B0016811F0400F03D15C
:108C7000016841F0400101607C48416889B221F4FB
:108C8000706141F4E06141603A2000F001FB552041
:108C900000F024FBB22000F0FBFA0C2000F01EFBD9
:108CA0000C2000F01BFB002000F018FB332000F02C
:108CB00015FB332000F012FB362000F0E9FA6020AB
:108CC00000F00CFBB72000F0E3FA352000F006FBC3
:108CD000BB2000F0DDFA192000F000FBC02000F0FE
:108CE000D7FA2C2000F0FAFAC22000F0D1FA0120C5
:108CF00000F0F4FAC32000F0CBFA122000F0EEFAF4
:108D0000C42000F0C5FA202000F0E8FAC62000F0E8
:108D1000BFFA0F2000F0E2FAD02000F0B9FAA42048
:108D200000F0DCFAA12000F0D9FAE02000F0B0FA5F
:108D30004FA10FC98DE80F000E21684606F09AFF7B
:108D4000E12000F0A5FA4EA00FC88DE80F000E211B
:108D5000684606F08FFF212000F09AFA112000F0FB
:108D600097FA132000F094FA292000F091FA3A20A3
:108D700000F08EFA552000F0B1FAB22000F088FA27
:108D80000C2000F0ABFA0C2000F0A8FA002000F054
:108D9000A5FA332000F0A2FA332000F09FFA362023
:108DA00000F076FA602000F099FAB72000F070FA2F
:108DB000352000F093FABB2000F06AFA192000F089
:108DC0008DFAC02000F064FA2C2000F087FAC2204F
:108DD00000F05EFA012000F081FAC32000F058FA9A
:108DE000122000F07BFAC42000F052FA202000F09C
:108DF00075FAC62000F04CFA0F2000F06FFAD02070
:108E000000F046FAA42000F069FAA12000F066FA0A
:108E1000E02000F03DFA16A30FCB8DE80F000E21E5
:108E2000684606F027FFE12000F032FA14A30FCBCA
:108E30008DE80F000E21684606F01CFF212000F08F
:108E400027FA112000F024FA132000F021FA29203B
:108E500000F01EFA0E48F021018087214180022196
:108E6000017105B000BD0000EC6900200030014038
:108E7000D0040D11132B3F544C180D0B1F23000071
:108E8000D0040C11132C3F44512F1F1F202300002E
:108E9000325700202DE9FF4F81B016461A7801980D
:108EA0005A4C504382B200921F4620805878484363
:108EB00060800198DFF858A1A080E180DAF8040012
:108EC00080B240F47060CAF8040000224FF4004100
:108ED0005048FDF718F83078002818BF4FF0010B04
:108EE0007DD0C0B20A282CD00D283FD0474A138825
:108EF0005188DDE90E98138051807978761C97F8B7
:108F000000C00BEBD1057F281CFB05FC7B6894BFE0
:108F1000203860380CF1010C0CFB00343B484288CF
:108F2000521E11448BB221780288521E11448AB21B
:108F30004188008800F0F6F978780023002817D8D7
:108F400042E0324879784288521C11444180C188FD
:108F5000491CC18071780D2904D0009901800199C4
:108F6000818003E0002101808180761C761C33E043
:108F700021780020002922D903F007010BEBD3024E
:108F80000BFA01F100FB054C1CF802C01CEA010FB2
:108F900008D000BFDAF808C01CF0020FFAD0CAF8F7
:108FA0000C9006E0DAF808C01CF0020FFAD0CAF8FC
:108FB0000C80401C94F800C0C0B28445E2D8581C14
:108FC000C3B278789842D3D8104920780A881044E0
:108FD00008808888401C88803078002881D1DAF8A1
:108FE000080010F0800FFAD10122D1030948FCF7E4
:108FF0008AFFDAF8040080B220F4706040F4E06088
:10900000CAF8040005B0BDE8F08F00002A57002020
:1090100000300140000400482DE9F84F514C009009
:109020001F46164620806180DFF83CA1DAF8040074
:1090300080B240F47060CAF8040000224FF400418E
:109040004A48FCF760FF3078002818BF4FF0010B4A
:1090500072D0C0B20A282AD00D2836D041490A88D9
:109060004A887A78DDE90A98761C97F800C00BEBFD
:10907000D2057F281CFB05FC7B6894BF2038603834
:109080000CF1010C0CFB003436484188491E114498
:109090008BB221780288521E11448AB2418800881E
:1090A00000F040F978780023002810D83CE02D48E3
:1090B0007A784188491C1144418071780D2914BF88
:1090C00000990021018008BF761C761C31E02178D0
:1090D0000020002923D903F007010BEBD3020BFA80
:1090E00001F100BF00FB054C1CF802C01CEA010F97
:1090F00008D000BFDAF808C01CF0020FFAD0CAF896
:109100000C9006E0DAF808C01CF0020FFAD0CAF89A
:109110000C80401C94F800C0C0B28445E2D8581CB2
:10912000C3B278789842D2D80E4821780288114488
:109130000180307800288CD1DAF8080010F0800F18
:10914000FAD10122D1030948FCF7DDFEDAF8040068
:1091500080B220F4706040F4E060CAF80400BDE81A
:10916000F88F00002A57002000300140000400481A
:109170002DE9F0414349444E444C05004FF0870728
:109180004FF0F00806D0012D20D0022D3DD0032D48
:1091900057D071E0486880B220F4706040F4E0601D
:1091A000486000224FF400413046FCF7ACFE362008
:1091B00000F06EF8C02000F091F82C2000F068F864
:1091C0000122D1033046FCF79EFE1AE0486880B2C7
:1091D00020F4706040F4E060486000224FF40041E9
:1091E0003046FCF790FE362000F052F8A02000F048
:1091F00075F82C2000F04CF80122D1033046FCF722
:1092000082FE2780A4F8028039E0486880B220F40A
:10921000706040F4E060486000224FF40041304646
:10922000FCF771FE362000F033F8A02000F056F86D
:109230002C2000F02DF80122D1033046FCF763FE0C
:109240001AE0486880B220F4706040F4E060486042
:1092500000224FF400413046FCF755FE362000F066
:1092600017F8602000F03AF82C2000F011F80122E5
:10927000D1033046FCF747FEA4F8008067802571D3
:10928000BDE8F08100300140000400483257002062
:1092900070B5044600224FF400510C48FCF733FE31
:1092A0000B4D00224FF400412846FCF72CFE0A48E3
:1092B00008490470886810F0800FFBD12846BDE88B
:1092C00070400122D103FCF71EBE000000080048D8
:1092D00000040048003001400C30014070B50446E5
:1092E000012251030B48FCF70EFE0B4D00224FF4F8
:1092F00000412846FCF707FE0948084904708868C1
:1093000010F0800FFBD12846BDE870400122D10348
:10931000FCF7F9BD00080048000400480030014097
:109320000C3001402DE9F04728301FFA80F902F196
:1093300028001FFA80F83048007903280CBF01F19B
:10934000350001F1340086B20CBF03F1350003F1A2
:10935000340085B2294CA06810F0800FFBD1284F53
:1093600000224FF400513846FCF7CDFD2A20E06082
:10937000A06810F0800FFBD1012251033846FCF7A2
:10938000C2FDC4F80C90A06810F0020FFBD0C4F826
:109390000C80A06810F0800FFBD100224FF4005128
:1093A0003846FCF7B0FD2B20E060A06810F0800F7D
:1093B000FBD1012251033846FCF7A5FDE660A06809
:1093C00010F0020FFBD0E560A06810F0800FFBD119
:1093D00000224FF400513846FCF795FD2C20E06048
:1093E000A16811F0800FFBD13846BDE8F04701229B
:1093F0005103FCF788BD00003257002000300140C7
:1094000000080048064808B50088009005484188D3
:1094100000884B1E421E00210846FFF7CDFB08BD09
:10942000144A002032570020F0B4A82908BFA02118
:109430000BD00A46B82908BFA12106D0C0292CBFED
:10944000A2F16001A2F12001C9B2DFF814C1424AC1
:10945000424CDCF80830012802D0022818D068E01D
:1094600001EB8101505C11444000E0544A78581CE3
:10947000520022548A78981C52002254CA78D81C70
:10948000520022540979181D49002154581D4EE0FC
:10949000B3F1800042BF0120F0BC704701EB8101B5
:1094A0000A4420445FF0050512F8011B490001F051
:1094B000010301F0020603EB430306EB460643EA11
:1094C000460601F0040303EB430346EA830301F07D
:1094D000080606EB4606090943EAC60301F0010641
:1094E00001F0020706EB460607EB470746EA470688
:1094F00001F0040700F8013B07EB470701F0080102
:1095000046EA870601EB410100F8013B46EAC1014A
:1095100080F87E1080F87F106D1EC5D1DCF8080041
:109520000B30C11700EB91516FF30901401ACCF8D1
:109530000800DCF808000021A0F540722154FF3A31
:1095400001BFCCF808100220F0BC7047401CCCF8DA
:109550000800F0BC0020704794CB0208247D002056
:109560000C5700204FF480610148F8F7E3BF00007A
:10957000247D0020401E00EB4000400000EBC110A5
:109580000249803888600020704700000C57002096
:1095900000B583B0FFF7E6FFFFF734FF1722142171
:1095A000154807F0AFF915491548164B098800888A
:1095B000CDE9000114A204210820FFF76BFC144838
:1095C000002141838183818B172938BF11490ED235
:1095D000828B436D51F822209A4202D1428B521C59
:1095E0004283828B521C8283828B172AF0D3418B59
:1095F000491C418303B000BD44570020144A002099
:10960000124A0020045700207620322E313200000A
:10961000504600207C8C01082DE9F04F2DED088B81
:1096200093B0FD4CA07A012802BF13B0BDEC088BAB
:10963000BDE8F08FDFF8E4B39BF80000012800F0EC
:109640003480F7480078002800F02F80F548018822
:10965000002900F02A800021018001F0A7FCA07100
:10966000E179F14DDFF8C4A381420BD0E071BAF883
:109670000000009068880021431E2888421E08468A
:10968000FFF79AFAEA48E2890178EA48914204BF72
:109690000278002A03D0E1814FF000010170A07927
:1096A00040B103F095FB0020A07213B0BDEC088B15
:1096B000BDE8F08F607AE04EE04900281EBF0888C0
:1096C0000028022826D194ED240B84ED200B94ED84
:1096D000260B84ED220B94ED080B84ED1C0B94ED0E
:1096E0000A0B84ED1E0B94ED0C0B84ED140B94ED22
:1096F0000E0B84ED160B94ED100B84ED180B94ED0E
:10970000120B84ED1A0BD6E90002C4E928024FF0CF
:109710000000A08108889FEDCA9B012818BF03287C
:1097200040F0F0816079002800F0C581012060726E
:10973000A08913283CBF401CA08187B2C7F1140048
:10974000F9F7A1F880469FEDC08B009153EC182BE0
:10975000F8F7A2FF94ED081B53EC112BF8F79CFFD0
:1097600041EC1A0B3846F9F79FF8894649EC100B83
:10977000074653EC182B51EC100BF8F78DFF94EDC6
:109780001C1B53EC112BF8F787FF53EC1A2BF8F73F
:10979000DCFEC4E91C01009953EC182B41EC108B42
:1097A00051EC100BF8F778FF94ED0A1B53EC112BDA
:1097B000F8F772FF49EC107B41EC1A0B53EC182BB5
:1097C00051EC100BF8F768FF94ED1E1B53EC112BB6
:1097D000F8F762FF53EC1A2BF8F7B7FEC4E91E0145
:1097E000009953EC182B41EC108B51EC100BF8F74F
:1097F00053FF94ED241B53EC112BF8F74DFF49EC6C
:10980000107B41EC1A0B53EC182B51EC100BF8F7B2
:1098100043FF94ED201B53EC112BF8F73DFF53EC65
:109820001A2BF8F792FEC4E92001009953EC182B8B
:1098300041EC108B51EC100BF8F72EFF94ED261B2A
:1098400053EC112BF8F728FF49EC107B41EC1A0B75
:1098500053EC182B51EC100BF8F71EFF94ED221B64
:1098600053EC112BF8F718FF53EC1A2BF8F76DFE99
:10987000C4E92201D4E92809F9F75BF807468846CC
:109880004846F9F756F8CDE90A78CDE90C01A089E8
:10989000F9F70AF853EC182BF8F7FEFE41EC100B21
:1098A000B0EE491AF0EE691A9DED0C3B9DED0A2BC6
:1098B00009F058F88DED0A0B8DED0C1BD6E900066A
:1098C000F9F737F8074688463046F9F732F8CDE918
:1098D0000E78CDE91001A089C0F11400F8F7D3FF8C
:1098E00053EC182BF8F7D8FE41EC100BB0EE491AE8
:1098F000F0EE691A9DED103B9DED0E2B09F032F84C
:109900008DED0E0B8DED101BDDE90A0110EE102A16
:1099100010EE903AF8F719FE80468946DDE90C0111
:10992000DDE91023F8F711FE06460F46404649468A
:10993000F9F742F8804630463946F9F73DF8C4E970
:109940002880A689C6F11400F8F79DFF894649ECE6
:10995000100B074653EC182B51EC100BF8F79CFE3C
:1099600094ED0C1B53EC112BF8F796FE41EC1A0BFF
:109970003046F8F799FF884648EC100B064653EC42
:10998000182B51EC100BF8F787FE94ED141B53ECD9
:10999000112BF8F781FE53EC1A2BF8F7D6FD49ECA2
:1099A000107BC4E9140153EC182B51EC100BF8F7A1
:1099B00073FE94ED0E1B53EC112BF8F76DFE48EC83
:1099C000106B41EC1A0B53EC182B51EC100BF8F701
:1099D00063FE94ED161B53EC112BF8F75DFE53EC70
:1099E0001A2BF8F7B2FD49EC107BC4E9160153ECD1
:1099F000182B51EC100BF8F74FFE94ED101B53ECA5
:109A0000112BF8F749FE48EC106B41EC1A0B53ECA4
:109A1000182B51EC100B1BE0484A0020114B002082
:109A20001E5700207846002032570020144A00209C
:109A3000FB4A0020A756002028490020164B002092
:109A400000000000000000009A9999999999A93F97
:109A5000F8F722FE94ED181B53EC112BF8F71CFEBF
:109A600053EC1A2BF8F771FD49EC107BC4E918018F
:109A700053EC182B51EC100BF8F70EFE94ED121B63
:109A800053EC112BF8F708FE48EC106B41EC1A0B65
:109A900053EC182B51EC100BF8F7FEFD94ED1A1B4C
:109AA00053EC112BF8F7F8FD53EC1A2BF8F74DFD9A
:109AB000C4E91A0126E000206072D6E90012C4E968
:109AC000281294ED240B84ED200B94ED260B84EDED
:109AD000220B94ED080B84ED1C0B94ED0A0B84ED26
:109AE0001E0B94ED0C0B84ED140B94ED0E0B84ED1A
:109AF000160B94ED100B84ED180B94ED120B84ED06
:109B00001A0BA0819BF80000217A88420BD02072AA
:109B1000BAF80000009068880021431E2888421E81
:109B20000846FFF749F82078617888420BD06070CA
:109B3000BAF80000009068881421431E2888421E4D
:109B40000020FFF739F80DF0C9FF08F009FEFAF719
:109B500021FFF848F84CDFF8E4830178DFF8E09360
:109B6000F84DF94EF94F39B1022900F0EE82012982
:109B700000F0748401F0D5B802200EF01DF92078B1
:109B800058B3EC4C207900284FF0020000F0AE8171
:109B90000EF012F900200EF079FB94ED220B51EC3F
:109BA000100BF8F709FF00EE100A102107200DF046
:109BB000D7FE01200EF000F9E078BAF80010002876
:109BC0003888E34B00F0DF80CDE90001E1A20621F7
:109BD0000020FFF75FF900F0DDB802200EF0ECF88E
:109BE00000200EF053FBD34C94ED1C0B51EC100BEA
:109BF000F8F7E2FE00EE100A112101200EF0AEF897
:109C000001200EF0D9F8BAF8000000900190D04B76
:109C1000D3A206210820FFF73DF9A078D8B3BAF8FF
:109C200000103888CDE90001C94BD0A206210020E0
:109C3000FFF730F9BAF800103888CDE90001C44BBD
:109C4000CDA206210020FFF725F994ED1E0B53EC61
:109C5000192B51EC100BF8F797FE01F262800020EF
:109C60000EF014FB94ED1E0B51EC100BF8F7A4FE54
:109C700000EE100A072105200EF070F8BAF8001067
:109C80003888CDE90001B24B2988BCA23088FFF7A3
:109C9000C3F901F046B8FFE72079BAF800100028B0
:109CA0003888AB4B37D0CDE90001B5A206210020A2
:109CB000FFF7F0F8BAF800103888CDE90001A44B9E
:109CC000B2A206210020FFF7E5F894ED220B53EC39
:109CD000192B51EC100BF8F757FE01F222800020EF
:109CE0000EF0D4FA94ED220B51EC100BF8F764FE51
:109CF00000EE100A082104200DF032FEBAF8001020
:109D00003888CDE90001924B29889CA23088FFF762
:109D100083F901F006B8CDE900019DA206210020DB
:109D2000FFF7B8F8BAF800103888CDE90001884B81
:109D30009AA206210020FFF7ADF894ED200B53EC1A
:109D4000192B51EC100BF8F71FFE00F2EA870020E8
:109D50000EF09CFA94ED200B51EC100BF8F72CFE52
:109D600000EE100A082104200DF0A2FEBAF800103F
:109D70003888CDE90001764B298880A23088FFF72A
:109D80004BF900F0CEBFCDE9000185A206210020ED
:109D9000FFF780F8E078BAF80010002838886C4B9C
:109DA00007D0CDE9000181A206210020FFF772F85B
:109DB00006E0CDE900017EA206210020FFF76AF847
:109DC00094ED1C0B53EC192B51EC100BF8F7DCFD48
:109DD00019D800200EF05AFA94ED1C0B51EC100B20
:109DE000F8F7EAFD00EE100A082105200DF0B6FF95
:109DF000BAF800103888CDE90001554B29885FA2D8
:109E00003088FFF709F96B49E06988420ADAF8F708
:109E100090FD41EC100B68A153EC102B02A808F048
:109E20002BFD26E0B0F17E5FA8BF40450ADAF8F7C7
:109E300080FD41EC100B62A153EC102B02A808F03E
:109E40001BFD16E048450ADAF8F773FD41EC100BEC
:109E50005DA153EC102B02A808F00EFD09E0F8F705
:109E600068FD41EC100B5AA153EC102B02A808F02E
:109E700003FDBAF800103888CDE90001344B38A250
:109E800006210820FFF706F8BAF800103888CDE957
:109E900000012F4B50A206210820FEF7FBFF94ED96
:109EA000160B53EC102B94ED140B51EC100BF8F730
:109EB00065FCF8F781FD00EE100A84ED070AB5EEA7
:109EC000C00AF1EE10FA3CBFB1EE400A84ED070A79
:109ED000BAF800103888CDE900011D4B02AA06210E
:109EE0000920FEF7D7FF00F01CBF00BF0DF064FF94
:109EF00000200EF0CBF994ED200B51EC100BF8F78D
:109F00005BFD00EE100A102107200DF0D1FD0120AD
:109F10000DF052FFE078BAF80010002838880C4B9A
:109F20005CD0CDE900010BA206210020FEF7B2FFB4
:109F30005CE00000484A0020265600200000204136
:109F40000000C8422C5700202A570020124A002047
:109F5000FC560020527320202020202020202000AA
:109F60004420202020202020202020005269202072
:109F700020202020202020005269200020200000E6
:109F800043202020202020202020200043200000EB
:109F90004C20202020202020202020004C200000C9
:109FA00052702020202020202020200052732000EA
:109FB00052702000CDCCCC3D25302E3466200000E0
:109FC00025302E336620000025302E32662000001A
:109FD00025302E316620000044200000AFF2400200
:109FE000CDE9000106210020FEF754FFE078BAF821
:109FF000001000283888FB4B08D0AFF25002CDE9A2
:10A00000000106210020FEF745FF07E0AFF26002E5
:10A01000CDE9000106210020FEF73CFF94ED1C0B6A
:10A0200053EC192B51EC100BF8F7AEFC1AD80020AA
:10A030000EF02CF994ED1C0B51EC100BF8F7BCFC56
:10A0400000EE100A082105200DF088FEBAF8001075
:10A050003888E44BAFF2DC02CDE900012988308872
:10A06000FEF7DAFFE069B0F17E5FA8BF40450BDA8A
:10A07000F8F75FFC41EC100B53EC102BAFF2C00172
:10A0800002A808F0F9FB18E048450BDAF8F751FC94
:10A0900041EC100B53EC102BAFF2D40102A808F0E6
:10A0A000EBFB0AE0F8F745FC41EC100B53EC102BEE
:10A0B000AFF2E40102A808F0DFFBBAF8001038881C
:10A0C000CDE90001C74BC8A206210820FEF7E2FE39
:10A0D000BAF800103888CDE90001C24BC5A20621AC
:10A0E0000820FEF7D7FE94ED140B53EC102B94EDE3
:10A0F000160B51EC100BF8F741FBF8F75DFC00EE86
:10A10000100A84ED070AB5EEC00AF1EE10FA3CBF62
:10A11000B1EE400A84ED070ABAF800103888CDE99C
:10A120000001B04B02AA06210920FEF7B3FEBAF8DF
:10A1300000103888AB4BAFF2BC12CDE90001298882
:10A140003088FEF769FF00F0ECBDAB4A01211170C9
:10A15000AA490A884FF6FF7101EA42024169006983
:10A16000F8F7ABFE0024DFF89882DFF8989240F60B
:10A17000FF752646DFF890A2DFF890B23AF9140096
:10A1800000F50060C0EB401101EB801090FBF5F092
:10A19000C0F17300C1B20AEB4400B0F9020000F54F
:10A1A0000060C0EB401202EB801090FBF5F0C0F1B4
:10A1B0007300C3B2BBF800000090B21C3046FEF73B
:10A1C0002DFC38F9140000F50060C0EB401101EBE4
:10A1D000801090FBF5F0C0F17300C1B208EB4400B1
:10A1E000B0F9020000F50060C0EB401202EB8010F5
:10A1F00090FBF5F0C0F17300C3B2BBF80000009013
:10A20000B21C3046FEF70AFCDFF804B23BF914003A
:10A2100000F50060C0EB401101EB801090FBF5F001
:10A22000C0F17300C1B20BEB4400B0F9020000F5BD
:10A230000060C0EB401202EB801090FBF5F0C0F123
:10A240007300C3B21F200090B21C3046FEF7E6FB3D
:10A2500039F9140000F50060C0EB401101EB8010EB
:10A2600090FBF5F0C0F17300C1B209EB4400B0F906
:10A27000020000F50060C0EB401202EB801090FB82
:10A28000F5F0C0F17300C3B24FF478400090B21CF7
:10A290003046FEF7C3FB3BF814002AF8140039F8E7
:10A2A000140028F81400601C84B2B01CC6B2C62E7C
:10A2B000FFF460AF584630F81410504620F81410E0
:10A2C00039F8140028F814004B48002101700120CF
:10A2D0000DF072FD4D4C1F25424B20884DA2CDE95B
:10A2E000005006210020FEF7D5FD20883D4BCDE92A
:10A2F00000504BA206210020FEF7CCFD494E012163
:10A3000096ED000ABDEEC00A10EE100A0DF03EFBFD
:10A310002088ED02CDE900500621324B42A20846CA
:10A32000FEF7B8FD20880621CDE900502D4B41A253
:10A330000846FEF7AFFD96ED060A0121BDEEC00A04
:10A3400010EE100A0DF022FB21883888CDE90001BB
:10A35000244B39A202210B20FEF79CFD218838886E
:10A36000CDE900011F4B35A202210B20FEF792FD23
:10A370003348012100780DF009FB21883888CDE9A8
:10A380000001184B2FA203210B20FEF783FD21882B
:10A390003888CDE90001134B2BA203210B20FEF7D7
:10A3A00079FD2A48012100780DF0F0FA21883888DB
:10A3B000CDE900010B4B26A204210B20FEF76AFD1C
:10A3C00021883888CDE90001064B22A204210B2008
:10A3D000FEF760FD2048012100780DF0D7FA00F06B
:10A3E000A0BC0000FC56002051202020202020206E
:10A3F0002020200051200000A9480020A248002071
:10A40000285F0020085C0020985D0020144A00208E
:10A41000785A0020645520202020202000000000D1
:10A4200064552000387C0020644920202020202012
:10A43000000000006449200052202000520000006B
:10A440001F560020562020005600000020560020F5
:10A45000492020004900000021560020FE480078D5
:10A46000002814BF4FF4FC6B4FF01F0B01200DF0C0
:10A47000A3FCFA48007838B9F948C07820B15C46A6
:10A4800058460DF003FF00E03C88BAF80000F54B99
:10A49000CDE90040F4A201210020FEF7FBFCBAF850
:10A4A0000000F04BCDE90040F3A201210020FEF7AF
:10A4B000F1FCEB4C53EC192B94ED140B51EC100BFD
:10A4C000F8F74AFA94ED140B51EC100B06D2F8F79A
:10A4D00073FA00EE100A0321084605E0F8F76CFA5B
:10A4E00000EE100A032104200DF038FC00200DF0CE
:10A4F000CDFEDA480178DA48C078084318BF3C88B6
:10A5000029D000BFBAF80000D64BCDE90040DBA24D
:10A5100002210020FEF7BEFCBAF80000D14BCDE9C5
:10A520000040DAA202210020FEF7B4FCCC4C53EC30
:10A53000192B94ED180B51EC100BF8F70DFA94ED64
:10A54000180B51EC100B0BD2F8F736FA00EE100A8C
:10A55000042103200AE05C4658460DF097FED1E73F
:10A56000F8F72AFA00EE100A042108460DF0F6FB6F
:10A5700000200DF08BFE20790028B84800782AD002
:10A58000002816BF5846B7F800B00DF07FFEBAF8A5
:10A590000000B44BCDE900B0BDA203210020FEF7BE
:10A5A00079FCBAF80000AF4BCDE900B0BBA20321A3
:10A5B0000020FEF76FFC94ED220B51EC100BF8F726
:10A5C000FBF900EE100A052104200DF0C9F9002066
:10A5D0000DF05CFE29E0002816BF5846B7F800B021
:10A5E0000DF054FEBAF800009E4BCDE900B0ACA2CD
:10A5F00003210020FEF74EFCBAF80000994BCDE98C
:10A6000000B0AAA203210020FEF744FC94ED200B29
:10A6100051EC100BF8F7D0F900EE100A05210420D8
:10A620000DF046FA00200DF031FEBAF8001038881F
:10A63000CDE900018B4B9EA204210020FEF72AFCED
:10A64000BAF800103888CDE90001864B9CA204219D
:10A650000020FEF71FFCDFF86CB201219BED000A21
:10A66000BDEEC00A10EE100A0DF090F9BAF8001015
:10A670003888CDE900017B4B298893A23088FEF70A
:10A68000CBFCBAF800103888CDE90001754B8FA2D9
:10A6900005210020FEF7FEFBBAF800103888CDE94E
:10A6A0000001704B8DA205210020FEF7F3FB9BED0E
:10A6B000060A0121BDEEC00A10EE100A0DF066F97F
:10A6C000BAF800103888CDE90001664B29887EA2CF
:10A6D0003088FEF7A1FC01200DF06EFB94ED060A18
:10A6E000B5EEC00AF1EE10FA34BFF1EE400AF0EE1A
:10A6F000400A10EE900AB0F17E5F0CDA10EE100AFC
:10A70000F8F717F941EC100B75A153EC102B02A8C8
:10A7100008F0B2F82BE010EE900A40450CDA10EE8B
:10A72000100AF8F706F941EC100B6FA153EC102B4F
:10A7300002A808F0A1F81AE010EE900A484510EEC1
:10A74000100A0ADAF8F7F5F841EC100B68A153EC9F
:10A75000102B02A808F090F809E0F8F7EAF841ECAD
:10A76000100B65A153EC102B02A808F085F8BAF87D
:10A7700000103888CDE900013A4B61A20621002083
:10A78000FEF788FBBAF800103888CDE90001354B98
:10A790005EA206210020FEF77DFBBAF80010388883
:10A7A000CDE900012F4B298802AA3088FEF734FC3E
:10A7B000BAF800103888CDE900012A4B54A20121D3
:10A7C0000720FEF767FBBAF800103888CDE90001D2
:10A7D000244B52A201210720FEF75CFBE078D0B1A8
:10A7E00094ED160B53EC102B51EC100BF7F754FFB4
:10A7F00094ED140B41EC180B53EC102B51EC100B97
:10A80000F7F74AFF53EC182BF7F79FFE41EC100BBC
:10A8100008F04EFE94E094ED1A0B08F091FBB0EEB8
:10A8200040AAF0EE60AA94ED180B08F089FBB0EE98
:10A8300040BAF0EE60BA53EC1A2B51EC100BF7F75C
:10A8400084FEB0EE4A0AF0EE6A0A41EC180BB0EE54
:10A85000401AF0EE601A63E01F57002026560020D1
:10A86000484A0020FC56002052733D202020202022
:10A87000202020200000000052733D0052703D2037
:10A8800020202020202020200000000052703D00C9
:10A89000433D20202020202020202000433D000098
:10A8A0004C3D202020202020202020004C3D000076
:10A8B00064553D2020202020202020200000000082
:10A8C00064553D00387C00206D56000064493D20F1
:10A8D00020202020202020200000000064493D008E
:10A8E00025302E34667B000025302E33667B000039
:10A8F00025302E32667B000025302E31667B00002D
:10A900007D3D202020202020200000007D3D0000F3
:10A910005A3D202020202020202020005A3D0000E9
:10A92000B0EE4B0AF0EE6B0A53EC112B51EC100B0E
:10A93000F7F7B2FE53EC182BF7F720FF41EC100BA2
:10A9400051EC100BF8F738F800EE100A03210E2036
:10A950000DF004FABAF800103888CDE90001F44B84
:10A96000F4A202210720FEF795FABAF80010388801
:10A97000CDE90001EE4BF2A202210720FEF78AFA90
:10A9800094ED1E0B53EC192B51EC100BF7F7E4FF71
:10A9900025D294ED060AEB4910EE100A814211D936
:10A9A000B5EEC00AF1EE10FA0CD894ED1E0B51EC86
:10A9B000100BF8F701F800EE100A04210E20B1EE9A
:10A9C000400A09E094ED1E0B51EC100BF7F7F4FF71
:10A9D00000EE100A04210D200DF0C0F90BE094EDFB
:10A9E0001E0B51EC100BF7F7E7FF00EE100A0421E5
:10A9F0000E200DF0B3F920799FEDD38BDFF850B323
:10AA00009FEDD59B0028BAF800103888C84B7AD043
:10AA1000CDE90001D2A203210720FEF73BFABAF8E4
:10AA200000103888CDE90001C14BD0A203210720D6
:10AA3000FEF730FA94ED160B53EC102B94ED140B3B
:10AA400051EC100BF7F79AFEF7F7B6FF00EE100A7D
:10AA500084ED070AB5EEC00AF1EE10FA3CBFB1EE84
:10AA6000400A84ED070A10EE100AC14988420ADA4A
:10AA7000F7F75FFF41EC100BBEA153EC102B02A8BF
:10AA800007F0FAFE33E0B0F17E5F0ADAF7F751FF24
:10AA900041EC100BB9A153EC102B02A807F0ECFE0F
:10AAA00025E040450BDA00BFF7F743FF41EC100B00
:10AAB000B4A153EC102B02A807F0DEFE17E04845C6
:10AAC0000BDA00BFF7F735FF41EC100BAFA153ECE9
:10AAD000102B02A807F0D0FE09E0F7F72AFF41EC9F
:10AAE000100BACA153EC102B02A807F0C5FEBAF86E
:10AAF00000103888CDE900018D4B298802AA3088E2
:10AB0000FEF78AFA00E034E0BAF800103888CDE9A0
:10AB10000001874BA1A204210720FEF7BBF9BAF878
:10AB200000103888CDE90001814BA0A20421072044
:10AB3000FEF7B0F99BED000B53EC182B51EC100B0A
:10AB4000F7F70AFF4DD29BED000B53EC192B51EC9C
:10AB5000100BF7F7A1FD41EC100B08F039FC51EC9C
:10AB6000100BF7F7AEFE0323042201210CF02CFF9B
:10AB700042E0CDE900018EA203210720FEF78AF909
:10AB8000BAF800103888CDE90001694B8BA2032187
:10AB90000720FEF77FF994ED140B53EC102B94ED86
:10ABA000160B51EC100BF7F7E9FDF7F705FF00EE78
:10ABB000100A84ED070AB5EEC00AF1EE10FA3CBFA8
:10ABC000B1EE400A84ED070A10EE100AB0F17E5F84
:10ABD000FFF65CAF4045FFF667AF4845BFF67DAF77
:10ABE00070E79BED000B08F0F3FB51EC100BF7F74F
:10ABF00068FE01210CF0CAFEBAF800103888CDE9D1
:10AC000000014B4B6EA205210720FEF743F9BAF86D
:10AC100000103888CDE90001454B6DA205210720C1
:10AC2000FEF738F96B4C53EC182B94ED000B51ECFC
:10AC3000100BF7F791FE15D294ED000B53EC192B86
:10AC400051EC100BF7F728FD41EC100B08F0C0FB9E
:10AC500051EC100BF7F735FE0323042201210CF011
:10AC6000B3FE0AE094ED000B08F0B2FB51EC100BC0
:10AC7000F7F727FE01210CF089FEBAF800002C4BF3
:10AC80000090AFF64C02019006210720FEF702F972
:10AC9000BAF800103888264BAFF66002CDE9000103
:10ACA00006210720FEF7F6F84B48012100780CF04A
:10ACB0006DFEBAF800001E4B0090AFF678020190CE
:10ACC00006210920FEF7E6F8BAF800103888184B7C
:10ACD000AFF68C02CDE9000106210920FEF7DAF873
:10ACE0003E48012100780CF051FEBAF80000104BEC
:10ACF0000090AFF6A402019006210B20FEF7CAF8DF
:10AD0000BAF8001038880A4BAFF6B802CDE9000156
:10AD100006210B20FEF7BEF83148012100780CF027
:10AD200035FE304900208872FEF7BFBC00000000ED
:10AD3000FC560020583D20202020202020202000EC
:10AD4000583D00000000B4C20000000000C05840A0
:10AD500068560020000000000000000000408F4006
:10AD6000443D20202020202020202000443D0000C1
:10AD7000CDCCCC3D25302E356600000025302E345C
:10AD80006600000025302E336600000025302E328C
:10AD90006600000025302E316600000052653D201F
:10ADA00020202020202020200000000052653D00AF
:10ADB000513D20202020202020202000513D000057
:10ADC000496D3D2020202020202020200000000070
:10ADD000496D3D00705600201F560020205600206F
:10ADE00021560020484A00202DE9F041DFF8748008
:10ADF0000E4607460024355D7DB3022F08BF2E2D79
:10AE00000ED16CB1D8F80800A0F102004FEAE07151
:10AE100000EB91516FF30901A0EB0100C8F80800A5
:10AE2000315D3846FEF700FB022F08BF2E2D0DD1F5
:10AE3000D8F80810A1F105024FEAE27102EB915136
:10AE40006FF30901A2EB0101C8F8081001281CBF2B
:10AE5000601CC4B2CFD1BDE8F081FFE70020BDE89F
:10AE6000F08100000C5700204FF48061014804F08D
:10AE70006DB90000247D0020704700002DE9F041ED
:10AE80000C461B4FF0211B4D01EA0416C0B11A48B5
:10AE900004702878A04210D000224FF48061384618
:10AEA000FBF731F846F4285040F0010007F05AFC57
:10AEB000012291023846FBF726F82C70BDE8F0819C
:10AEC0000E4804706878A0420FD000220421384652
:10AED000FBF719F846F4285040F0010007F042FC57
:10AEE000012204213846FBF70EF86C70BDE8F081B2
:10AEF00000040048F44A00209A5600209B56002087
:10AF000010B500221049114806F02CF9002818BF8E
:10AF1000F9F7C8FC0E490D4806F05DFB002818BF84
:10AF2000F9F7C0FC0B49094805F069FF002818BF74
:10AF3000F9F7B8FC054806F062FB002808BF10BD11
:10AF4000BDE81040F9F7AEBC10470020D06D0020DE
:10AF50006848002060470020FEE7000010B5F8F7C1
:10AF6000EFFC002206490123002814BF05A00AA017
:10AF7000C1E909020B71BDE81040F8F711BB0000F0
:10AF8000F84A0020CEF7E8F1F2EAE020E7E0E2E557
:10AF9000F0F8E5EDE0000000CEF8E8E1EAE020EFAF
:10AFA000F0E820F1F2E8F0E0EDE8E8000748817809
:10AFB00000291CBF006A002805D005480078002839
:10AFC00004BF01207047002070470000F84A0020AD
:10AFD0001756002070B504469B2C28BF70BDA000FA
:10AFE0007844406887440000780200006C0200004A
:10AFF000C003000078120000A4120000C612000076
:10B00000DA03000010040000CC0500003607000041
:10B0100092070000B8070000DE07000004080000E7
:10B020007E040000A8040000D6040000060500000D
:10B030004A04000062050000980500003605000083
:10B04000AE0200002E040000B4060000E20600007C
:10B050000C070000E81200006A1300008C130000C7
:10B06000B0130000D4130000DE0500000C06000041
:10B070003E060000F6130000141400002E14000019
:10B080003C1400004A14000058140000661400002C
:10B0900078020000780200007802000074140000BA
:10B0A000C814000018150000381500008C150000A9
:10B0B0008C15000058150000701500007015000078
:10B0C000701500007015000070150000701500006C
:10B0D0008C1500008C150000481700007802000055
:10B0E000EE0B00000A160000621600006C1600004D
:10B0F00076160000801600008A160000520B000031
:10B10000081100003A1100006C1100009E110000AF
:10B11000D011000026160000941600009E160000B4
:10B12000A8160000B2160000BC160000C6160000EB
:10B13000D0160000DA160000E416000044160000E5
:10B14000EE160000F8160000021700000C170000B1
:10B1500016170000201700002A17000034170000FF
:10B160003E17000008090000500F0000900F00007B
:10B170003A090000CE0F0000061000006C09000024
:10B180004010000072100000A4100000D610000053
:10B19000B00B000078020000780200007802000086
:10B1A0002A0800005C0800008C080000DA08000093
:10B1B0000A0C00003A0C0000720C0000780200003B
:10B1C0007802000078020000AC0C0000EA0C0000DD
:10B1D0001C0D0000500D00001C0E0000680E000049
:10B1E000960E0000C60E0000200F000002120000A4
:10B1F0003612000056120000BE0800009402000043
:10B200007A0200002C0300005E030000900300009F
:10B210001A0300009C150000AA150000CA150000C2
:10B22000EA150000CA02000078020000840D000048
:10B23000AE0D0000DC0D000078020000BC0900002B
:10B24000060A0000D00900003A0A0000680A00005F
:10B25000060B0000FE480021FF220162027481708B
:10B2600070BDFC49A1F180000162062181700021BE
:10B27000C1708079BDE8704001F016BFF649A1F5B4
:10B28000A0700162062181700021C170C079BDE803
:10B29000704001F009BFEE4800F180014471016285
:10B2A000062181700021C1708079BDE8704001F0F5
:10B2B000FBBEE74800F5DC61847101620421817006
:10B2C0000021C170E548E6490068884204D1BDE824
:10B2D0007040912001F0E8BEA0F13771B1F5D8417E
:10B2E0000AD0A0F1B771B1F5585118BF70BD9320C5
:10B2F000BDE8704001F0D8BEBDE87040922001F07A
:10B30000D3BED3480021FF22016202748170012163
:10B31000417670BDD34901200870F9F7C7FAD248C9
:10B320000021808BF9F7FCF9F9F7BEFAC949A1F1C0
:10B3300080000162062181700021C170BDE870406B
:10B34000062001F0B1BEC74901200870F9F7AEFA36
:10B35000C5480021808BF9F7E3F9F9F7A5FAC3494D
:10B36000A1F5D4600162042181700021C170BDE8A3
:10B370007040872001F098BEBA4800240470F9F7A5
:10B3800095FAB9480121808BF9F7CAF9F9F78CFAD7
:10B39000B649A1F5D460016204218170C470BDE892
:10B3A0007040872001F080BEB149A1F5C8600162FC
:10B3B000062181700021C170407ABDE8704001F023
:10B3C00073BEA34800F5D4618471016204218170C9
:10B3D0000021C170A348007820B1BDE870408720EB
:10B3E00001F062BEA3480078002814BF2D202E2053
:10B3F000BDE8704001F058BE9F49A1F5E4600162CC
:10B40000032181700021C1709C480078002814BF7E
:10B410002F203020ECE78E4800F5826184710162B4
:10B42000092181700021C170007ABDE8704001F0EF
:10B430003BBE874D00202C72914C2080F9F736FAE4
:10B4400089482188808EF9F76BF9F9F72DFA208861
:10B45000002808BF04F0D6FFFDF7D4FF894901207A
:10B460000870E87470BD7A4800F594610472016256
:10B47000042181700021C170007D20B1BDE87040C1
:10B48000102001F011BEBDE870400F2001F00CBE8D
:10B490006F4C00252575F9F709FA7348217DC08E98
:10B4A000F9F73EF9F9F700FA04F582602062092005
:10B4B000A070E570BDE870400E2001F0F5BD644C51
:10B4C00001202075F9F7F2F96748217DC08EF9F760
:10B4D00027F9F9F7E9F904F5826020620920A070E4
:10B4E0000020E070BDE870400E2001F0DDBD584C3A
:10B4F00002202075F9F7DAF95B48217DC08EF9F753
:10B500000FF9F9F7D1F904F5826020620920A070E3
:10B510000020E070BDE870400E2001F0C5BD4C4831
:10B5200000F59C6104720162032181700021C170E9
:10B530005348008820B1BDE87040132001F0B4BD2D
:10B54000BDE87040142001F0AFBD4D4C01202080BB
:10B55000F9F7ACF944482188808EF9F7E1F8F9F75A
:10B56000A3F94949A1F58260016209218170002196
:10B57000C170152001F098FDBDE870400AF0E2BDF1
:10B580003F4D00242C80F9F791F937482988808EA7
:10B59000F9F7C6F8F9F788F93B49A1F5826001622D
:10B5A00009218170C470152001F07EFDBDE8704056
:10B5B0000AF0C8BD264D2C7204F014FF33480088F1
:10B5C0000CF064FE48E7224800F5C2610472016293
:10B5D000032181700021C1702D480078012804D01A
:10B5E000BDE87040222001F05FBDBDE87040212021
:10B5F00001F05ABD264901200870F9F757F91A4899
:10B600000021408CF9F78CF8F9F74EF91E49A1F5A5
:10B6100082600162092181700021C170BDE8704023
:10B62000202001F041BD1A4800240470F9F73EF9CA
:10B630000D480121408CF9F773F8F9F735F91249F3
:10B64000A1F58260016209218170C470202021E08F
:10B65000F84A0020784B0020384C00208847002012
:10B6600000A24A04F14A00203E8C010898510020B3
:10B67000385100204B4A0020185200204A4A00202E
:10B6800066460020A7560020084F0020124A0020DE
:10B69000E4560020BDE8704001F006BDF94800F511
:10B6A000BC6104720162032181700021C17003F04A
:10B6B0007BFF012804D0BDE870401A2001F0F4BCE3
:10B6C000BDE87040192001F0EFBC4021802003F05C
:10B6D00077FF0121084604F03FFAEB49A1F58260AB
:10B6E0000162092181700021C170BDE870401820FD
:10B6F00001F0DABC4021802003F062FF012100202C
:10B7000004F02AFAE049A1F5826001620921817002
:10B710000021C170BDE87040182001F0C5BCD948B7
:10B7200000F5B26104720162052181700021C170CF
:10B7300003F034FF822804D8BDE870400A2001F0ED
:10B74000B3BC03F02BFF96280DD003F027FFA028F1
:10B750000ED003F023FFFF2818BF70BD0D20BDE8F9
:10B76000704001F0A1BCBDE870400B2001F09CBC12
:10B77000BDE870400C2001F097BCC44982200870DD
:10B78000012104F0CFF9C049A1F5826001620921CD
:10B7900081700021C170BDE87040092001F084BCB7
:10B7A000BA4996200870012104F0BCF9B649A1F508
:10B7B00082600162092181700021C170BDE8704082
:10B7C000092001F071BCB149A0200870012104F0EA
:10B7D000A9F9AD49A1F582600162092181700021BA
:10B7E000C170BDE87040092001F05EBCA749FF2090
:10B7F0000870012104F096F9A349A1F58260016265
:10B80000092181700021C170BDE87040092001F05C
:10B810004BBC9C4800F5A261047201620321817057
:10B820000021C1709A48008838B1012818BF70BD46
:10B830007020BDE8704001F037BCBDE870406F205B
:10B8400001F032BC924800240480F9F72FF89148A7
:10B850000121C08DF8F764FFF9F726F88A49A1F5B0
:10B860008260016209218170C470BDE870406E2061
:10B8700001F01ABC864901200880F9F717F88548BD
:10B880000021C08DF8F74CFFF9F70EF87E49A1F5BD
:10B8900082600162092181700021C170BDE87040A1
:10B8A0006E2001F001BC774800F5A071847101623F
:10B8B000062181700021C170C079BDE8704001F09F
:10B8C000F3BB704800F56471C47101620521817099
:10B8D0000021C170C08B002800F0AB82012800F06D
:10B8E000AD82022800F0AF82032800F09D8270BD77
:10B8F000644800F50871C471016203218170002160
:10B90000C17065480088A0F53061B83904D0BDE841
:10B910007040612001F0C8BBBDE87040602001F0BC
:10B92000C3BB584800F51471C471016203218170D2
:10B930000021C1705948008838B1012818BF70BD76
:10B940006420BDE8704001F0AFBBBDE870406320EB
:10B9500001F0AABB4B4800F52071C47101620421BB
:10B9600081700021C1704E48008801280BD0022848
:10B970000ED0042811D0142818BF70BD6920BDE86E
:10B98000704001F091BBBDE87040662001F08CBBB7
:10B99000BDE87040672001F087BBBDE870406820BB
:10B9A00001F082BB374800F1E0018471016203219C
:10B9B00081700021C17070BD3A4C01202080F8F7E1
:10B9C00075FF34482188008EF8F7AAFEF8F76CFF5F
:10B9D0000AF0B8FB3449A1F18000016206218170B0
:10B9E0000021C170BDE87040952001F05DBB2D4D78
:10B9F00000242C80F8F75AFF26482988008EF8F793
:10BA00008FFEF8F751FF0AF09DFB2749A1F1800056
:10BA1000016206218170C470BDE87040952001F07C
:10BA200043BB184800F5887184710162032181705D
:10BA30000021C1701D480088012804D0BDE8704075
:10BA40009A2001F031BBBDE87040992001F02CBB79
:10BA5000164C01202080F8F729FF0E482188408EDF
:10BA6000F8F75EFEF8F720FF208868B300224FF455
:10BA700000610F48FAF747FA0A220EA11148FCF7B5
:10BA800091FF27E0F84A0020084F0020554600208B
:10BA9000164A00203E8C0108A0490020985600203C
:10BAA000385600207C460020784B00206846002055
:10BAB0000004004841542B534C4545502F722F6EC3
:10BAC00000000000806B0020FFE70122D102FE4849
:10BAD000FAF719FAFD49A1F180000162062181708F
:10BAE0000021C170BDE87040982001F0DDBAF84C2B
:10BAF00000252580F8F7DAFEF6482188408EF8F711
:10BB00000FFEF8F7D1FE208830B100224FF400611B
:10BB1000ED48FAF7F8F904E00122D102EA48FAF711
:10BB2000F2F9EA49A1F18000016206218170C57035
:10BB3000BDE87040982001F0B7BAE74800F53071D1
:10BB4000C4710162032181700021C170E348008843
:10BB500064280DD0322810D0212813D0192816D0EF
:10BB60000A2818BF70BD4A20BDE8704001F09CBA99
:10BB7000BDE87040462001F097BABDE8704047200C
:10BB800001F092BABDE87040482001F08DBABDE8DE
:10BB90007040492001F088BAD149A1F5F0700162E6
:10BBA000042181700021C170CE48008848B101286D
:10BBB0000CD0022818BF70BD6D20BDE8704001F0A8
:10BBC00073BABDE870406B2001F06EBABDE87040FA
:10BBD0006C2001F069BAC04800F5D071C4710162EF
:10BBE000042181700021C170BDE870403F2001F048
:10BBF0005BBAB948032100F5487241740262817052
:10BC00000021C170007838B1012818BF70BD7420C0
:10BC1000BDE8704001F048BABDE87040732001F003
:10BC200043BAAD4C00252570F8F7A4FA217804F04A
:10BC30004DF8F8F73BFEA7482178C08AF8F770FD69
:10BC4000F8F732FE04F5A07020620620A070E570BF
:10BC5000BDE87040722001F027BA9F4C012020708F
:10BC6000F8F788FA217804F031F8F8F71FFE9948C0
:10BC70002178C08AF8F754FDF8F716FE04F5A07095
:10BC800020620620A0700020E070BDE870407220A5
:10BC900001F00ABA9048042100F55472417402621E
:10BCA00081700021C170808B48B101280CD002281E
:10BCB00018BF70BD7B20BDE8704001F0F5B9BDE84C
:10BCC0007040792001F0F0B9BDE870407A2001F0B1
:10BCD000EBB9814C0025A583F4F707FDF8F7E6FDE5
:10BCE0007C48A18B008BF8F71BFDF8F7DDFD04F510
:10BCF000A07020620620A070E570BDE8704078203A
:10BD000001F0D2B9744C0120A083F4F7EEFCF8F7EF
:10BD1000CDFD7048A18B008BF8F702FDF8F7C4FD4C
:10BD200004F5A07020620620A0700020E070BDE83D
:10BD30007040782001F0B8B9674C0220A083F4F776
:10BD4000D4FCF8F7B3FD6348A18B008BF8F7E8FC4F
:10BD5000F8F7AAFD04F5A07020620620A07000206C
:10BD6000E070BDE87040782001F09EB95A4C5E4802
:10BD70000025A57400685D49884239D0F8F796FD22
:10BD800054480021008CF8F7CBFCF8F78DFD00201B
:10BD900003F036F82CE0504C53480025A574006899
:10BDA000A0F13771B1F5D84122D0F8F77FFD4948AD
:10BDB0000121008CF8F7B4FCF8F776FD002003F0C1
:10BDC0001FF815E0444C48480025A5740068A0F110
:10BDD000B771B1F558510BD0F8F768FD3D48022115
:10BDE000008CF8F79DFCF8F75FFD002003F008F8E1
:10BDF000364820620620A070E570BDE870408F20B4
:10BE000001F052B93448052100F5647241740262B0
:10BE100081700021C170C08B58B101280ED002285A
:10BE200011D0032818BF70BD8020BDE8704001F01C
:10BE30003BB9BDE870407D2001F036B9BDE87040E7
:10BE40007E2001F031B9BDE870407F2001F02CB9AF
:10BE5000214C0025E583F8F729FD1E48E18B408B36
:10BE6000F8F75EFCF8F720FD04F5A07020620620CC
:10BE7000A070E570BDE87040712001F015B9164C56
:10BE80000120E083F8F712FD1248E18B408BF8F7B0
:10BE900047FCF8F709FD04F5A07020620620A070A9
:10BEA0000020E070BDE87040712001F0FDB80A4C40
:10BEB0000220E083F8F7FAFC0648E18B408BF8F7A4
:10BEC0002FFCF8F7F1FC13E000040048784B002049
:10BED000684600203E8C0108F84A002030560020B9
:10BEE000D84C0020F24A00208847002000A24A04D3
:10BEF00004F5A07020620620A0700020E070BDE86C
:10BF00007040712001F0D0B8FE4C0320E083F8F7B8
:10BF1000CDFCFD48E18B408BF8F702FCF8F7C4FC40
:10BF200004F5A07020620620A0700020E070BDE83B
:10BF30007040712001F0B8B8F44C40F6B830B0EE63
:10BF4000080A2080F24880ED000AF8F7AFFCEE48BE
:10BF50002188808CF8F7E4FBF8F7A6FCED49A1F501
:10BF6000A0700162062181700021C170BDE870409F
:10BF70005F2001F099B800BFE44C40F6E440208017
:10BF80009FEDE50AE24880ED000AF8F78FFCDE48F5
:10BF90002188808CF8F7C4FBF8F786FCDD49A1F511
:10BFA000A0700162062181700021C170BDE870405F
:10BFB0005F2001F079B8D94800240480F8F746F8EA
:10BFC000F4F793FBF8F772FCCF480121C08CF8F727
:10BFD000A7FBF8F769FCCF49A1F5A0700162062123
:10BFE0008170C470BDE87040622001F05DB8CB493B
:10BFF00001200880F8F72AF8F4F777FBF8F756FCE9
:10C00000C1480021C08CF8F78BFBF8F74DFCC14903
:10C01000A1F5A0700162062181700021C170BDE808
:10C020007040622001F040B8BD4C01202080F8F73C
:10C030003DFCB5482188008DF8F772FBF8F734FC19
:10C04000B449A1F5A0700162062181700021C17080
:10C05000BDE87040652001F027B8B14C0220208077
:10C06000F8F724FCA8482188008DF8F759FBF8F769
:10C070001BFCA849A1F5A070016206218170002176
:10C08000C170BDE87040652001F00EB8A44C0420DA
:10C090002080F8F70BFC9C482188008DF8F740FBC6
:10C0A000F8F702FC9B49A1F5A0700162062181709E
:10C0B0000021C170BDE87040652000F0F5BF984CCC
:10C0C00014202080F8F7F2FB8F482188008DF8F7C4
:10C0D00027FBF8F7E9FB8F49A1F5A0700162062163
:10C0E00081700021C170BDE87040652000F0DCBFA8
:10C0F0008C4C64202080F8F7D9FB83482188808D00
:10C10000F8F70EFBF8F7D0FB8249A1F5A0700162A9
:10C11000062181700021C170BDE87040452000F00B
:10C12000C3BF804C32202080F8F7C0FB76482188BE
:10C13000808DF8F7F5FAF8F7B7FB7649A1F5A0700E
:10C140000162062181700021C170BDE87040452068
:10C1500000F0AABF734C21202080F8F7A7FB6A48A3
:10C160002188808DF8F7DCFAF8F79EFB6949A1F584
:10C17000A0700162062181700021C170BDE870408D
:10C18000452000F091BF674C19202080F8F78EFB06
:10C190005D482188808DF8F7C3FAF8F785FB5D4983
:10C1A000A1F5A0700162062181700021C170BDE877
:10C1B0007040452000F078BF5A4C0A202080F8F7E4
:10C1C00075FB51482188808DF8F7AAFAF8F76CFBC7
:10C1D0005049A1F5A0700162062181700021C17053
:10C1E000BDE87040452000F05FBF46480721C4719C
:10C1F000417400F578710162032181700021C170E2
:10C20000407838B1012818BF70BD8320BDE8704068
:10C2100000F04ABFBDE87040822000F045BF394CB5
:10C2200000256570F4F761FA04F5A070206206201D
:10C23000A070E570BDE87040812000F035BF314C42
:10C2400001206070F4F751FA04F5A0702062062016
:10C25000A0700020E070BDE87040812000F024BF95
:10C260003149A1F53C700162032181700021C17048
:10C27000F4F729FD012804D0BDE87040052000F046
:10C2800013BFBDE87040042000F00EBF0121084636
:10C29000F4F701FD1F49A1F5A0700162062181702C
:10C2A0000021C170BDE87040032000F0FDBE0121F7
:10C2B0000320F4F7F0FC1749A1F5A07001620621F4
:10C2C00081700021C170BDE87040032000F0ECBE19
:10C2D0000C4800F5A86104720162052181700021FB
:10C2E000C170F8F793FB782824D0F8F78FFBB0F5EE
:10C2F000967F24D0F8F78AFBB0F5167F24D01F2054
:10C3000014E00000F84A00203E8C0108A0490020FB
:10C3100098490020384C0020333353409856002071
:10C320003856002030560020E84D0020BDE870400F
:10C3300000F0BABEBDE870401C2000F0B5BEBDE8FC
:10C3400070401D2000F0B0BEBDE870401E2000F01F
:10C35000ABBE0121782003F0CDFCF949A1F5826044
:10C360000162092181700021C170BDE870401B206D
:10C3700000F09ABE01214FF4967003F0BBFCF04927
:10C38000A1F582600162092181700021C170BDE8C0
:10C3900070401B2000F088BE01214FF4167003F09E
:10C3A000A9FCE749A1F582600162092181700021A1
:10C3B000C170BDE870401B2000F076BE0121002056
:10C3C00003F098FCDE49A1F58260016209218170C9
:10C3D0000021C170BDE870401B2000F065BED94847
:10C3E00000F5EA61447101620C2181700024C4707F
:10C3F000312000F059FED448047070BDD349A1F13A
:10C4000040000162042181700021C1704079BDE8C3
:10C41000704000F049BECE48006800F0FBFDC948FE
:10C42000447270BDCB48006800F0F4FDC54844720A
:10C4300070BDC948006800F0EDFDC248447270BD8F
:10C44000C648006800F0E6FDBE48447270BDC448AE
:10C45000006800F0DFFDBB48447270BDC14C012094
:10C460002070F8F723FA20780028BF48008A14BF0C
:10C4700000210121F8F754F9F8F716FABB48002417
:10C480000480B1480470F8F711FAB7480121808B95
:10C49000F8F746F9F8F708FAB549A1F1800001620A
:10C4A00006218170C470BDE87040084600F0FCBDF4
:10C4B000A54800240470F8F7F9F9AB4D0121A88BC9
:10C4C000F8F72EF9F8F7F0F9A64E3470F8F7EEF910
:10C4D00030780028288A14BF00210121F8F720F9BC
:10C4E000F8F7E2F9A148A2490480A1F180000162B5
:10C4F00006218170C470BDE87040084600F0D4BDCC
:10C500009C49012008709A49A1F18000016206212E
:10C5100081700021C170BDE87040072000F0C4BDEB
:10C520009449002008709249A1F18000016206211F
:10C5300081700021C170BDE87040072000F0B4BDDB
:10C540008049012220468C750A760022CA75BDE812
:10C550007040012100F014B97A4800F5016184753A
:10C560000162052181700021C170BDE870408B20FF
:10C5700000F09ABD734920468C75BDE870400121DA
:10C5800000F0FEB86F480021807DBDE8704000F0EB
:10C59000F7B86C4C0020E0752076FCF733FF764945
:10C5A00001200870E0740146A07DBDE8704000F0F5
:10C5B000E7B8644C01250020E5752076FCF722FFE2
:10C5C0006D480570E574A07DBDE87040012100F064
:10C5D000D7B85C4C012500202576E075FCF712FFEA
:10C5E00065480570E574A07DBDE87040012100F04C
:10C5F000C7B85448002100F5066241740262042263
:10C600008270C170BDE87040402000F04DBD4D48C3
:10C610000121417400F50A6101620A218170002143
:10C62000C170BDE870404C2000F03EBD454802217D
:10C63000417400F5146101620A2181700021C1700A
:10C64000BDE87040562000F02FBDBDE87040FF20CF
:10C6500000F04ABDBDE87040002000F045BDBDE8D7
:10C660007040012000F040BDBDE87040022000F0A5
:10C670003BBDBDE87040032000F036BDBDE8704012
:10C68000FF2000F073BDBDE87040002000F06EBDDB
:10C69000BDE87040012000F069BDBDE87040022097
:10C6A00000F064BDBDE87040032000F05FBDBDE850
:10C6B0007040042000F05ABDBDE87040052000F035
:10C6C00055BDBDE87040062000F050BDBDE870408B
:10C6D000072000F04BBDBDE87040FF2000F0C0BC5B
:10C6E000BDE87040002000F0BBBCBDE870400120F8
:10C6F00000F0B6BCBDE87040022000F0B1BCBDE85F
:10C700007040032000F0ACBCBDE87040042000F095
:10C71000A7BCBDE87040052000F0A2BCBDE8704099
:10C72000062000F09DBCBDE87040072000F098BCDA
:10C730001248017881F001010170FEF78BBD000005
:10C74000084F0020F84A0020F14A0020384B002012
:10C75000C4490020C8490020CC490020D449002009
:10C76000D84900204B4A00203E8C0108405600204A
:10C77000784B00204A4A0020A7560020F04A0020AB
:10C780002DE9F843FF4C88460646A072F8F702F9F7
:10C7900060630068FC4F40B9F6F702FFF7F7EAFC68
:10C7A0003968B1FBF0F0616B086002F0B9FB01255C
:10C7B000FF280DD0B8F1000F00F0C482313E092EE1
:10C7C00048D2DFE806F047470C141C242C343E0006
:10C7D000EEA0F0A1C4E909012571BDE8F883606B02
:10C7E00090ED901A9FEDEF0AF0EE400A26E0606BA4
:10C7F00090ED8E1AD0ED8C0A90ED8A0A1EE0606BE7
:10C8000090ED8D1AD0ED8B0A90ED890A16E0606BE1
:10C8100090ED251AD0ED1F0A90ED1B0A0EE0606B1B
:10C8200090ED501AD0ED4A0A90ED440A06E0606B94
:10C8300090ED6F1AD0ED6E0A90ED470A00F020FEE1
:10C8400008E0606B90ED6F1AD0ED6E0A90ED480A2B
:10C8500000F016FEE07D00287DD00B2E28BFBDE83D
:10C86000F883DFE806F061FE06071625344352FD23
:10C870008600B2E7CCA000F0F5FD606B6FF00C0114
:10C8800090ED8C0A881E00F0F3FDBDE8F84300F03F
:10C8900001BEC9A000F0E6FD606B6FF00C0190EDE9
:10C8A0008B0A881E00F0E4FDBDE8F84300F0F2BDFD
:10C8B000C5A000F0D7FD606B6FF00C0190ED210A70
:10C8C000881E00F0D5FDBDE8F84300F0E3BDC2A02E
:10C8D00000F0C8FD606B6FF00C0190ED4A0A881EF5
:10C8E00000F0C6FDBDE8F84300F0D4BDBEA000F0E6
:10C8F000B9FD606B6FF00C0190ED6E0A881E00F0C0
:10C90000B7FDBDE8F84300F0C5BDBBA000F0AAFD2F
:10C91000606B6FF00C0190ED6E0A881E00F0A8FDB0
:10C92000BDE8F84300F0B6BDB748E5720570B748FA
:10C930000570F8F72FF80721C0F8C011F8F72AF8AA
:10C9400000683968B1FBF0F0B1490988F3F748FE97
:10C95000F4F735FA00E01EE04FF6FF7101EA4000FF
:10C960000021FF2300911A461946F4F7B1FABDE8F9
:10C97000F883F6F7E5FF28B1A64860620020A062C0
:10C98000257104E0A44860620020A0622571BDE822
:10C99000F843F6F705BE207E00287CD00B2E28BF7A
:10C9A000BDE8F883DFE806F006DE071625344352BB
:10C9B00064E47300B8E799A000F054FD606B6FF079
:10C9C000080190ED900A881E00F052FDBDE8F84382
:10C9D00000F060BD96A000F045FD606B6FF00801AF
:10C9E00090ED8E0A881E00F043FDBDE8F84300F08C
:10C9F00051BD94A000F036FD606B6FF0080190ED22
:10CA00008D0A881E00F034FDBDE8F84300F042BDF9
:10CA100092A000F027FD606B6FF0080190ED270AEF
:10CA2000881E00F025FDBDE8F84300F033BD90A05E
:10CA300000F018FD606B6FF0080190ED500A881E41
:10CA400000F016FDBDE8F84300F024BD8EA000F014
:10CA500009FD606B6FF0080190ED6F0A881E01E020
:10CA600086E07FE000F004FDBDE8F84300F012BD71
:10CA70008BA000F0F7FC606B6FF0080190ED6F0A7F
:10CA8000881E00F0F5FCBDE8F84300F003BDF6F7A2
:10CA900057FF002800E002E03FF474AF6CE70B2E74
:10CAA00028BFBDE8F883DFE806F0075D0608172514
:10CAB00033414F6367005AE736E77FA000F0D2FCAE
:10CAC000606B6FF0010190ED8A0A480000F0D0FC25
:10CAD000BDE8F84300F0DEBC7CA000F0C3FC606B56
:10CAE000002190ED890A881E00F0C2FCBDE8F843E1
:10CAF00000F0D0BC7BA000F0B5FC606B012190ED94
:10CB00001B0A881E00F0B4FCBDE8F84300F0C2BC6C
:10CB100079A000F0A7FC606B022190ED440A002090
:10CB200000F0A6FCBDE8F84300F0B4BC78A000F02B
:10CB300099FC606B032190ED470A012000F098FCFE
:10CB4000BDE8F84300F0A6BC77A000F08BFC606B5A
:10CB5000062190ED480A042000F08AFCBDE8F84365
:10CB600000F098BCBDE8F8430621754801F084B98F
:10CB7000BDE8F84300F01CBAF6F7E2FE00283FF4E7
:10CB800001AFF9E6F84A0020E4490020CEF8E8E1D8
:10CB9000EAE00000426164206672657175656E634B
:10CBA0007900000000000000C5ECEAEEF1F2FC2084
:10CBB00031204F6D00000000C5ECEAEEF1F2FC20E0
:10CBC000313030204F6D0000C5ECEAEEF1F2FC2070
:10CBD00031206B4F6D000000C5ECEAEEF1F2FC2055
:10CBE0003130206B4F6D0000C5ECEAEEF1F2FC2015
:10CBF000313030206B4F6D00C5ECEAEEF1F2FC20D5
:10CC00003130204D4F6D00004B4A00201756002058
:10CC1000AE49002084AF000898AF0008C8EDE4F3E7
:10CC2000EAF2E8E2EDEEF1F2FC2053484F525400F4
:10CC3000C8EDE4F3EAF2E8E2EDEEF1F2FC20312097
:10CC40004F6D0000C8EDE4F3EAF2E8E2EDEEF1F238
:10CC5000FC20313030204F6D00000000C8EDE4F3BF
:10CC6000EAF2E8E2EDEEF1F2FC2031206B4F6D00CC
:10CC7000C8EDE4F3EAF2E8E2EDEEF1F2FC20313047
:10CC8000206B4F6D00000000C8EDE4F3EAF2E8E22B
:10CC9000EDEEF1F2FC20313030206B4F6D000000E2
:10CCA000C8EDE4F3EAF2E8E2EDEEF1F2FC20313017
:10CCB000204D4F6D00000000D1EEEFF0EEF2E8E203
:10CCC000EBE5EDE8E52031204F6D0000D1EEEFF00F
:10CCD000EEF2E8E2EBE5EDE8E520313030204F6D93
:10CCE00000000000D1EEEFF0EEF2E8E2EBE5EDE857
:10CCF000E52031206B4F6D00D1EEEFF0EEF2E8E26F
:10CD0000EBE5EDE8E5203130206B4F6D00000000D1
:10CD1000D1EEEFF0EEF2E8E2EBE5EDE8E5203130C0
:10CD200030206B4F6D000000D1EEEFF0EEF2E8E244
:10CD3000EBE5EDE8E5203130204D4F6D00000000BF
:10CD4000D8540020F7F726FEA07A3438062828D2D7
:10CD5000DFE800F003090F151B21BDE8F8430221AD
:10CD6000144801F089B8BDE8F8430521124801F0E4
:10CD700083B8BDE8F8430421104801F07DB8BDE850
:10CD8000F84303210E4801F077B8BDE8F8430221CB
:10CD90000C4801F071B8BDE8F84301210A4801F0E0
:10CDA0006BB80A4800F11001C4E909012571BDE81A
:10CDB000F88300001A550020FC540020265500205E
:10CDC0003E55002050550020304B0020B0FD00089B
:10CDD0002DE9F04F83B000F071FB20B103B0BDE846
:10CDE000F04F00F027BA6D4F00242546786A0028DE
:10CDF00018BF0124B96A002918BF0125DFF8A091E6
:10CE0000DFF8A08120B3387BA04206BF787BA84220
:10CE1000FCF7F8FAB8F80010B9F80000CDE9000105
:10CE20000221614B08467A6AFCF734F8BA6A52B1BB
:10CE3000B8F80010B9F80000CDE900015A4B032101
:10CE40000220FCF727F83C737D7303B0BDE8F08F38
:10CE50003C737D73B878002819BF386A002803B086
:10CE6000BDE8F08F4FF0010AB8784FF0000544B2EA
:10CE7000B878052814D3F878052838BF05240FD3CF
:10CE8000F878001F45B2F878401C44B2B878844264
:10CE9000C4BFB87844B2002DBCBF03B0BDE8F08F6A
:10CEA000B87BA84204BFF87BA04208D1387CF9784F
:10CEB000884201BFF87C002803B0BDE8F08FBD7345
:10CEC000FC73F87838744FF00000EEB2F874A642A4
:10CED000B8BFAAEB050B34DAF878B0420EBF4FF4B6
:10CEE00078402F480088B978002919BF396A00298D
:10CEF00003B0BDE8F08FB8F80020CDE9000201EBE7
:10CF00000610397D50F821200BEB060000EBC00124
:10CF100001EB0019A9F1190081B2234B4FF0190060
:10CF2000FCF77AF8B8F8000000902048A9F1190140
:10CF30004B46EF220088FBF73FFE701CC6B2A642AC
:10CF4000CADB052CA4BF03B0BDE8F08FE4B2052C0A
:10CF500032BFAAEB050503B0BDE8F08FB878002812
:10CF600019BF386A002803B0BDE8F08FB8F8000098
:10CF7000009005EB040000EBC00101EB0013A3F1EE
:10CF800019014FF0EF024FF00A00FBF715FE601C8D
:10CF9000C4B2052CE2D303B0BDE8F08FF84A0020FC
:10CFA000124A0020144A0020045700202A5700206B
:10CFB00070B5F6F7C5FC00250B4C012618B90B48D7
:10CFC000C4E9090526710A2008F07EFAF6F7F0FC9C
:10CFD00020B107A0C4E90905267170BD08A0C4E905
:10CFE0000905267170BD0000F84A002098AF0008BE
:10CFF00020202020D1EEF5F0E0EDE5EDEE00000080
:10D00000CEF8E8E1EAE020F1EEF5F0E0EDE5EDE85C
:10D01000FF00000038B50C4901240C700B49098849
:10D02000F3F7DEFA0A48009403780A4802780A48BF
:10D0300001780020F3F74CFF08480021FF2201622D
:10D040000274817038BD000016560020AE490020E1
:10D05000145600201356002012560020F84A0020D3
:10D0600070B504460C480D490470002008700C4D42
:10D0700028700C4901220A7101F5D0720A6204225B
:10D080008A70C870012000F00FF82C702978BDE874
:10D0900070400020FDF7F2BE1456002020560020FC
:10D0A00021560020F84A00200E498A78002A1ABF2B
:10D0B0000B6A002B70474FF0000291F802C06245E6
:10D0C00028BF704703EB021C9CF80CC0844501D1BB
:10D0D000CA707047521C91F802C0D2B26245F1D3B7
:10D0E00070470000F84A002070B50D4908700D49DE
:10D0F00000250D700C490D700C4C012121710C495B
:10D100000870087802F0E4FD04F5D0702062042075
:10D11000A070E570BDE870404B20FFF7C5BF000070
:10D12000125600202056002021560020F84A0020E8
:10D130001F56002010B50A4C207061B1F7F7B6FBFE
:10D1400008482178008A00290CBF01210021F7F747
:10D15000E7FAF7F7A9FB04490020088010BD00009A
:10D160004B4A00203E8C01084056002070B5044612
:10D170000C480D4D0470002028700C4908700C49B3
:10D1800001220A7101F5D0720A6204228A70C87005
:10D190005520FFF789FF2C702978BDE870400120E9
:10D1A000FDF76CBE135600202056002021560020AB
:10D1B000F84A0020FEE70000014840787047000070
:10D1C000EC550020064910B5002048700870FCF7A7
:10D1D00019F90449012008700349087010BD0000C6
:10D1E000EC550020A75600200B4B0020014890ED85
:10D1F000010A7047EC55002004488269016A914297
:10D20000C7BF491E0162012141707047EC550020E3
:10D2100000B50246F7F7C2FB00EE902A0448F8EE8C
:10D22000E00A90ED011A00EE801A80ED011A00BDAF
:10D23000EC5500202DE9F0437F4D83B00120A8700C
:10D240007E4E7F4C6A6942B121883088CDE9000169
:10D250007C4B00210120FBF71DFE01200AF0ACFDF4
:10D26000DFF8E48198F8000070B92088009004216C
:10D270000190764B76A20846FBF70CFE002108468B
:10D2800095ED030A0AF06CFB724F387870B920886C
:10D29000009001906D4B6EA202210620FBF7FAFD73
:10D2A0000021084695ED040A0AF002FC98F80000F7
:10D2B000397808430ED0208800900190634B64A217
:10D2C00002210120FBF7E6FD0021084695ED020A48
:10D2D0000AF044FD98F80000DFF87C81DFF87C91CB
:10D2E000002837D02088009004210190574B58A285
:10D2F0000846FBF7CFFD4FF478400AF0C7FF002146
:10D30000084695ED010A0AF02BFB00200AF0BEFF4B
:10D3100021883088CDE900014C4B51A20621032021
:10D32000FBF7B8FD4FF478400AF0B0FFF7F736FB93
:10D3300001200AF0F9FA00200AF0A8FF20880090E6
:10D340000190424BB8F8001041A2B9F80000FBF779
:10D3500063FE6CE038783D4B0028208800903CA2AA
:10D360004FF00201019031D00620FBF793FD4FF4FE
:10D3700078400AF08BFF0021084695ED010A0AF07B
:10D3800097FB00200AF082FF21883088CDE9000158
:10D390002E4B33A206210320FBF77CFD4FF478408F
:10D3A0000AF074FFF7F7FAFA01200AF065FB002093
:10D3B0000AF06CFF208800900190244BB8F8001010
:10D3C00023A2B9F80000FBF727FE30E00120FBF7AD
:10D3D00061FD4FF478400AF059FF0021084695EDB1
:10D3E000010A0AF0BBFC00200AF050FF21883088B7
:10D3F000CDE90001154B1AA206210320FBF74AFDD7
:10D400004FF478400AF042FFF7F7C8FA01200AF01B
:10D4100081FC00200AF03AFF2088009001900B4B1D
:10D42000B8F800100AA2B9F80000FBF7F5FD0020DB
:10D43000A87003B0BDE8F083EC550020124A00202C
:10D44000144A0020045700200F4B0020FC560020F7
:10D4500020000000104B00202C5700202A570020ED
:10D460002B2D00000149486170470000EC55002059
:10D47000024A82ED010AC2E906017047EC5500201C
:10D48000034880ED020AC0ED030A80ED041A7047DC
:10D49000EC55002010B5064801240470C1690162F2
:10D4A000FBF7B0FF034804700348047010BD000090
:10D4B000EC550020A75600200B4B002001480078B7
:10D4C00070470000EC55002070B59620F5F783FCFE
:10D4D00022480025058001F047FD214C01262671D8
:10D4E000204821490278002A1CBF0A78012A0BD063
:10D4F000607D012804BF657570BDFFF7DFFF70B167
:10D50000BDE87040FFF778BE06700D7002F098FB22
:10D51000164800210078BDE8704002F003BB606A45
:10D5200000281CBF656270BD206A60B1E178A278F6
:10D53000914228BF70BDE17800EB0110007BFDF740
:10D5400049FDE67470BD0A4820620420A070E570B1
:10D550006079BDE87040FFF7A7BD0000CE560020FF
:10D56000F84A00201E5700205C4600205546002047
:10D57000384B0020000000002DE9F04F0D462DED46
:10D580000C8B85B00446F3F7E8FBB0EE40CAF3F726
:10D59000F5FBF0EE40BAF3F702FCFB48B0EE409A20
:10D5A00090ED000ADFEDF90A204660EE208A08F0CF
:10D5B00017FCD4E90201B0EE408AF5F74EF900EE0F
:10D5C000100AC0EE080A10EE900AF5F7B2F9CDE99C
:10D5D0000001D4E90401F5F740F900EE100AC0EEAD
:10D5E000080A10EE900AF5F7A4F9CDE902019DE8CA
:10D5F0008301F5F7E1F9064638464146F5F7DCF9CF
:10D600000AEE100AD4E9080109EE906AF5F725F947
:10D6100000EE100AC0EE080A10EE900AF5F789F93C
:10D62000CDE90001D4E90A01F5F717F900EE100A77
:10D63000C0EE080A10EE900AF5F77BF9CDE9020179
:10D640009DE8C300F5F7B8F9044630463946F5F7CA
:10D65000B3F988EE8C1A0AEE904A0BEE100A9FED91
:10D66000CC8AF0EE4A0AB0EE690AF0EE481A05F0EC
:10D67000C9F988EEAB1AB0EE40AAF0EE609AF0EE6F
:10D68000481AF0EE4B0AB0EE6A0A05F0BBF9B0EEAC
:10D69000401AF0EE601AF0EE498AF0EE690AB0EE38
:10D6A0004A0A05F09EF9F0EE481AB0EE681A05F045
:10D6B000A9F9B84CB8484FF0010884ED050AC4ED4B
:10D6C000060A80F800802DB1F6F722F884ED050AED
:10D6D000C4ED060AB148F0EE481A0078401C00EE8E
:10D6E000100AB8EE401A94ED050A05F08BF984EDA6
:10D6F000050AC4ED060A10EE100A10EE907AF5F74E
:10D7000018F905460E463846F5F713F9CDE90056E7
:10D71000CDE90201A24D9DED000B85ED000BD4E992
:10D720000506F5F706F9074689463046F5F701F98B
:10D73000CDE90079CDE902019A4E9DED020B86ED0F
:10D74000000BD4E90507F5F7F4F881468A46384618
:10D75000F5F7EFF8CDE9009ACDE902019DED021B46
:10D760009DED000B05F0E2FB9FED8F1B51EC100BC4
:10D7700053EC112BF4F790FF9FED8D1B53EC112B05
:10D78000F4F7FCFFF5F718F98B4908608B4895ED25
:10D79000000B80ED000B8A4896ED000B80ED000B2E
:10D7A000F2F782FF8748B0EE409A00789FED86CB73
:10D7B000874D9FED898B9FED8AAB9FED8BBBDFF88B
:10D7C00030B200287BD0D4ED061A94ED051AD4EDC2
:10D7D000020A94ED010A05F004F910EE106A10EE49
:10D7E000907A3046F5F7A5F881468A463846F5F72F
:10D7F000A0F8CDE9009ACDE902019DED000B51ECB6
:10D80000180B53EC102BF4F7B9FF7A4AC2E9000168
:10D810003046F5F78EF8064689463846F5F789F81A
:10D82000CDE90069CDE902019DED020B51EC180B29
:10D8300053EC102BF4F7A2FF6F4A704EC2E90001BF
:10D840000020307019EE100AF5F773F853EC1A2B1C
:10D85000F4F722FF41EC1D0BD4E9050AF5F769F84E
:10D86000074689465046F5F764F8CDE90079CDE9D9
:10D8700002019DED020B53EC1D2B51EC100BF4F744
:10D880007DFFC5E90001D4E9050AF5F752F807461E
:10D8900089465046F5F74DF8CDE90079CDE902010A
:10D8A0009DED020B9FED561B51EC100B53EC112B11
:10D8B000F5F752F828BF8BED00BB28D200E0A7E0B7
:10D8C00086F80080D4E90509F5F733F8074688465D
:10D8D0004846F5F72EF8CDE90078CDE902019DED37
:10D8E00002DB19EE100AF5F724F853EC1A2BF4F7C3
:10D8F000D3FE53EC1D2BF4F7CFFE41EC100B51EC93
:10D900001C0B53EC102BF4F739FFCBE90001D4E9E1
:10D910000508F5F70EF804460F464046F5F709F8F6
:10D92000CDE90047CDE902019DED021B9DED000B05
:10D9300005F0F2FA53EC182B51EC100BF5F70CF83C
:10D9400022BF05B0BDEC0C8BBDE8F08F53EC1B2B58
:10D9500095ED000B51EC100BF4F7FEFF0CD29FED90
:10D960002A0B53EC102B95ED000B51EC100BF5F737
:10D970000BF83CBF0020307005B0BDEC0C8BBDE84F
:10D98000F08F00000000000098490020000080395E
:10D9900000000000144900204D4A0020084A0020E1
:10D9A000684A0020704A00200000000000806640A5
:10D9B000182D4454FB210940604A0020784A002079
:10D9C000804A00204B4A0020000000000000F0BF09
:10D9D000D84A002000000000000000000000F03FD6
:10D9E000182D4454FB2119400000000000000000E5
:10D9F000E04A0020884A0020904A00204C4A00203B
:10DA0000000000E0DF7CDBBD3A8C30E28E7955BE51
:10DA1000DFF8B481012088F80000D4ED061A94EDF7
:10DA2000051AD4ED020A94ED010A04F0DAFF10EEB3
:10DA3000106A10EE907A19EE100AF4F77AFF53ECA0
:10DA40001A2BF4F729FE41EC1D0B3046F4F771FF59
:10DA500081468A463846F4F76CFFCDE9009ACDE955
:10DA600002019DED020B53EC1D2B51EC100BF4F752
:10DA700085FECBE900013046F4F75BFF81468A461C
:10DA80003846F4F756FFCDE9009ACDE902019DED45
:10DA9000000B51EC180B53EC102BF4F76FFE4B4AB4
:10DAA000C2E900014A4AC2E900013046F4F741FFE9
:10DAB00081468A463846F4F73CFFCDE9009ACDE925
:10DAC00002019DED020B9FED441B51EC100B53EC3A
:10DAD000112BF4F741FF28BF85ED00BB26D20020B3
:10DAE00088F800003046F4F724FF81468A4638461D
:10DAF000F4F71FFFCDE9009ACDE902019DED02DBAD
:10DB000019EE100AF4F715FF53EC1A2BF4F7C4FDC5
:10DB100053EC1D2BF4F7C0FD41EC100B51EC1C0B2A
:10DB200053EC102BF4F72AFEC5E90001D4E90509EE
:10DB3000F4F7FFFE04460D464846F4F7FAFECDE939
:10DB40000201CDE900459DED021B9DED000B05F0A6
:10DB5000E3F99FED231B51EC100B53EC112BF4F761
:10DB600013FF16D29BED000B53EC1B2B51EC100B4B
:10DB7000F4F7F2FE0DD29FED1C0B53EC102B9BED36
:10DB8000000B51EC100BF4F7FFFE3CBF012088F8AE
:10DB900000003046F4F7CDFE04460D463846F4F753
:10DBA000C8FECDE90201CDE900459DED020B51EC27
:10DBB000180B53EC102BF4F7E1FD0D4AC2E90001FC
:10DBC0000C4AC2E90001D7E64C4A0020684A00200E
:10DBD000884A002000000000BBBDD7D9DF7CDBBD38
:10DBE00000000000006AF840956479E17FFD95BD72
:10DBF000704A0020904A0020F0B504462DED0A8BB3
:10DC000085B0F3F7AAF8B0EE40CAF3F7B7F8F0EE34
:10DC100040BAF3F7C4F84B48F0EE408A90ED000AA2
:10DC2000DFED490A204620EE209A08F0D9F8D4E921
:10DC30000201B0EE408AF4F710FE00EE100AC0EECA
:10DC4000080A10EE900AF4F774FECDE90001D4E959
:10DC50000401F4F702FE00EE100AC0EE080A10EE0E
:10DC6000900AF4F766FECDE902019DE8C300F4F7DF
:10DC7000A3FE054630463946F4F79EFE0AEE100A2A
:10DC8000D4E9080109EE905AF4F7E7FD00EE100A16
:10DC9000C0EE080A10EE900AF4F74BFECDE9000141
:10DCA000D4E90A01F4F7D9FD00EE100AC0EE080A23
:10DCB00010EE900AF4F73DFECDE902019DE8630005
:10DCC000F4F77AFE044628463146F4F775FE89EEED
:10DCD0000C1A9FED1E8A0AEE904A0BEE100AF0EE27
:10DCE000481AF0EE4A0AB0EE690A04F08BFE89EE9B
:10DCF0002B1AB0EE40AAF0EE609AF0EE481AF0EE61
:10DD00004B0AB0EE6A0A04F07DFEB0EE401AF0EE67
:10DD1000601AF0EE690AB0EE4A0A04F062FEF0EE14
:10DD2000481AB0EE681A04F06DFE0948094A01214C
:10DD30000170117080ED030AC0ED040A05B0BDEC5E
:10DD40000A8BF0BD984900200000803900000000D7
:10DD5000144900204D4A00202DE9F041394C84B08F
:10DD60000025E07A70B1E572F6F714FE36490978BD
:10DD7000C0F8C01104B004F66420BDE8F0410C21E5
:10DD800000F07AB8314890ED000B31488DED000B72
:10DD900090ED000B8DED020BDDE9000110EE107A25
:10DDA00010EE908AF4F708FE064638464146F4F72E
:10DDB00003FE284AE17E02EBC102C2E90060481C72
:10DDC000C0B2E076A17E244E884217D2216B00EBD0
:10DDD000400001EB40043188A088B1FBF0F6F6F773
:10DDE000C9F93146F2F7FCFB0095A37862782178F7
:10DDF0000020F3F76DF804B0BDE8F08100F05AF9A7
:10DE000016480127057016A0C4E9090527711848AE
:10DE10000770F6F7AFF93188F2F7E2FBFF231A46F5
:10DE2000194600200097F3F753F8124820620C209F
:10DE3000A070E570A07D04B0401CBDE8F041C0B208
:10DE4000FFF732B9F84A002021560020684A002026
:10DE5000704A00201C7B0020AE490020175600208D
:10DE600020202020C2FBEFEEEBEDE5EDEE00000000
:10DE70001656002048520020F8B5124A002501230A
:10DE800010639176D5761C2905D90FA013A1C2E99C
:10DE900009011371F8BD154904460B7014490B7044
:10DEA000144980880988B1FBF0F6F6F763F931462A
:10DEB000F2F796FB0095A378627821780020F3F7BB
:10DEC00007F8F8BDF84A00204F6E43616C69627232
:10DED0006174696F6E537461727400004552522010
:10DEE0006A6F62436F756E74000000004B4A002039
:10DEF00017560020AE49002010B5F6F74BFD04463A
:10DF00006448817A3339072970D2DFE801F0040DC3
:10DF1000203F6484A300007E002808BF10BDFFF7E7
:10DF200065F984ED900A10BDC17D21B1FFF75EF95E
:10DF300084ED8C0A10BD007E20B1FFF757F984ED07
:10DF40008E0A10BDFFF752F984ED8A0A10BDC17D1B
:10DF500041B1FFF74BF984ED200A84ED1F0A84EDEF
:10DF60008B0A10BD007E40B1FFF740F984ED260A10
:10DF700084ED250A84ED8D0A10BDFFF737F984ED95
:10DF80001A0A84ED190A84ED890A10BDC17D51B1C8
:10DF9000FFF72CF984ED240A84ED230A84ED220A8C
:10DFA00084ED210A10BD007E50B1FFF71FF984ED0A
:10DFB0002A0A84ED290A84ED280A84ED270A10BD77
:10DFC000FFF714F984ED1E0A84ED1D0A84ED1C0A86
:10DFD00084ED1B0A10BDC17D49B1FFF707F984ED3F
:10DFE0004B0A84ED4A0A84ED490A10BD4BE0007EDD
:10DFF00040B1FFF7FBF884ED510A84ED500A84ED3F
:10E000004F0A10BDFFF7F2F884ED450A84ED440A8B
:10E0100084ED430A10BDC17D41B1FFF7E7F884EDFF
:10E020006E0A84ED4D0A84ED4C0A10BD007E40B1AD
:10E03000FFF7DCF884ED6F0A84ED530A84ED520A91
:10E0400010BDFFF7D3F884ED6D0A84ED470A84ED27
:10E05000460A10BDC17D31B1FFF7C8F884ED6E0AE4
:10E0600084ED4E0A10BD007E30B1FFF7BFF884ED9D
:10E070006F0A84ED540A10BDFFF7B8F884ED6D0AFD
:10E0800084ED480A10BD04A107A2C0E909120121CC
:10E09000017110BDF84A00204E756D6265724564CD
:10E0A0006974456E6400000042616420636F6D6DA9
:10E0B000616E64002DE9F047F6F76CFCD44F06461C
:10E0C0000125B87A322808D034285BD035287BD097
:10E0D000362800F0CD8000F0FFB8002206F5E2748B
:10E0E00006F5E67311461046F6F726FC20B9C9A0DE
:10E0F000CBA1C7E909013D71002204F118030121F8
:10E100001046F6F719FC20B9C2A0C7A1C7E909015A
:10E110003D71002204F1280302211046F6F70CFCA1
:10E1200020B9BCA0C2A1C7E909013D71002204F1D8
:10E13000380303211046F6F7FFFB20B9B5A0BEA1B6
:10E14000C7E909013D71002204F14803042110468A
:10E15000F6F7F2FB20B9AFA0B9A1C7E909013D71FB
:10E16000002204F1580305211046F6F7E5FB0028CC
:10E1700018BFBDE8F087A7A0B3A1C7E909013D71A9
:10E18000BDE8F087002206F5E27406F5017304216C
:10E190001046F6F7D1FB20B99EA0ADA1C7E9090151
:10E1A0003D71002204F1500305211046F6F7C4FB2F
:10E1B000002818BFBDE8F08796A0A7A1C7E909010C
:10E1C0003D71BDE8F087FFE7002206F5E2742346C3
:10E1D00011461046F6F7B0FB20B98EA0A0A1C7E902
:10E1E00009013D71002204F1100301211046F6F7E8
:10E1F000A3FB20B987A09CA1C7E909013D710022BA
:10E2000004F1200302211046F6F796FB20B981A005
:10E2100097A1C7E909013D71002204F130030321F0
:10E220001046F6F789FB20B97AA093A1C7E9090146
:10E230003D710022331D11461046F6F77DFB20B9D3
:10E2400074A08FA1C7E909013D71002106F11403F3
:10E2500001220846F6F770FB002818BFBDE8F087DA
:10E260006CA08AA1C7E909013D71BDE8F08700BF34
:10E27000002106F1240302220846F6F75DFB20B9CF
:10E2800064A085A1C7E909013D71002106F13403AD
:10E2900003220846F6F750FB20B95EA080A1C7E92B
:10E2A00009013D71002106F1440304220846F6F7F6
:10E2B00043FB20B957A07CA1C7E909013D710021AA
:10E2C00006F1540305220846F6F736FB20B951A0A3
:10E2D00077A1C7E909013D71B87A372826D1002214
:10E2E00006F1AC0311460120F6F726FB20B949A040
:10E2F00071A1C7E909013D71012206F1BC030021AA
:10E300001046F6F719FB20B942A06EA1C7E9090132
:10E310003D7106F1CC03022200210120F6F70CFB2F
:10E3200020B93CA06AA1C7E909013D71B87A382833
:10E3300019D106F1DC03032200210120F6F7FCFAD3
:10E3400020B934A065A1C7E909013D7106F1EC03CC
:10E35000042200210120F6F7EFFA20B92DA062A1D6
:10E36000C7E909013D71B87A39280CD106F1FC03DF
:10E37000052200210120F6F7DFFA20B925A05DA1D2
:10E38000C7E909013D71B87A31280CBF4FF0000888
:10E39000BDE8F0870024C8EBC80000EB400006EBA6
:10E3A000C00900BF09EB041000F10C032246002154
:10E3B0004046F6F7C1FA20B916A051A1C7E90901F4
:10E3C0003D71601CC4B2062CECD308F1010000F0D2
:10E3D000FF08B8F1020FDDD300242046F6F710FB4A
:10E3E00000280EDB06EB001000F5AE73224600217C
:10E3F0000120F6F7A1FA20B906A00BA1C7E909018F
:10E400003D71601CC4B2062CE7D3BDE8F087000064
:10E41000F84A0020CEF8E8E1EAE02043616C000011
:10E420004F70656E203000004F70656E2031000027
:10E430004F70656E203200004F70656E2033000013
:10E440004F70656E203400004F70656E20350000FF
:10E45000314F6D2034000000314F6D203500000039
:10E460003130304F6D2030003130304F6D20310071
:10E470003130304F6D2032003130304F6D2033005D
:10E480003130304F6D203030000000003130304FDF
:10E490006D20303100000000314B4F6D20303200D4
:10E4A000314B4F6D20303300314B4F6D20303400F5
:10E4B000314B4F6D2030350031304B4F6D203030B7
:10E4C0000000000031304B4F6D2030310000000063
:10E4D00031304B4F6D203032000000003130304B76
:10E4E0004F6D2030330000003130304B4F6D203005
:10E4F0003400000031304D4F6D20303500000000F9
:10E500004F70656E0000000010B5FEF755FE074C19
:10E5100028B1FEF757FEFFF7EFFC012020712079AC
:10E5200000281CBF0020207110BD0000F84A002008
:10E5300070B505466420F4F74EFC114800240480B1
:10E5400000F012FD0F480470FEF7B8FF0E4C0126D4
:10E5500020B1684200B2FEF75BFE0FE0606A00285F
:10E5600018BF70BD206A48B1E078A1780844A1784E
:10E57000284490FBF1F201FB1200E070267170BD9F
:10E58000CE560020514A0020F84A00200F4810B50E
:10E59000416889B221F4706141F4E06141600C4C42
:10E5A00000224FF400412046F7F7ADFC3620FAF781
:10E5B0006FFEA020FAF792FE2C20FAF769FE2046A3
:10E5C0000122BDE81040D103F7F79DBC00300140A7
:10E5D000000400480F4810B5416889B221F4706109
:10E5E00041F4E06141600C4C00224FF400412046B0
:10E5F000F7F789FC3620FAF74BFE6020FAF76EFE3B
:10E600002C20FAF745FE20460122BDE81040D10338
:10E61000F7F779BC00300140000400480022835C19
:10E6200011F802C0634507D14BB1BCF1000F1CBF0C
:10E63000521CD2B2F3D107E013F0FF0F04D11CF04B
:10E64000FF0F04BF01207047002070472DE9F04103
:10E65000224C214B0025227894F802C00D282CD0A2
:10E660001F2A26D2214601274E780978491CC9B2B3
:10E6700020281AD003F12008BCF1000F04BFC8F80D
:10E680000030A77066B194F802C0BCF1040F06D246
:10E690009E1848F82C600CF1010C84F802C06570DB
:10E6A0000A281CBF9854217003E016B99D542170AC
:10E6B000677020781D54BDE8F0819D54BCF1000FB7
:10E6C00005D00748018007496046F1F7D1FDA570E4
:10E6D00065702570BDE8F081F47C0020E8560020CC
:10E6E00068460020147D002002780021302A03D1E2
:10E6F00010F8012F302AFBD012F0FF0F18BF4FF691
:10E70000FF720CD010F8013B30391944037889B2FC
:10E71000002B1CBF01EB810102EA4101F2D1084646
:10E72000704702780021302A03D110F8012F302AD7
:10E73000FBD012F0FF020AD0D2B23039114410F8E7
:10E74000012F002A1CBF01EB81014900F4D10846CA
:10E75000704700002DE9F05F05460068B0F84400FE
:10E7600010F4004F00F049834FF0020A4FF4806824
:10E770004FF006092868B0F8441011F00F074BD08D
:10E7800030F8276016F4004F00F0B98130F82710F8
:10E7900021F0700121F4704141F0800120F8271030
:10E7A00007EB870005EBC00000F5B47490F8740126
:10E7B000002800F0ED80E078022800F0FF8020784B
:10E7C000296831F8202048F2C00322F0700222F4B8
:10E7D000E0421A4321F820202078D5F800C03CF808
:10E7E000201011F4804FBCF8501000F063810AEB48
:10E7F000C000084408EB40003CF80000C0F3090BDF
:10E80000BBF1000F00F0678122895B4660466169B9
:10E8100003F072FF00F05FB911F0100F25D00188EE
:10E8200005F5B47411F4006F54D0B0F8502021787D
:10E8300009EBC101114408EB4101405A05F52C7167
:10E84000C0F30903E361E288286803F055FF2968F3
:10E85000088820F0700020F4704040F080000880AC
:10E860002846F7F7CAFE00F0C1BA018821F0F0018E
:10E8700021F4E04141F400410180296805F12804B8
:10E88000B1F8502095F828000AEBC000104408EBBE
:10E890004000085AC0F309006864E96B0844E86363
:10E8A00000212846F7F741FC95F82400002800F0E5
:10E8B0009D82A069002840F0998295F8240040F0DC
:10E8C00080012868A0F84C104FF0000085F8240063
:10E8D00000F08CBA11F4004F00F08882018821F01A
:10E8E000700121F4704141F0800101802868B0F886
:10E8F0005020217809EBC101114408EB4101405A35
:10E9000083059B0DE3611CBF616900290BD0E28880
:10E91000286803F0F1FEE169606908446061002144
:10E920002846F7F70BFC2868B0F85010084400F2AE
:10E930000C412069C8B13E2820D8420810F0010FD0
:10E9400018BF521C4FF6FF7000EA8220088028682A
:10E95000018848F2800221F0700121F4804181F4A5
:10E9600040511143018000F041BA088820F4F8407A
:10E970000880088840F400400880E8E7420910F069
:10E980001F0F08BF521E4FF4004040EA8220DDE70F
:10E990002868B0F85020217809EBC101114408EB38
:10E9A0004101415AC1F3090BBBF1000F7ED0E2884F
:10E9B0005B46616903F0A0FE8DE000BF286816F495
:10E9C000804FB0F85010227838D00AEBC2021144C0
:10E9D00008EB4101405AC0F3090BA069834584BF8D
:10E9E0000020A06103D8B0EB0B00A0610ED122780B
:10E9F000286830F8221048F2800321F0700121F4D9
:10EA0000804181F40051194320F8221016F0400F84
:10EA10000CD02378296831F8230048F2C00220F096
:10EA2000700020F4E040104321F82300BBF1000FF8
:10EA300051D0228961695B462868E9E609EBC20288
:10EA4000114408EB4101405AC0F3090BA069584535
:10EA50003CBF0020A06103D3B0EB0B00A0610ED13E
:10EA60002178286830F8212048F2800322F07002D3
:10EA700022F4804282F400521A4320F8212016F03A
:10EA8000400F0CD12278296831F8220048F2C003E7
:10EA900020F0700020F4E040184321F82200BBF180
:10EAA000000F18D0628961695B4600E013E02868B6
:10EAB000AEE600BF09EBC000084408EB40003CF89C
:10EAC0000000C0F3090BBBF1000F04D062895B4664
:10EAD000604661699CE6E0695844E06160695844B9
:10EAE0006061A06910B12069584504D92178284691
:10EAF000F7F724FB03E02146286803F05DFA16F0DF
:10EB0000800F00F0738107EB8700296805EBC000D8
:10EB100000F1280431F8270020F0F00020F4E04054
:10EB200040F4004021F82700E078022831D116F4A3
:10EB3000807F2ED0286816F0400FB0F85010227851
:10EB40007DD00AEBC202114408EB4101405AA16991
:10EB5000C0F3090081429CBF0020A0613FD9091A7F
:10EB6000A1613CD016F4804F0DD021782B6833F88A
:10EB700021204CF2800C22F0700222F4E04242EAA2
:10EB80000C0223F8212094F8241001293CD000F035
:10EB90001EB92868B0F8502021780AEBC101114451
:10EBA00008EB4101405AA169C0F3090081429CBFB2
:10EBB0000020A0610ED9091AA1610BD0616901443E
:10EBC0006161E1690844E0612146286803F0F4F9D5
:10EBD00000F00CB921782846F7F7A7FA06E121786A
:10EBE0002846F7F7A2FA16F4804F62D022782868F8
:10EBF00030F822104CF2800321F0700121F4E04142
:10EC0000194320F82210E2E0616901446161E16981
:10EC10000144E161226A21698A4224BF0846111A2F
:10EC200007D24FF00001002A84F8241018BF1046C4
:10EC300000D02162617819B101292BD033E039E08D
:10EC40002968B1F850201144227801EB021101F239
:10EC5000044160B13E2812D8420810F0010F18BFDD
:10EC6000521C4FF6FF7303EA82220A801BE00A88D7
:10EC700022F4F8420A800A8842F40042F5E7420989
:10EC800010F01F0F08BF521E4FF4004343EA8222C8
:10EC90000A8008E02968B1F850201144227801EB7D
:10ECA0000211A1F8040483B222896169286803F083
:10ECB00042FD8CE009EBC202114408EB4101405ACD
:10ECC000A169C0F3090081423CBF0020A06106D3C6
:10ECD000091AA16103D016F4804F15D022E02178E3
:10ECE0002846F7F722FA16F4804F70D120782A6868
:10ECF00032F820104CF2800321F0700121F4E04141
:10ED0000194322F8201062E02278296831F8223075
:10ED10004CF2800C23F0700323F4E04343EA0C032D
:10ED200021F8223094F82410012950D1616901445E
:10ED30006161E1690144E1612269216A914203D381
:10ED40001046091A216205E011B10846002121622E
:10ED500084F824106278296812B1012A29D030E0A1
:10ED6000B1F850201144227801EB021101F20C415C
:10ED700060B13E2812D8420810F0010F18BF521C93
:10ED80004FF6FF7303EA82220A801AE00A8822F40F
:10ED9000F8420A800A8842F40042F5E7420910F07E
:10EDA0001F0F08BF521E4FF4004343EA82220A801D
:10EDB00007E0B1F850201144227801EB0211A1F8CC
:10EDC0000C0483B262896169286803F0B4FC21787D
:10EDD000286830F8212048F2800322F4415222F4BE
:10EDE000804282F030021A4320F821202868B0F8CF
:10EDF000440010F4004F7FF4BDAC0020BDE8F09F4C
:10EE000070B53C4882B0816D21F001018165816857
:10EE100021F0010181603848016821F001010160A1
:10EE200000F0BCFB354D06462978884238BF0446C1
:10EE30000DD200BF4FF00001204600F073FE01200C
:10EE400006F042FB601CC4B228788442F2D3FAF781
:10EE5000D9FA2B492B482E4B09880088CDE90001AF
:10EE60002A492948097850F8212002210320FAF77D
:10EE700011F8F5F77FF904462648006884420CD063
:10EE8000F5F714FD244D210C2889F5F749FCA1B2B2
:10EE90006889F5F745FCF5F707FD4FF47A7006F041
:10EEA00013FB34000AD00021204600F03BFE012075
:10EEB00006F00AFB601E10F0FF04F4D1FAF7A2FA84
:10EEC00000224FF400711548F7F71DF800220821C1
:10EED0004FF09040F7F717F802214FF09040F7F706
:10EEE0000DF80028F8D002B06420BDE8704006F0AC
:10EEF000EBBA000000000240080402405546002022
:10EF0000144A0020124A0020204A00200C4B002006
:10EF100004570020B84600203E8C01080004004839
:10EF2000DFF830C010B40C4B0CF11C02FF201B6842
:10EF3000126800215CF82140B3FBF4F4944202D142
:10EF400010BC08467047491CC9B20729F2D310BC4F
:10EF50007047000078780020E44900200149012032
:10EF600048717047A05600200149002088857047ED
:10EF7000A0560020F8B515460E460B4600920446F2
:10EF800000224FF4C05100F023F890B9334600221C
:10EF900080212046009500F07FF850B933460022CA
:10EFA0004FF4C0612046009500F012F8002808BF19
:10EFB000F8BD206E40F0200020660320F8BD024618
:10EFC000002092680A4218BF01207047C160704754
:10EFD0002DE9F8431F460E460446089DF6F798FFB4
:10EFE000401B3D1AF6F794FF80462A480068C0EBA4
:10EFF000C00000EB8000000D68430090206880682E
:10F00000304218D0B6F5C06F04BF2068007BB7F15E
:10F01000FF3F0CD0F6F77CFFA0EB0800A8420DD212
:10F0200065B10098002808BF0025401E00902068A8
:10F0300080683042E6D10020BDE8F883206841684E
:10F0400021F0E00141606068B0F5827F0BD1A068DB
:10F05000B0F5004F18BFB0F5806F04D1206801688B
:10F0600021F040010160A06AB0F5005F09D120687D
:10F07000016821F4005101602068016841F40051E9
:10F080000160012084F85D00002084F85C0003200A
:10F09000BDE8F88388470020F8B51F460446069D62
:10F0A000F6F736FF401B3D1AF6F732FF06462648B4
:10F0B0000068C0F3CB30684300902068806810F08F
:10F0C000800F13D0B7F1FF3F0BD0F6F721FF801B65
:10F0D000A8420DD265B10098002808BF0025401E47
:10F0E00000902068806810F0800FEBD10020F8BD00
:10F0F0002068416821F0E00141606068B0F5827FDE
:10F100000BD1A068B0F5004F18BFB0F5806F04D1E7
:10F110002068016821F040010160A06AB0F5005F3D
:10F1200009D12068016821F400510160206801685C
:10F1300041F400510160012084F85D00002084F852
:10F140005C000320F8BD0000884700202DE9F04F47
:10F150000546FF48CC0885B0427905EBD100029006
:10F1600004EB440004EB840100EB050A01EB050805
:10F1700005EB4007C4EBC400F6A146190968012A53
:10F1800003914FF000004FF0220103AA8DF8100008
:10F1900001928DF811104FF00202014605EB440B6D
:10F1A00005EB840900924FF03C0000F0F38006F07C
:10F1B0007FFE48B1022104A806F01AFFDDE9001025
:10F1C00006F016FFF3F70CFE00208DF80C007F21EF
:10F1D0008DF80D10212103AA8DF8100001928DF8F1
:10F1E00011100222014600923C2006F061FE48B157
:10F1F000022104A806F0FCFEDDE9001006F0F8FE8E
:10F20000F3F7EEFD002140208DF800108DF801008D
:10F210003C2006F04DFE28B10221684606F0E8FECB
:10F22000F3F7DEFD002000F00FFC022000F029FCC7
:10F23000019540258DF8005000213C2006F038FE55
:10F2400048B10121684606F0D3FE2146019806F038
:10F25000CFFEF3F7C5FD012000F0F6FB022000F021
:10F2600010FC029801908DF8005000213C2006F01F
:10F270001FFE48B10121684606F0BAFE21460198FA
:10F2800006F0B6FEF3F7ACFD022000F0DDFB022035
:10F2900000F0F7FB8DF8005000213C2006F008FE3E
:10F2A00048B10121684606F0A3FE2146584606F003
:10F2B0009FFEF3F795FD032000F0C6FB022000F04F
:10F2C000E0FB8DF8005000213C2006F0F1FD48B134
:10F2D0000121684606F08CFE2146504606F088FE65
:10F2E000F3F77EFD042000F0AFFB022000F0C9FB25
:10F2F0008DF8005000213C2006F0DAFD48B10121D4
:10F30000684606F075FE2146484606F071FEF3F7A2
:10F3100067FD052000F098FB022000F0B2FB8DF89D
:10F32000005000213C2006F0C3FD48B10121684691
:10F3300006F05EFE2146404606F05AFEF3F750FD09
:10F34000062000F081FB022000F09BFB8DF80050AE
:10F3500000213C2006F0ACFD48B10121684606F0D2
:10F3600047FE2146384606F043FEF3F739FD0720F5
:10F3700000F06AFB022000F084FB8DF800500021B1
:10F380003C2006F095FD002804BF05B0BDE8F08FD5
:10F3900000F0F7B806F08CFD48B1022104A806F091
:10F3A00027FEDDE9001006F023FEF3F719FD00202B
:10F3B0008DF80C007F218DF80D10212103AA8DF806
:10F3C000100001928DF811100222014600923C209B
:10F3D00006F06EFD48B1022104A806F009FEDDE941
:10F3E000001006F005FEF3F7FBFC002140208DF82D
:10F3F00000108DF801003C2006F05AFD28B10221D2
:10F40000684606F0F5FDF3F7EBFC002000F01CFB6E
:10F41000002000F036FB019540258DF800500021BA
:10F420003C2006F045FD48B10121684606F0E0FDAC
:10F430002146019806F0DCFDF3F7D2FC012000F034
:10F4400003FB002000F01DFB029801908DF8005096
:10F4500000213C2006F02CFD48B10121684606F051
:10F46000C7FD2146019806F0C3FDF3F7B9FC022061
:10F4700000F0EAFA002000F004FB8DF800500021B3
:10F480003C2006F015FD48B10121684606F0B0FDAC
:10F490002146584606F0ACFDF3F7A2FC032000F02D
:10F4A000D3FA002000F0EDFA8DF8005000213C2046
:10F4B00006F0FEFC48B10121684606F099FD2146A0
:10F4C000504606F095FDF3F78BFC042000F0BCFAE3
:10F4D000002000F0D6FA8DF8005000213C2006F004
:10F4E000E7FC48B10121684606F082FD2146484606
:10F4F00006F07EFDF3F774FC052000F0A5FA00206D
:10F5000000F0BFFA8DF8005000213C2006F0D0FC3E
:10F5100048B10121684606F06BFD2146404606F0E1
:10F5200067FDF3F75DFC062000F08EFA002000F086
:10F53000A8FA8DF8005000213C2006F0B9FC78B103
:10F540000121684606F054FD2146384604E00000DB
:10F550001E5700200007000006F04AFDF3F740FCAC
:10F56000072000F071FA002000F08BFA8DF80050AF
:10F5700000213C2006F09CFC002804BF05B0BDE83B
:10F58000F08F0121684606F033FD2146304606F033
:10F590002FFDF3F725FC05B0BDE8F08F0148007999
:10F5A000704700001E570020014840797047000056
:10F5B0001E57002001484078704700001E57002069
:10F5C0002DE9F041FE4D82B00126E870A9702E7041
:10F5D00006F030FC4FF00008AE208DF800808DF86A
:10F5E00001004746444641463C2006F061FC48B1D4
:10F5F0000221684606F0FCFC3946404606F0F8FC5D
:10F60000F3F7EEFB44F080008DF80400D5208DF870
:10F6100000408DF801000DF10408012700213C2075
:10F6200006F046FC48B10221684606F0E1FC394686
:10F63000404606F0DDFCF3F7D3FBA8788DF80040D8
:10F64000401E00F03F008DF80400A8208DF8010056
:10F650000DF10408012700213C2006F029FC48B1E7
:10F660000221684606F0C4FC3946404606F0C0FC5C
:10F67000F3F7B6FBD3208DF800408DF801008DF82C
:10F6800004400DF10408012700213C2006F010FC85
:10F6900048B10221684606F0ABFC3946404606F008
:10F6A000A7FCF3F79DFB40204FF000088DF80040C9
:10F6B0008DF80100474641463C2006F0F9FB48B171
:10F6C0000221684606F094FC3946404606F090FC5C
:10F6D000F3F786FB8DF80060002E14BF1420102075
:10F6E0008DF800008D208DF804408DF805006F46E0
:10F6F000012600213C2006F0DBFB48B1022101A8D5
:10F7000006F076FC3146384606F072FCF3F768FBEB
:10F71000802000278DF800408DF801003E463946D4
:10F720003C2006F0C5FB48B10221684606F060FCAB
:10F730003146384606F05CFCF3F752FBC820002740
:10F740008DF800408DF801003E4639463C2006F019
:10F75000AFFB48B10221684606F04AFC3146384604
:10F7600006F046FCF3F73CFB802000278DF80040B4
:10F770008DF801003E4639463C2006F099FB48B121
:10F780000221684606F034FC3146384606F030FC6B
:10F79000F3F726FBA12000268DF800408DF801002C
:10F7A000374631463C2006F083FB48B102216846CB
:10F7B00006F01EFC3946304606F01AFCF3F710FB43
:10F7C000E8780226802805D0602804BFA878102891
:10F7D00031D049E0A878202802D0402810D043E05A
:10F7E000DA208DF800408DF801008DF804600DF1ED
:10F7F0000408012700213C2006F05AFB80B933E0C1
:10F8000012208DF80400DA208DF800408DF80100F8
:10F810000DF10408012700213C2006F049FB18B334
:10F820000221684606F0E4FB3946404606F0E0FB5C
:10F83000F3F7D6FA18E0DA208DF800408DF80100D1
:10F840008DF8046001AF4FF0010800213C2006F064
:10F850002FFB48B10221684606F0CAFB41463846F4
:10F8600006F0C6FBF3F7BCFA002000F0EDF800202C
:10F8700000F007F928798DF8040081208DF8004008
:10F880008DF801000DF10408012700213C2006F04D
:10F890000FFB48B10221684606F0AAFB39464046F4
:10F8A00006F0A6FBF3F79CFA8DF80060002E08BF67
:10F8B0008DF80060F0B240F020008DF80000D920F3
:10F8C0008DF804408DF805006F46012600213C208C
:10F8D00006F0EEFA48B1022101A806F089FB314694
:10F8E000384606F085FBF3F77BFA10208DF804000C
:10F8F000DB208DF800408DF8010001AF01260021CA
:10F900003C2006F0D5FA48B10221684606F070FBAB
:10F910003146384606F06CFBF3F762FAA420002764
:10F920008DF800408DF801003E4639463C2006F037
:10F93000BFFA48B10221684606F05AFB3146384604
:10F9400006F056FBF3F74CFA6C70A62000278DF8F2
:10F9500000408DF801003E4639463C2006F0A8FAEA
:10F9600048B10221684606F043FB3146384606F0AE
:10F970003FFBF3F735FA2E2000278DF800408DF875
:10F9800001003E4639463C2006F092FA48B1022179
:10F99000684606F02DFB3146384606F029FBF3F7A2
:10F9A0001FFAAF2000278DF800408DF801003E4679
:10F9B00039463C2006F07CFA60B10221684601E03D
:10F9C0001E57002006F014FB3146384606F010FBA7
:10F9D000F3F706FA6879A8B102208DF800008DF8D7
:10F9E000010020208DF804408DF805006E460125A9
:10F9F00000213C2006F05CFA002804BF02B0BDE8FC
:10FA0000F08114E000208DF800008DF80100202026
:10FA10008DF804408DF805006E46012500213C203C
:10FA200006F046FA002804BF02B0BDE8F0810221CA
:10FA300001A806F0DDFA2946304606F0D9FAF3F7B8
:10FA4000CFF902B0BDE8F08138B5002500F007001D
:10FA500040F0B0008DF800508DF801002C4629468A
:10FA60003C2006F025FA002808BF38BD0221684670
:10FA700006F0BEFA2146284606F0BAFAF3F7B0F9C6
:10FA800038BDF8B5002700F07F0404F007008DF8BA
:10FA900000708DF801003E463D4639463C2006F098
:10FAA00007FA48B10221684606F0A2FA3146384604
:10FAB00006F09EFAF3F794F9102040EA141000269D
:10FAC0008DF800508DF80100344631463C2006F098
:10FAD000EFF9002808BFF8BD0221684606F088FA51
:10FAE0002146304606F084FAF3F77AF9F8BD0000B3
:10FAF00070B50D4604000FD0FEF748FD002D08BF7D
:10FB000070BDF4F7D3FE064821464088F4F708FE9E
:10FB1000BDE87040F4F7C8BEFEF75CFDEEE70000FC
:10FB20003E8C010810B5094C094A2071106000296B
:10FB300008BF10BDF4F7BAFE06482179C088F4F773
:10FB4000EFFDBDE81040F4F7AFBE00001E570020E7
:10FB5000344401403E8C010810B50A4C0029607104
:10FB600008BF10BDF4F7A2FE07486179408A00295A
:10FB70000CBF00210121F4F7D3FDBDE81040F4F7DC
:10FB800093BE00001E5700203E8C0108F8B50022ED
:10FB90001C4C0D46012824D06270A62000278DF849
:10FBA00000208DF801003E4639463C2006F080F9E1
:10FBB00048B10221684606F01BFA3146384606F085
:10FBC00017FAF3F70DF9002D08BFF8BDF4F76EFE34
:10FBD0000D4861788088F4F7A3FDBDE8F840F4F79C
:10FBE00063BE01206070A72000278DF800208DF8EB
:10FBF00001003E4639463C2006F05AF90028D8D18B
:10FC0000E1E700001E5700203E8C010838B50025B2
:10FC1000AE208DF800508DF801002C4629463C207E
:10FC200006F046F9002808BF38BD0221684606F0F4
:10FC3000DFF92146284606F0DBF9F3F7D1F838BDA5
:10FC400038B50025AF208DF800508DF801002C4606
:10FC500029463C2006F02CF9002808BF38BD0221B7
:10FC6000684606F0C5F92146284606F0C1F9F3F7C3
:10FC7000B7F838BD70B50C460546012251030F4850
:10FC8000F6F741F90E4E00224FF400413046F6F7E8
:10FC90003AF9002C1CBF0B480B4A08D015F8011B81
:10FCA0000170936813F0800FFBD1641EF6D13046CB
:10FCB000BDE870400122D103F6F725B900080048DD
:10FCC000000400480C300140003001407047000043
:10FCD00070B5074D04462878844206D004F001022E
:10FCE00020214FF09040F6F70EF92C7070BD000007
:10FCF0001C4A002010B5094C00220029A28560850D
:10FD000008BF10BDF4F7D2FD0548618D8089F4F776
:10FD100007FDBDE81040F4F7C7BD0000A056002065
:10FD20003E8C010810B5F4F735FE1A48817A343953
:10FD3000062928D2DFE801F003090F151B21BDE8D1
:10FD4000104002211448FEF797B8BDE81040052185
:10FD50001248FEF791B8BDE8104004211048FEF7A4
:10FD60008BB8BDE8104003210E48FEF785B8BDE80A
:10FD7000104002210C48FEF77FB8BDE81040012179
:10FD80000A48FEF779B80AA10DA2C0E909120121BB
:10FD9000017110BDF84A00201A550020FC540020C3
:10FDA000265500203E55002050550020304B0020A5
:10FDB0004E756D62657245646974456E640000003D
:10FDC00042616420636F6D6D616E640010B5F6F77B
:10FDD000DBF8BDE81040F0F7E1B9000070B5A0B065
:10FDE00000240094019402940394049405940694CE
:10FDF0000794089409941A941B941C941D941E94BF
:10FE00000A940B940C940D940E94334E0F9410940A
:10FE1000119412941394149415941694179418949E
:10FE2000F0794FF480110A110225022819BF0B2323
:10FE3000CDE900320A2300934FF001034FF0100C7C
:10FE4000CDE9043CCDE906351CBF0892002807D057
:10FE5000012804BF4FF40020099002D0022800D1ED
:10FE600009916846F6F7ACFE08B172B6FEE70F20BE
:10FE7000CDE91A054FF48060CDE91C401E94F0795D
:10FE800030B101211AA8F6F70DFD40B172B6FEE7B8
:10FE900002211AA8F6F706FD08B172B6FEE7F0795E
:10FEA000022814BF0D4941F201010C940A91002867
:10FEB00008BF189404D0012804BF4FF480001890A4
:10FEC0000AA81694F6F7CCFB08B172B6FEE700F06C
:10FED00007F820B070BD000050460020011002005D
:10FEE0001B4A10B45068DFF86CC010F00C011A48BF
:10FEF00006D01A4B042908BF03601DD0082902D080
:10FF0000C0F800C018E05168D2F804C001F47011C4
:10FF10004FF002041CF4803F04EB914104BF104BEE
:10FF2000594308D0D2F82CC00CF00F0C0CF1010C86
:10FF3000B3FBFCF35943016051680A4AC1F3031152
:10FF4000515C026822FA01F1016010BC70470000A8
:10FF50000010024000127A0088470020001BB70002
:10FF600000093D00F88C01080248016841F4700165
:10FF70000160704788ED00E02DE9F041BB4C2DEDAC
:10FF8000028B6079002804BFBDEC028BBDE8F081D4
:10FF9000B748F5F7D9F800EE100AE08C0025B8EE66
:10FFA000408A64283CBF401CE08405D3B148B24A73
:10FFB000E584016811600560E08DB04FB0F5167FF3
:10FFC00005D23978002904BF401CE08506D0E585BC
:10FFD000FAF7ECFF002818BF07F080FC208D0126FF
:10FFE0000A283CBF401C208532D32585387810B9BB
:10FFF000A08D401CA085608DA18DA0F11E029142B4
:020000040801F1
:1000000004D100281CBF6420F2F7E5FEA18D608DAD
:10001000A0F10A02914204D100281CBF6420F2F72B
:10002000DAFEA18D608D814207D330B1A5856420B1
:10003000F2F7D1FE0220FEF7E3FE91480178022993
:1000400003D20178491C017002E005708D480670EA
:1000500002214FF09040F5F751FF00280CBF4FF000
:1000600001084FF000082078874F804516D0A58200
:10007000608AB8F1000F1CBF401C608221D100B320
:100080006582E67181483D700178012903D10570D0
:100090009620F2F7A0FE26723D7012E0B8F1000F34
:1000A00008BFA5820DD0A08A0A283CBF401CA082B0
:1000B00007D3A5823D706420F2F78DFE0020FEF785
:1000C0009FFE84F8008004214FF09040F5F716FF62
:1000D00000280CBF4FF001084FF000086078804501
:1000E0000DD02583E08AB8F1000F1CBF401CE082D0
:1000F00019D1C0B1E582E6713D70667213E0B8F1C6
:10010000000F08BF25830ED0208B0A283CBF401C5F
:10011000208308D36420F2F75EFE3D702583E582DC
:10012000A5836583667384F801804FF48051584835
:10013000F5F7E4FE01280CBF4FF001084FF000086E
:10014000A07880450DD0A583608BB8F1000F1CBF4F
:10015000401C608319D1C0B16583E6713D70A67201
:1001600013E0B8F1000F08BFA5830ED0A08B0A28BA
:100170003CBF401CA08308D36420F2F72CFE3D70E6
:100180002583E582A5836583A67318EE100A41498D
:1001900084F8028008444049884234BF4FF0010887
:1001A0004FF00008E078804510D02584E08BB8F14E
:1001B000000F1CBF401CE0831CD1D8B1E583E67161
:1001C0003D706420F2F707FEE67213E0B8F1000F0D
:1001D00008BF25840ED0208C0A283CBF401C2084F8
:1001E00008D36420F2F7F7FD3D702584E583A584EC
:1001F0006584E67318EE100A284984F80380884263
:10020000B4BF4FF001084FF000082079804510D0AE
:10021000A584608CB8F1000F1CBF401C60841CD109
:10022000D8B16584E6713D706420F2F7D4FD267381
:1002300013E0B8F1000F08BFA5840ED0A08C0A28E7
:100240003CBF401CA08408D36420F2F7C4FD3D707D
:100250002584E583A5846584267484F80480BDEC38
:10026000028BBDE8F041FEF74FB90000A056002018
:10027000686900204C5600209C560020175600202C
:100280002B5600202A5600205D4600200D4B0020F2
:1002900000040048FFFF37BDFFBF47020000C8420F
:1002A0002DE9F0010268244B244DDFF89480DFF83B
:1002B00094C0984218BFB0F1804F04D0A8421CBF30
:1002C0004045604504D14C6822F0700244EA0202C5
:1002D0001D4C1E4E1E4F984218BFB0F1804F0BD0E0
:1002E000A84218BF404507D0604518BFA04203D0C0
:1002F000B04218BFB84204D1CD6822F4407245EA3A
:1003000002024D6922F0800242EA050202608A6818
:10031000C2620A688262984218BF604504D0A04257
:100320001CBFB042B84201D1096901634FF001011D
:100330004161BDE8F0017047002C0140000400401D
:1003400000080040003401400040014000440140EA
:100350000048014070B4026A22F010020262026A90
:100360004368D0F818C00C682CF4E64C2CF0807C64
:100370004CEA042C8C6822F0200242EA0412174C4A
:10038000174DA04218BFA84206D1CE6822F08002C5
:1003900042EA061222F04002A04218BFA8420DD045
:1003A000A0F18044B4F5A0341FBFA0F18044B4F59F
:1003B000A234A0F18044B4F5A43407D14C6923F4ED
:1003C000406343EA84038C6943EA84034360C0F8D2
:1003D00018C049688163026270BC7047002C0140FC
:1003E0000034014010B5FFF7E5F84FF0010120B1EE
:1003F000BDE810400020FFF7C9BBBDE81040012058
:10040000FFF7C4BB0649486820B1002048600121BD
:10041000FFF76EBB012048600146FFF769BB000093
:100420000C57002090F8241011F0010F06D001683D
:100430004A68836A22F400321A434A6090F8241012
:1004400011F0020F06D001684A68C36A22F48032B4
:100450001A434A6090F8241011F0040F06D0016886
:100460004A68036B22F480221A434A6090F82410F1
:1004700011F0080F06D001684A68436B22F400426D
:100480001A434A6090F8241011F0100F06D001684A
:100490008A68836B22F480521A438A6090F8241091
:1004A00011F0200F06D001688A68C36B22F4005255
:1004B0001A438A6090F8241011F0400F11D001689F
:1004C0004A68036C22F480121A434A60016CB1F549
:1004D000801F06D101684A68436C22F4C0021A43A7
:1004E0004A6090F8241011F0800F08BF704701682F
:1004F0004A68806C22F40022104348607047F8B5C7
:1005000000250446C0F88050F5F702FD0746206834
:1005100000686FF07E4610F0080F08D03B460022BE
:100520004FF400112046009600F090F968B9206859
:10053000006810F0040F0AD03B4600224FF48001FF
:100540002046009600F082F908B10320F8BD202073
:10055000A067E067256684F874500020F8BD10B5E8
:10056000406A0021A0F85A10A0F85210F7F7A8FF2F
:1005700010BD70B5B0F85C10C26F04460068222A46
:1005800004D0816941F00801816170BD808C626D89
:1005900008401080606D801C6065B4F85A00401EF1
:1005A000A4F85A00B4F85A00002818BF70BD20689B
:1005B000016821F4907101602068816821F00101D7
:1005C00081602020E06700256566206E012804D048
:1005D0002046F8F7E6F9256670BD2068016821F02D
:1005E00010010160B4F858102046F7F767FFF2E7F2
:1005F0000068808CC0B2F8F7D1B9000070B504462D
:1006000080682169E2690843616900251143084354
:1006100021680A6822F4037222F41442104308602D
:1006200020684168E26821F4405111434160216A29
:10063000A069084321688A6822F430621043886008
:1006400020686049A0F18042B2F59C3214D0A0F13C
:100650008042B2F588421CD0A0F18042B2F59042AF
:1006600025D0A0F18042B2F598422ED0A0F1804270
:10067000B2F5A04237D043E0086B10F0030008BF8A
:1006800001213ED0012850D0022850D003284AD062
:1006900036E0086B10F4403043D0B0F5803F44D0D2
:1006A000B0F5003F43D0B0F5403F3CD028E0086BA8
:1006B00010F4402035D0B0F5802F36D0B0F5002FA3
:1006C00035D0B0F5402F2ED01AE0086B10F4401052
:1006D00027D0B0F5801F28D0B0F5001F27D0B0F587
:1006E000401F20D00CE0086B10F4400019D0B0F58A
:1006F000800F1AD0B0F5000F19D0B0F5400F12D00E
:100700001021E26930484FF6EF76B2F5004F10D075
:1007100009294DD2DFE801F036393F4C3C4C4C4CB6
:1007200052000021EDE70221EBE70421E9E708216F
:10073000E7E709293CD2DFE801F005080E3B0B3B57
:100740003B3B2200F6F7CCF904E0F6F7E1F901E0D3
:10075000F6F7F6F968B34100606801EB5001B1FBB0
:10076000F0F080B2A0F11001B14221D84FF6F07143
:100770000140C0F3420008432168C86019E04FF40B
:100780000040E8E7F6F7ACF904E0F6F7C1F901E05C
:10079000F6F7D6F968B1616800EB5100B0FBF1F0F3
:1007A00080B2A0F11001B1429CBF2168C86000D99D
:1007B000012500206066A066284670BD4FF4004009
:1007C000E9E700000010024000127A00816F212941
:1007D00018BF7047B0F8521071B1C16C0268098837
:1007E000C1F308011185C16C891CC164B0F85210B5
:1007F000491EA0F85210704701680A6822F0800272
:100800000A600068016841F0400101607047816F33
:10081000212918BF7047B0F8521061B1C16C02684D
:1008200009781185C16C491CC164B0F85210491E89
:10083000A0F85210704701680A6822F080020A602E
:100840000068016841F04001016070472DE9F04700
:1008500004460068089D9A46C0691746884631EAF2
:1008600000000CBF01200020B84204BF4FF0000977
:10087000202643D1B5F1FF3F37D0F5F749FBA0EB78
:100880000A00A84220D8FDB12068016811F0040FC9
:100890001CBFC06910F4006F27D021684FF40060BE
:1008A00008622068016821F4D071016020688168C5
:1008B00021F001018160A667E667C4F8806084F8D2
:1008C00074900320BDE8F0872068016821F4D0719E
:1008D00001602068816821F001018160A667E667F8
:1008E00084F874900320BDE8F0872068C06938EA76
:1008F00000000CBF01200020B842BBD00020BDE8A2
:10090000F08700002DE9F04715460E4604464FF0EB
:100910000009076808F0DAF8DFF8D8A000224FF4E1
:1009200000415046F5F7EFFA3348691EDFF8CC80F6
:100930000288701E012AE28811448BB2A188084403
:1009400082B2A9B2B0B231D0F8F7ECFCE088002650
:1009500000281BD9A0880025002812D90221404672
:10096000FEF72DFB0028F9D0A08806FB005037F8D1
:1009700010104046FEF72AFB681C85B2A088A842EA
:10098000ECD8701C86B2E088B042E3D880214046A3
:10099000FEF715FB0028F9D10122D1035046F5F7E7
:1009A000B2FA08F09DF84846BDE8F087F8F7BAFCBF
:1009B000E08800260028E9D9A0880025002812D95F
:1009C00002214046FEF7FBFA0028F9D0A08806FB7A
:1009D000005037F810104046FEF7F8FA681C85B250
:1009E000A088A842ECD8701C86B2E088B042E3D858
:1009F000CCE70000000400483857002000300140D8
:100A00002DE9F05F984615460E4604464FF0000A61
:100A1000076808F05BF800224FF400414C48F5F7F6
:100A200072FA4C48691EDFF830910288701E012A64
:100A3000A28804D0872A3ED90520BDE8F09FF02A7D
:100A4000FAD8E388872B39D8194410448BB282B284
:100A5000A9B2B0B2F8F766FCE0880026002866D993
:100A6000A0880025002820D980B206FB005037F866
:100A700010B0C3450AD002214846FEF7A0FA00286C
:100A8000F9D059464846FEF7A1FA09E00221484646
:100A9000FEF795FA0028F9D048460A99FEF796FA2B
:100AA000681C85B2A088A842DED8701C86B2E08897
:100AB000B042D5D83BE0E388F02B02D90620BDE850
:100AC000F09F194410448BB282B2A9B2B0B2F8F7C9
:100AD00029FCE0880026002829D9A08800250028C4
:100AE00020D980B206FB005037F810B0C3450AD0B9
:100AF00002214846FEF763FA0028F9D059464846D5
:100B0000FEF764FA09E002214846FEF758FA002889
:100B1000F9D048460A99FEF759FA681C85B2A088B0
:100B2000A842DED8701C86B2E088B042D5D88021B9
:100B30004846FEF744FA0028F9D10122D1030448BF
:100B4000F5F7E1F907F0CCFF5046BDE8F09F000053
:100B50000004004838570020003001400148F7F7F2
:100B6000B1BC0000806B002038B51C4D1D4A1C4CE8
:100B700068606970C2E90040002090600C23D0607A
:100B8000C2E9040300291ABF4FF4407191619061DA
:100B90004FF40041C2E90710102050621148F7F7E6
:100BA000F5FD206820F0010020600F48016841F445
:100BB00080510160206840F0010020600122114650
:100BC0002520F5F753FA2520F5F741FA0120287082
:100BD000024669460348F7F77BFE38BD4C570020B4
:100BE00000380140806B002008380140034B002290
:100BF0001A708AB201460248F7F7D4BE4C5700205B
:100C0000806B002001480078704700004C5700209E
:100C100070B5D0F8B822D0F8C032002A04BF022044
:100C200070BD01EB810500EB850C0024DCF81C6035
:100C30003EB103EBC5039B6BB6FBF3F503FB1563FA
:100C40001BB1C2F81442002070BD00231A46CCF834
:100C50001C4000F09AFCF6E770B50546D0F8B842A3
:100C600000F065FBC4F80C02D5F8B802002804BFF8
:100C7000022070BDD4F80402D5F8BC12CA6804F58D
:100C800003719047002070BD70B504460026812195
:100C900000F092FA002501212046E56200F08CFA6E
:100CA00082212046C4F86C5100F086FA2564D4F8FD
:100CB000B80248B1D4F8BC0240688047D4F8B80202
:100CC00000F0E7FEC4F8B852304670BD10B5D0E968
:100CD000AE4100291CBF94F80002FF2807D08B68A2
:100CE00094F8012221469847FF2084F80002002052
:100CF00010BD00000A210180004870479047002085
:100D00004321018000487047E047002043210180D3
:100D1000004870479C4700204321018000487047ED
:100D20002448002070B50446007C002601250028D8
:100D300034D0402302228121204600F04FFB402383
:100D4000022201212046E56200F048FBC4F86C5104
:100D5000082303228221204600F040FB4FF4077055
:100D6000256400F097FEC4F8B802002808BF0126E9
:100D700012D00546D4F8BC02006880470020C5F8B0
:100D80001402C5F81802207CD5F80422C0B1402313
:100D90000121204600F037FB304670BD4FF4007350
:100DA00002228121204600F019FB4FF40073022239
:100DB00001212046E56200F011FBC4F86C51C7E741
:100DC0004FF400730121204600F01DFBE4E710B54D
:100DD000D0F8B812002904BF022010BD027C002AFE
:100DE000D1F8042205D04023012100F00CFB0020A3
:100DF00010BD4FF40073012100F005FBF7E7024638
:100E0000022000291CBFC2F8BC1200207047D0F895
:100E1000B802C0F8041200207047D0F8B802C0F839
:100E20001022C0F8081200207047F0B50546D0F82F
:100E3000B87283B000208DF80000ADF804000646BB
:100E400008780C4610F0600125D020293CD1E288BA
:100E5000CAB110F0800F60780AD0D5F8BC128B6848
:100E600039469847E2883946284600F094F830E041
:100E700087F80002A07987F80102E28839462846FF
:100E800000F06FF825E0D5F8BC12607800228B687E
:100E9000214698471DE0607840B10A2810D00B2801
:100EA00004BF95F89C02032813D00DE095F89C022E
:100EB000032809D1022201A9284600F06CF808E0B5
:100EC00095F89C02032807D02146284600F03EF8FA
:100ED000022603B03046F0BD01226946284600F0E4
:100EE0005AF8F6E710B5D0F8B812002904BF02206E
:100EF00010BDD1F81422002A1CBF012010BD012210
:100F0000C1F81422D1F810220263B1F8102293B272
:100F1000D1F80822812100F038FB002010BD10B567
:100F2000D0F8B42252689047002010BD134610B587
:100F30000A46002100F067FA002010BD134610B5E4
:100F40000A46002100F021FB002010BD10B5044628
:100F5000802100F0EDFA2046BDE81040002100F0AD
:100F6000E7BA10B50323C0F85C21C0F89432C0F88A
:100F7000602113460A46002100F045FA002010BD0A
:100F800010B505210023C0F894121A46194600F046
:100F90003AFA002010BD10B50223C261C0F89432A5
:100FA000026213460A46002100F0EFFA002010BD4D
:100FB00010B504210023C0F894121A46194600F017
:100FC000E4FA002010BD000010B50A46024903A053
:100FD00000F094F8004810BDA07500204344432061
:100FE000436F6E66696700001220088000487047F2
:100FF0003047002010B50A46024903A000F07EF8F1
:10100000004810BDA075002043444320496E74651C
:101010007266616365000000042008800048704724
:101020002C47002010B50A46024903A000F066F8DC
:10103000004810BDA075002053544D6963726F6560
:101040006C656374726F6E696373000010B50A4655
:10105000024903A000F052F8004810BDA07500201E
:1010600053544D3332205669727475616C20436F4E
:101070006D506F72740000002DE9F0011A20088095
:101080001A481C4A1A49006812680968801829D051
:10109000194F0823BA1C0A24302537264FF0000CBC
:1010A000B4EB107F8CBF05EB107806EB107882F85C
:1010B000008082F801C00001921C5B1E04BF07F192
:1010C00012000422ECD100BFB4EB117F8CBF05EB02
:1010D000117306EB1173037080F801C00901801CC5
:1010E000521EF1D1BDE8F00103487047ACF7FF1F75
:1010F000B0F7FF1FB4F7FF1F4447002030B40025AE
:10110000002804BF30BC7047034604784FF0000C41
:1011100044B100BF13F8014F0CF1010C0CF0FF0CAF
:10112000002CF7D1022303EB4C03138012784A55AD
:101130006A1C03238B540378AA1C002B12BF0023C4
:1011400030BC704710F801CB01F802C0521CD2B27B
:101150008B54521C90F800C0D2B2BCF1000FF1D1F8
:1011600030BC7047002804BF02207047D0F8B4326A
:10117000002B1CBF0023C0F8B432002918BFC0F8F0
:10118000B01210B5012180F89C12027000F0D4F862
:10119000002010BD10B5D0F8C002F5F700F801002E
:1011A0004FF0000008BF10BD012903D0022904BF81
:1011B000012010BD022010BD10B5D0F8C002F4F718
:1011C000C7FF01004FF0000008BF10BD012903D088
:1011D000022904BF012010BD022010BD70B5944645
:1011E000044649B1D4F8B40242691AB194F89C0299
:1011F000032856D0022070BDD4F89412002504F1C3
:101200001400022904D0042918BF00293ED041E06F
:10121000D0E903318B420DD9591AC1608AB26146B7
:101220002046FFF78BFE00231A461946204600F0A1
:10123000EAF82FE08068B0FBF1F201FB12029AB9E4
:10124000884211D3D4F8981288420DD20022114658
:101250002046FFF773FE00231A4619462046C4F8BD
:10126000985200F0D0F815E0D4F8B402C16829B162
:1012700094F89C02032804BF20468847802120461A
:1012800000F056F92046FFF77BFE03E08021204660
:1012900000F04EF994F8A002012808BF84F8A0528B
:1012A00001E020469047002070BD70B51546044609
:1012B00049B1D4F8B40282691AB194F89C020328A7
:1012C00031D0022070BDD4F8941204F5AA7003291D
:1012D00002D005291FD028E0D0E903C39C450CD9D2
:1012E000ACEB0303C3600069984298BF03469AB20F
:1012F00029462046FFF71AFE17E0D4F8B402016928
:1013000029B194F89C02032804BF20468847204650
:10131000FFF74EFE09E000200146C4F89402204683
:1013200000F006F901E020469047002070BDD0F89B
:10133000C002F4F763BF000010B504461D481E4903
:10134000C0F8E842C4F8C0020160082141600221EF
:1013500081600161002181610162F5F785F8002853
:1013600018BFF3F79FFA182300221146D4F8C002E1
:10137000F4F7C0FE582300228021D4F8C002F4F70D
:10138000B9FEC02300228121D4F8C002F4F7B2FED6
:101390004FF4887300220121D4F8C002F4F7AAFEAA
:1013A0004FF4807300228221D4F8C002F4F7A2FE29
:1013B000002010BDB4720020005C004011F0800FCE
:1013C00001F07F01D0F8C00201EB810100EBC10008
:1013D00014BF90F82A0090F86A01704710B59C4637
:1013E0001346D0F8C0026246F4F711FF01004FF037
:1013F000000008BF10BD012903D0022904BF01204D
:1014000010BD022010BD10B5D0F8C002F4F72EFFB9
:1014100001004FF0000008BF10BD012903D00229D0
:1014200004BF012010BD022010BD70B5002204468B
:1014300040231146FFF7D2FF40260125C4F864611E
:101440003346002280212046C4F85851FFF7C6FFDA
:101450006662A56184F89C520020C4F89402606022
:10146000C4F8A402D4F8B80228B1D4F8B402002118
:10147000426820469047002070BD90F89C120429D5
:1014800004BF90F89D1280F89C120020704710B5A0
:1014900090F89C12032905D1D0F8B412C96900292B
:1014A00018BF8847002010BD01740020704710B598
:1014B000D0F8C002F5F78DF801004FF0000008BF2A
:1014C00010BD012903D0022904BF012010BD022054
:1014D00010BD10B5044600F52A7000F068F8012030
:1014E000C4F89402B4F8AE02C4F8980294F8A802C2
:1014F00010F01F010AD001290ED0022912D000F0ED
:101500008001204600F014F8002010BD04F52A7177
:10151000204600F079F8F7E704F52A71204600F03C
:101520008EFAF1E704F52A71204600F0C9F9EBE7DD
:1015300010B5D0F8C002F4F7B0FE01004FF0000083
:1015400008BF10BD012903D0022904BF012010BD2E
:10155000022010BD10B5D0F8C002F5F755F8010013
:101560004FF0000008BF10BD012903D0022904BFBD
:10157000012010BD022010BD90F89C1280F89D1231
:10158000042180F89C120020704710B5D0F8C002EA
:10159000F4F7B2FE01004FF0000008BF10BD0129B2
:1015A00003D0022904BF012010BD022010BD0A781B
:1015B00002704A7842708A78CB7802EB032242802C
:1015C0000A794B7902EB032282808A79C97902EB8E
:1015D0000121C180704702460020002914BFC2F8D3
:1015E000B4120220704710B5D0F8B422022422B100
:1015F00012689047002808BF0024204610BD10B58F
:10160000FFF7A8FF002010BDF8B50D4609780026A9
:1016100011F060010BD0202918BF402940F00C8147
:10162000D0F8B4128A682946904700F00DB969785D
:101630000A2980F00181DFE801F0F3F2FFF0FF8377
:1016400005FFF4A304460020ADF800006888010AF5
:10165000082974D2DFE801F09A040C1E9A9A4D57BB
:10166000D4F8B012207C0A6869469047014654E0DD
:10167000207C0028D4F8B40205D0C16A68468847A7
:101680000146022048E0816A6846884701460220F8
:10169000487042E0C0B2062878D2DFE800F00308C4
:1016A0000D121721D4F8B0024268A2B96EE0D4F846
:1016B000B00282687AB969E0D4F8B002C26852B95F
:1016C00064E0D4F8B00202692AB95FE0D4F8B0024D
:1016D0004269002A5AD0207C6946904701461CE0A6
:1016E000D4F8B0028269002A50D0207C6946904725
:1016F00007E0207C002849D1D4F8B402416B684649
:101700008847014609E0207CC8B9D4F8B402016BCF
:1017100068468847014607204870BDF8000050B170
:10172000EA88002A69D0824288BF0246ADF80020CC
:101730002046FFF730FCE888002842D15DE025E034
:101740000446A888002804BFE88800281ED16888BD
:1017500080281BD200F07F0594F89C02032815D046
:1017600084F89E5229462046FFF7A1FE2046FFF747
:101770001FFC002D0CBF0120022084F89C0263E0B6
:10178000A9784E4D04460129297008D980212046A8
:10179000FFF7CEFE00212046FFF7CAFE54E094F882
:1017A0009C0202280ED0032818D080212046FFF783
:1017B000BFFE00212046FFF7BBFE29782046FFF739
:1017C000AEFB41E041B10320616084F89C022046F9
:1017D000FFF709FF0228D9D020465FE089B1606891
:1017E00088420AD0C1B22046FFF799FB29782046EB
:1017F0006160FFF7F8FE0228C8D02046FFF7D8FB4B
:1018000022E0022084F89C0220466160FFF787FBFB
:101810002046FFF7CDFB17E003E03AE00CE040E0A4
:101820001FE0E988012907D190F89C12012918BF0F
:1018300002290BD003290FD004468021FFF778FE40
:1018400000212046FFF774FE3046F8BD002181607C
:10185000012200F1080119E00122011DFFF79BFBA5
:10186000F2E790F89C12012919BF02290329E9889F
:101870000229E1D14FF00101C160D0F8A412002982
:101880001CBF0321C160022200F10C01FFF783FBA2
:10189000DAE769880129D7D1C0F8A412FFF788FBDD
:1018A000D2E790F89C1201291CBF02290329C3D159
:1018B0006988012908BF0021C6D1EDE78C470020C7
:1018C0002DE9F0410A46044610780027097910F006
:1018D00060030AD0202B18BF402B43D1D4F8B402A8
:1018E0001146836820469847A6E000F06000202853
:1018F00007D05078002845D001282DD0032808D0E3
:1019000092E0D4F8B402114683682046BDE8F04165
:10191000184794F89C02022802D003280CD083E0D8
:10192000002918BF80297FD02046FFF701FE8021C3
:101930002046FFF7FDFD7FE0508848B9002918BF19
:10194000802905D0D088002804BF2046FFF7F0FD8D
:101950002046FFF72DFB6FE094F89C02022802D08E
:10196000032805D060E0002918BF8029DCD15BE0A6
:101970005088002860D111F07F0F1CBF2046FFF770
:1019800009FCE5E794F89C020026022802D003280F
:1019900018D049E0002918BF802945D101F07F0007
:1019A00000EB800011F0800F04EB800014BF00F109
:1019B000140100F5AA714FF0020220460E60FFF7F5
:1019C000EAFA39E001F00F0000EB800011F0800F1F
:1019D00004EB80000AD0806930B301F07F0000EB97
:1019E000800004EB800000F114050AE0D0F85801F3
:1019F000D0B101F07F0000EB800004EB800000F527
:101A0000AA75002918BF802907D02046FFF7D6FC09
:101A100000281CBF0120286000D12E600222294628
:101A20002046FFF7B8FA07E080212046FFF780FD47
:101A300000212046FFF77CFD3846BDE8F08170B5F7
:101A4000044608780D4610F060001CBF202840288E
:101A500015D194F89C0201281CBF022803280ED13E
:101A6000287901280BD8D4F8B40282682046904720
:101A7000E988084304BF2046FFF79AFA07E080216F
:101A80002046FFF755FD00212046FFF751FD0020BD
:101A900070BD70470048704794700020F0B491F812
:101AA00000C0002530F82C2022F4CE63CA7823F43D
:101AB000E043002A08BF43F400730AD0012A0CBF98
:101AC00043F48063022A04D0032A0CBF43F4C063AA
:101AD000012548F28002134320F82C300B7830F8AF
:101AE00023C02CF0700C2CF4E04C4CEA030C4CEAB4
:101AF000020C20F823C091F80CC048F2C0034CF24D
:101B00008006BCF1000F62D091F800C030F82C4084
:101B100048F2801724F0700424F4E0443C4320F899
:101B20002C40B0F850C00C7884440CEB041C0C8999
:101B300024F00104ACF80044B0F850C00C788444A0
:101B40000CEB041C4C8924F00104ACF8084491F817
:101B500001C0BCF1000F91F800C030F82C4004F433
:101B600080447DD044B130F82C4024F0700424F43B
:101B7000E044344320F82C4091F800C030F82C4069
:101B800014F0400F08D030F82C4024F0700424F4F6
:101B9000E044234320F82C30CB78012B0B7830F82D
:101BA00023C02CF4415C2CF4804C18BF8CF0200C2A
:101BB0004CEA020C20F823C0097830F8213023F0D9
:101BC000700323F480431A4320F82120C2E091F8E7
:101BD00001C0BCF1000F2AD0B0F850C00C7884448A
:101BE0000CEB041CCC8824F00104ACF8004491F800
:101BF00000C030F82C4014F0400F08D030F82C40D2
:101C000024F0700424F4E044234320F82C30CB78F3
:101C10000978012B30F8213023F4415323F4804319
:101C200018BF83F020031A4320F8212092E0B0F877
:101C3000503091F800C0034403EB0C13B1F806C018
:101C40002CF0010CA3F808C4B0F8503091F800C093
:101C5000034403EB0C1303F20C43D1F810C000E073
:101C600047E0BCF1000F2CD0BCF13E0F36D84FEA54
:101C70005C041CF0010F18BF641C4FF6FF7C0CEADB
:101C8000842C00BFA3F800C00B7830F823C01CF4EC
:101C9000804F09D030F823C02CF0700C2CF4E04CAD
:101CA0004CEA060C20F823C0097830F8213023F0E4
:101CB000700323F4804383F440531A4320F8212017
:101CC00048E0B3F800C02CF4F84CA3F800C0B3F817
:101CD00000C04CF4004CA3F800C0D5E74FEA5C14F8
:101CE0001CF01F0F08BF641E4FF4004C4CEA842CFC
:101CF000C8E744B130F82C4024F0700424F4E044E8
:101D0000344320F82C4091F800C030F82C4014F0F7
:101D1000400F08D030F82C4024F0700424F4E04444
:101D2000234320F82C300B7830F823C02CF0700CB3
:101D30002CF4804C8CF4405C4CEA020C20F823C05C
:101D40000B7830F8231021F4415121F480411143E4
:101D500020F823102846F0BC7047000070B40E7BBA
:101D60004D780A7848F2800348F2C00C4CF28004A7
:101D7000BEB3002D30F8225005F4804566D045B141
:101D800030F8225025F0700525F4E045254320F871
:101D900022500A7830F8225015F0400F09D030F860
:101DA000225025F0700525F4E04545EA0C0C20F89A
:101DB00022C091F800C030F82C2022F0700222F4EA
:101DC000E042224320F82C200A7830F822C02CF47C
:101DD000415C2CF4804C4CEA030C00BF20F822C07C
:101DE00029E0FFE7CDB130F8224014F0400F09D0D0
:101DF00030F8224024F0700424F4E04444EA0C0C4F
:101E000020F822C0097830F8212022F4415222F42F
:101E100080421A4320F8212052E030F822C01CF4FE
:101E2000804F08D030F822C02CF0700C2CF4E04C1D
:101E30004CEA040CD2E7097830F8212022F0700235
:101E400022F480421A4320F8212039E045B130F8CD
:101E5000225025F0700525F4E0452C4320F822405F
:101E60000A7830F8224014F0400F09D030F82240B0
:101E700024F0700424F4E04444EA0C0420F82240E6
:101E80000C7830F8242022F0700222F4E04242EA7A
:101E90000C0220F824200A7830F822C02CF0700CB4
:101EA0002CF4804C4CEA030C20F822C00A7830F85D
:101EB000221021F4415121F48041194320F82210CD
:101EC00070BC00207047002070470121A0F840102E
:101ED0000021A0F84010A0F84410A0F850100846C7
:101EE0007047B0F8401021F43F41A0F840100020A6
:101EF000704710B40A7B2ABB4A7848F28003002A54
:101F00000A7830F822C01ED01CF0400F0BD030F8F9
:101F100022C048F2C0042CF0700C2CF4E04C4CEAC7
:101F2000040C20F822C0CA78012A27D0097830F89A
:101F3000212022F4415222F4804282F020021A43EE
:101F400020F821201AE01CF4804F0BD030F822C07A
:101F50004CF280042CF0700C2CF4E04C4CEA040C95
:101F600020F822C0097830F8212022F0700222F4F3
:101F7000804282F440521A4320F8212010BC0020F5
:101F800070474B780978002B48F2800230F82130F6
:101F90001DBF23F4415323F4804383F0100323F047
:101FA000700304BF23F4804383F480531A4320F862
:101FB00021200020704700002DE9F00791F801C0B2
:101FC00091F80C904FF0000848F2C00548F28004E8
:101FD0004FF6FF764FF40047BCF1010F1CD0B9F16A
:101FE000000F00F05682CA78022A00F07B82012A94
:101FF0001EBF0120BDE8F00770478B690A69934254
:1020000087BF9B1A8B611A46C1F81880BCF1000F7C
:1020100000F0E88200F0FEBA0B698A699A4288BF34
:102020001A46B9F1000F33D091F803C0BCF1020F8A
:1020300052D00B7830F823C01CF0400FB0F850C0DD
:1020400084440CEB031307BFA3F804240E89A3F800
:102050000C244E8992B2521C5FEA520C4B6900EB81
:10206000460202F580620AD013F8017B13F8016B77
:1020700047EA062622F8046BBCF1010CF4D14A7839
:10208000002A00F0E181012A00F0E98100F0F4B9B2
:10209000CD881FFA82FC0CF1010C4B6900EB450561
:1020A0005FEA5C0C05F580650BD000BF13F8017B7F
:1020B00013F8016B47EA062625F8046BBCF1010C06
:1020C000F4D1B0F8503091F800C0034403EB0C1386
:1020D000A3F8042400F0D0B9D1F820C09C4540F208
:1020E00088810B7830F823C048F280152CF0700CF2
:1020F0002CF4E04C4CEA050C20F823C00B6A9B1A28
:102100000B620B7830F823C01CF0400F91F801C02F
:102110007DD0BCF1000F03D0BCF1010F2ED035E013
:10212000B0F850C084440CEB031303F20C4372B1BB
:102130003E2A17D84FEA520C12F0010F18BF0CF1CB
:10214000010C06EA8C2C00BFA3F800C01EE0B3F817
:1021500000C02CF4F84CA3F800C0B3F800C04CF455
:10216000004CF1E74FEA521C12F01F0F08BFACF110
:10217000010C47EA8C2CA3F800C007E0B0F85050DF
:1021800005EB000C0CEB0313A3F80C244D891FFA8C
:1021900082FC0CF1010C4B6900EB45055FEA5C0C1D
:1021A00005F580650BD000BF13F8019B13F801AB58
:1021B00049EA0A2925F8049BBCF1010CF4D14B69CA
:1021C00013444B61D1F810C00B6A634587BF9B1A5B
:1021D0000B621A46C1F820804B7813B1012B31D025
:1021E00039E0B0F8503091F800C0034403EB0C1311
:1021F00003F204437AB13E2A18D84FEA520C12F087
:10220000010F18BF0CF1010C06EA8C2C00E038E03D
:10221000A3F800C01FE0B3F800C02CF4F84CA3F8FA
:1022200000C0B3F800C04CF4004CEFE74FEA521C7A
:1022300012F01F0F08BFACF1010C47EA8C2CA3F879
:1022400000C008E0B0F8503091F800C0034403EB40
:102250000C13A3F80424B1F808C092B2521C4B69C5
:1022600000EB4C0C52080CF5806C70D013F8015B3D
:1022700013F8016B45EA06252CF8045B521EF5D1D4
:10228000FAE0BCF1000F03D0BCF1010F2ED034E016
:10229000B0F850C084440CEB031303F2044372B152
:1022A0003E2A17D84FEA520C12F0010F18BF0CF15A
:1022B000010C06EA8C2C00BFA3F800C01DE0B3F8A7
:1022C00000C02CF4F84CA3F800C0B3F800C04CF4E4
:1022D000004CF1E74FEA521C12F01F0F08BFACF19F
:1022E000010C47EA8C2CA3F800C006E0B0F850C0FF
:1022F00084440CEB0313A3F804240D891FFA82FC19
:102300000CF1010C4B6900EB45055FEA5C0C05F52F
:1023100080650AD013F801AB13F8019B4AEA09293A
:1023200025F8049BBCF1010CF4D14B6913444B61BB
:10233000D1F810C00B6A634587BF9B1A0B621A461F
:10234000C1F820804B781BB1012B31D03AE085E0F9
:10235000B0F8503091F800C0034403EB0C1303F2C3
:102360000C4372B13E2A17D84FEA520C12F0010FFB
:1023700018BF0CF1010C06EA8C2C00BFA3F800C0BA
:1023800020E0B3F800C02CF4F84CA3F800C0B3F878
:1023900000C04CF4004CF1E74FEA521C12F01F0F42
:1023A00008BFACF1010C47EA8C2CA3F800C009E08F
:1023B000B0F850C00CEB000391F800C003EB0C1315
:1023C000A3F80C24B1F80AC092B2521C4B6900EB7E
:1023D0004C0C52080CF5806C4ED000BF13F8015B1A
:1023E00013F8016B45EA06252CF8045B521EF5D163
:1023F00042E00A7830F8223023F4B87323F4E04343
:10240000234320F82230B0F850200B78024402EB2E
:102410000312A2F804C40B891FFA8CFC0CF1010C06
:102420004A6900EB43035FEA5C0C03F5806323D049
:1024300012F8015B12F8016B45EA062523F8045BEC
:10244000BCF1010CF4D117E00A7830F8223023F007
:10245000700323F4E0432B4320F822300CE00B7888
:1024600030F823204CF2800C22F0700222F4E0427B
:1024700042EA0C0220F82320097830F8212022F4C7
:10248000415222F4804282F03002224320F821207F
:102490001AE18B690A69934287BF9B1A8B611A46BE
:1024A000C1F81880B0F8503091F800C0034403EB35
:1024B0000C1303F20C43002A6FD03E2A07D84FEAD0
:1024C000520C12F0010F69D00CF1010CD0E04FEA70
:1024D000521C12F01F0F08BFACF1010C47EA8C220E
:1024E0001A80E5E0BCF1000F15D1B0F850200B7850
:1024F000024402EB03120B6902F2044283B13E2B49
:1025000016D84FEA530C13F0010F18BF0CF1010C51
:1025100006EA8C2313804A78AAB1012A3FD047E00B
:10252000138823F4F8431380138843F40043F1E73E
:102530004FEA531C13F01F0F08BFACF1010C47EA20
:102540008C231380E7E7B0F850200B78024402EBAD
:1025500003120B6902F20C4263B13E2B12D84FEA10
:10256000530C13F0010F18BF0CF1010C06EA8C2379
:1025700013801DE0138823F4F8431380138843F479
:102580000043F5E74FEA531C13F01F0F08BFACF1EF
:10259000010C47EA8C2313800AE06CE068E0B0F895
:1025A00050301A180B7802EB03120B8AA2F80C3485
:1025B000CA699AB30B7830F8232012F4804F18BF01
:1025C00012F0400F04D122F0BF0232F43F426FD12B
:1025D00030F8232022F0700222F4E0422A4320F84F
:1025E000232065E0B0F8503091F800C0034403EBBD
:1025F0000C1303F2044392B13E2A1BD84FEA520C4B
:1026000012F0010F18BF0CF1010C06EA8C2C00BF70
:10261000A3F800C04B78CBB1012B3FD048E0B3F812
:1026200000C02CF4F84CA3F800C0B3F800C04CF480
:10263000004CEDE74FEA521C12F01F0F08BFACF13F
:10264000010C47EA8C2CA3F800C0E3E7B0F8503047
:1026500091F800C0034403EB0C1303F20C4352B196
:102660003E2A11D84FEA520C12F0010F7FF42CAF22
:1026700006EA8C2206E01A8822F4F8421A801A88A8
:1026800042F400421A8013E04FEA521C12F01F0F6E
:1026900008BFACF1010C47EA8C22F3E7B0F850C058
:1026A0000CEB000391F800C003EB0C13A3F80C240F
:1026B000097830F8212022F0700222F4804282F45E
:1026C0004052224320F82120BDE8F0070020704747
:1026D0000021A0F844104FF43F41A0F84010002022
:1026E000704700000148F3F71FBE0000B4720020DD
:1026F000B0F844007047000000EB42005FEA530C62
:1027000000F580600AD000BF30F8042B01F8012BDF
:10271000120A01F8012BBCF1010CF5D113F0010FE5
:102720001CBF008808707047002904BF8021A0F8F2
:102730004C10002070475B1C00EB42005B0800F56A
:10274000806008BF704711F8012B11F801CB42EAF5
:102750000C2220F8042B5B1EF5D17047FEE7704772
:1027600005F0A0BE2DE9F041424E054600244FF68B
:10277000FF7700BF15F4004F05D00122022130463B
:10278000F3F7C1FB04E0002202213046F3F7BBFB64
:1027900007EA450500BF00BF00BF00BF00BF00BF84
:1027A00000BF00BF00BF00BF00BF00BF00BF00BF31
:1027B00000BF00BF00BF00BF00BF00BF00BF00BF21
:1027C00000BF00BF002201213046F3F79CFB00BF91
:1027D00000BF00BF00BF00BF00BF00BF00BF00BF01
:1027E00000BF00BF00BF00BF00BF00BF00BF00BFF1
:1027F00000BF00BF00BF00BF00BF00BF00BF00BFE1
:1028000000BF00BF00BF00BF00BF00BF00BF00BFD0
:1028100000BF00BF00BF00BF00BF00BF00BF00BFC0
:1028200000BF00BF00BF00BF00BF00BF00BF01224C
:1028300011463046F3F767FB00BF00BF00BF00BF83
:1028400000BF00BF00BF00BF00BF00BF00BF00BF90
:1028500000BF00BF00BF00BF00BF00BF00BF00BF80
:1028600000BF00BF00BF00BF601CC4B2102C81D3EA
:10287000BDE8F081000400480FB4084B10B504A96E
:1028800002AA039800F0DCFF044602A9002001F030
:102890006EFB204610BC5DF814FB00006F3F010882
:1028A0002DE9F04751EC100B2DED088BB0EE408A6E
:1028B000F0EE608AB0EE419AF0EE619AB0EE42AA74
:1028C000F0EE62AAB0EE43BAF0EE63BA53EC122B0C
:1028D000EFF7E2FE06460F4651EC190B53EC1B2BAB
:1028E000EFF7DAFE32463B46EFF72FFE80468A4688
:1028F00051EC1A0B53EC1A2BEFF7CEFE06460F469F
:1029000051EC1B0B53EC1B2BEFF7C6FE32463B463C
:10291000EFF71BFE04460D4651EC180B53EC1B2B36
:10292000EFF7BAFE06460F4651EC190B53EC1A2B83
:10293000EFF7B2FE32463B46EFF7A8FE22462B46A3
:10294000EFF71CFF06460F464046514622462B46EF
:10295000EFF714FFBDEC088B41EC100B47EC116B4B
:10296000BDE8F0872DE9F04755EC104B2DED048BB9
:1029700057EC118BB0EE439AF0EE639ABA46B0EE84
:10298000428AF0EE628A2046294653EC192BEFF773
:1029900083FE06460F464046514653EC182BEFF790
:1029A0007BFE32463B46EFF7D0FD06460F464046DB
:1029B000514653EC192BEFF76FFE80468A462046AE
:1029C000294653EC182BEFF767FE42465346EFF7C4
:1029D0005DFEBDEC048B41EC100B47EC116BBDE8C8
:1029E000F08760EE012A21EE012A20EE811A40EEE6
:1029F000A12A01EEA12A00EE611A82EE820AC1EE3E
:102A0000020A7047B0EE602A60EE210A20EE010A49
:102A100042EE010A02EE610A704703B401984100D8
:102A2000009850EAC12018BF04204A0D18BF40F09A
:102A3000010040F2FF72B2EB515F08BF40F00200AC
:102A4000012808BF052002B0704700000000000008
:102A500070B59B482DED020B2DED068B079D25F0E3
:102A60000044A04218DC9748844202DC0AD1069850
:102A700040B19DED060BBDEC068B02B0BDE8704089
:102A800000F0CFBD002DCCBF9FED8F0B9FED900BC5
:102A9000BDEC068B02B070BD8F48A04215DD8F489B
:102AA000A042D8BF4FF0FF3458DD9DED060B51EC2E
:102AB000100BFFF7B2FF042808BF00F0D9FD9DED11
:102AC000060BBDEC068B02B070BD9DED060B51EC04
:102AD000100B02F02FFDCDE9060181489FED828B9E
:102AE000A0423CDD8248A0421FDD00249FED82AB66
:102AF0009DED060B53EC1A2B51EC100BEFF725FD57
:102B00009DED060B41EC190B53EC1A2B51EC100BFD
:102B1000EFF7C2FD53EC182BEFF7B8FD53EC192B70
:102B2000EFF72CFECDE9060149E09DED060B0124EF
:102B300053EC182B51EC100BEFF707FD9DED060B36
:102B400041EC190B53EC182B51EC100BEFF79EFDD9
:102B500053EC192BEFF712FECDE906012FE0684880
:102B6000A0421FDD02249FED689B9DED060B53ECF8
:102B7000192B51EC100BEFF78FFD53EC182BEFF7DF
:102B8000E4FC9DED060B41EC180B53EC192B51ECBA
:102B9000100BEFF77BFD53EC182BEFF7EFFDCDE9B2
:102BA00006010CE09DED060B032453EC102B9FED6A
:102BB000580B51EC100BEFF7E1FDCDE906019DED4F
:102BC000060B53EC102B51EC100BEFF765FD41ECAD
:102BD000180B53EC182BEFF75FFD41EC190B4E4827
:102BE0000621B0EE490AF0EE690A784400F09DFC37
:102BF00053EC182B51EC100BEFF74EFD41EC180B7A
:102C00004648B0EE490AF0EE690A0521784400F022
:102C10008CFC53EC192B51EC100BEFF73DFD41EC04
:102C2000100B51EC180B53EC102B002C0EDAEFF7B5
:102C30008CFC9DED061B53EC112BEFF72DFD9DED4C
:102C4000061B53EC112BEFF724FD35E0EFF77DFC6D
:102C50009DED061B53EC112BEFF71EFD41EC100B05
:102C60002F48784400EBC40090ED001B51EC100B92
:102C700053EC112BEFF70AFD9DED061B53EC112BC6
:102C8000EFF704FD41EC100B2648784400EBC4003C
:102C900090ED001B51EC100B53EC112BEFF7F9FCEE
:102CA00041EC100B002DA2BFBDEC068B02B070BD35
:102CB00051EC100B81F0004141EC100B01E70000DA
:102CC000000010440000F07F182D4454FB21F93F10
:102CD000182D4454FB21F9BF0000DC3F0000203ECA
:102CE0000000F33F00000000000000000000F03F83
:102CF0000000E63F0000000000000000000000406F
:102D00000080034000000000000000000000F83FC9
:102D1000000000000000F0BFEA460100A0460100EC
:102D20002A460100E245010070B56B4E2DED040B03
:102D30002DED028B82B0DDF81CC0DDE905235C427D
:102D40002CF000411C4341EAD474049D22F0004061
:102D5000B44205D86C422C4340EAD474B4420BD937
:102D60009DED061B9DED040B02B0BDEC028B04B083
:102D7000BDE8704000F05FBCACF14054A4F17F644A
:102D80001C430BD0022404EAAC7444EAD274054319
:102D90009FED538B9FED542B07D015E09DED040B59
:102DA00051EC100B01F06AF942E0002C11BF012C2C
:102DB0009DED040B02B0BDEC028B04BF04B070BDEE
:102DC000022C38D0032C3BD00B439FED491B9FEDC9
:102DD0004A0B0AD0B14218D1B04209D121F080414A
:102DE00020F08040079105900FE0002A15DA10E0EE
:102DF000434B7B44002C08BF93ED000B0DD0012CFE
:102E000010D0022C17D0032C1AD0B0421DD1002AAA
:102E100003DAB0EE410AF0EE610A02B0BDEC028BBB
:102E200004B070BD93ED000B51EC100B81F000412C
:102E300041EC100BF1E7B0EE480AF0EE680AECE75F
:102E4000B0EE420AF0EE620AE7E7401A00153C28AD
:102E5000C8BF8DED000B19DCBCF1000FBEBF10F137
:102E60003C0F9FED290B8DED000B0FDB9DED060B4D
:102E700053EC102B9DED040B51EC100BEFF77EFC87
:102E800002F058FB01F0FAF8CDE90001002C08BF70
:102E90009DED000BC1D0012C10D0022C9FED1C0B1E
:102EA00053EC102B9DED000B51EC100B0DD0EFF7F8
:102EB000EDFB53EC182BEFF7E9FBB9E7019880F035
:102EC000004001909DED000BA7E7EFF7DFFB53EC0F
:102ED000182BEFF7DEFBABE70000F07F00000000EF
:102EE000182D4454FB210940182D4454FB2109C0DE
:102EF000182D4454FB21F9BF182D4454FB21F93FF0
:102F0000724401000000000000000000000000000A
:102F1000075C143326A6A13C10B553EC112B51ECE1
:102F2000100B02F07DFF41EC100B10BD10B553ECFF
:102F3000102B51EC110B01F0A9F841EC100B10BD56
:102F40002DED020B019820F0004001909DED000B4B
:102F500002B070470000000070B52DED040B2DEDA0
:102F6000048B8CB09DED100B8DED000B9DED120BC5
:102F70008DED020B119820F00045139820F00044CD
:102F8000AC420ADD9DED120B28468DED000B9DED48
:102F9000100B25468DED020B0446281B019503946A
:102FA000B0F1707F10DD9DED020B53EC102B9DED09
:102FB000000B51EC100BEFF7C8FA41EC100B0CB002
:102FC000BDEC048B04B070BDB748002685423EDDE1
:102FD000B648A84233DC9DED021B9DED000B00F0CE
:102FE0002AFB8DED040B0098002818BF012000EB90
:102FF0004501AF4811F5001F01D98542DFDB029979
:10300000002918BF012101EB440111F5001F01D96E
:103010008442D4DB0099C5F31300084304BF9DED3F
:10302000000B8DED040B84F07F60029980F0E0408E
:10303000084304BF9DED020B8DED040BBFE7A5F126
:103040001655A4F116544FF41676019503949FED8E
:103050009A8BB4F10C5F32DAB4F5801F27DA10EEE8
:10306000100A204308BF9DED000BA8D08DED0A8B00
:1030700093480B909DED0A0B53EC102B9DED020B2A
:1030800051EC100BEFF708FBCDE902019DED0A0BA7
:1030900053EC102B9DED000B51EC100BEFF7FCFAED
:1030A000CDE900010D46A6F2FE36039C07E005F1CE
:1030B000165504F11654A6F51676019503949DED68
:1030C000020B53EC102B9DED000B51EC100BEFF7A6
:1030D000DDFACDE904019DED020B53EC102B9DEDC3
:1030E000040B51EC100BEFF74FFC41D28DED0A8B26
:1030F0000B959DED0A0B53EC102B9DED000B51EC45
:10310000100BEFF7C3FA9DED0A0B41EC180B53ECD3
:10311000102B9DED000B51EC100BEFF716FA53EC52
:10312000182BEFF7B9FA9DED020B41EC180B51EC9F
:10313000100B81F000419DED021B53EC112BEFF7BA
:10314000ABFA53EC182BEFF7A1FA9DED0A0B41EC0B
:10315000180B53EC102B51EC100BEFF79DFA53ECBE
:10316000182BEFF793FA05F033FDCDE9040161E088
:103170009DED000B53EC102B51EC100BEFF7E5F924
:10318000CDE900018DED068B07949DED060B53EC08
:10319000102B9DED020B51EC100BEFF777FA41EC81
:1031A000190B8DED0A8B05F580100B909DED0A0B28
:1031B00053EC102B9DED000B51EC100BEFF766FA62
:1031C0009DED021B53EC112BEFF766FA9DED0A0BF8
:1031D00041EC180B53EC192B51EC100BEFF75CFA88
:1031E00053EC182BEFF7B1F99DED040B41EC180BE4
:1031F00051EC100B81F000419DED041B53EC112BA1
:10320000EFF74AFA53EC182BEFF740FA9DED060B57
:1032100041EC180B53EC102B9DED0A0B51EC100BED
:10322000EFF73AFA53EC182BEFF730FA05F0D0FC31
:10323000CDE90401002E08BF9DED040B3FF4BFAEA5
:1032400006EB11509FED200B40F2FF718DED0A0B44
:1032500088420ADB022000F02BFA0CB0BDEC048B94
:1032600004B0BDE8704000F0F3B910EE900A00EB36
:1032700006500B909DED040B53EC102B9DED0A0BAB
:1032800051EC100BEFF708FA0D4645EC100B044615
:1032900051EC100BFFF7C1FB042808BF00F0E8F960
:1032A00045EC104B8BE600000000305F0000F07F23
:1032B0000000F87F00000000000000000000000097
:1032C0000000D07F00000000000000000000F03F80
:1032D00010B52DED020B2DED088B9DED080B51EC7B
:1032E000100BEFF781FC41EC180B9DED080B53EC34
:1032F000182B51EC100BEFF7C9F941EC190B099899
:103300009FED2D0B10F0004F53EC102B51EC190BCF
:103310009FED25AB9FED26BB0DD0EFF71DFB0DD923
:1033200053EC1B2B51EC190BEFF72EFB1BD213E0C8
:1033300041EC180B17E0EFF70FFB06D253EC1A2BFA
:1033400051EC180BEFF7A2F9F2E753EC1B2B51EC01
:10335000190BEFF719FB06D853EC1A2B51EC180B8D
:10336000EFF7F3F8E4E79FED160B51EC180B53EC75
:10337000102BEFF709FB08D351EC180B9FED120B44
:1033800053EC102BEFF7E8FA02D2012000F090F98D
:1033900051EC180BBDEC088B02B0BDE81040EFF704
:1033A0007FBC000000000000000000000000F03FB3
:1033B000000000000000E03F000000000000E0BF4F
:1033C0000000C0FFFFFFDF41000000000000E0C17F
:1033D00010B52DED020B2DED088B84B09DED0C0B7F
:1033E00051EC100BEFF700FC41EC180B9DED0C0BB2
:1033F00053EC182B51EC100BEFF748F941EC190B7B
:103400000D989FED290B10F0004F53EC102B51EC51
:10341000190B9FED21AB9FED22BB0ED0EFF79CFA6D
:103420000ED953EC1B2B51EC190BEFF7ADFA1CD254
:1034300014E000BF41EC180B17E0EFF78DFA06D24D
:1034400053EC1A2B51EC180BEFF720F9F2E753EC81
:103450001B2B51EC190BEFF797FA06D853EC1A2BEC
:1034600051EC180BEFF771F8E4E78DED028B9DED51
:103470000C0B18EE901A10EE900A8DED000B61F314
:103480001E0003909DED020B04B0BDEC088B02B052
:1034900010BD000000000000000000000000F03F30
:1034A000000000000000E03F000000000000E0BF5E
:1034B00000B52DED048BB0EE409AF0EE609A83B02B
:1034C00051EC190BEFF73EFB41EC180B18EE100A0C
:1034D00018EE901A8DED008B002818BF01200843CC
:1034E00020F00040C0F17F6000F1E040C00F14D038
:1034F00019EE101A19EE900A8DED009B002918BFE5
:103500000121084320F00040C0F17F6000F1E0405D
:10351000C00F04BF012000F0CBF8B0EE480A03B0A2
:10352000F0EE680ABDEC048B00BD70B504462DEDCD
:10353000028B4D1E00EBC500B0EE408AF0EE608AB3
:1035400090ED000B35F0060017D053EC182B51EC22
:10355000100BEFF7A1F841EC100B6D1E04EBC5004A
:1035600090ED001B51EC100B53EC112BEEF7EDFF1F
:1035700041EC100B35F00600E7D1022D36D0042DBA
:103580001CD0062D1CBFBDEC028B70BD53EC182B5C
:1035900051EC100BEFF780F894ED0A1B53EC112B54
:1035A000EEF7D3FF53EC182BEFF776F894ED081BEA
:1035B00053EC112BEEF7C9FF41EC100B53EC182B19
:1035C00051EC100BEFF768F894ED061B53EC112B40
:1035D000EEF7BBFF53EC182BEFF75EF894ED040BFE
:1035E00053EC102BEEF7B1FF41EC100B53EC182B02
:1035F00051EC100BEFF750F894ED021B53EC112B2C
:10360000EEF7A3FF53EC182BEFF746F894ED001BF1
:1036100053EC112BEEF799FFBDEC028B41EC100B34
:1036200070BD10B553EC102B51EC100BEEF78DFF65
:1036300041EC100B10BD10B553EC112B51EC100BDD
:10364000EEF783FF41EC100B10BD000000000000FE
:103650009FED050B10B553EC102B51EC100BEFF751
:103660001BF841EC100B10BD0000000000000070C2
:103670009FED050B10B553EC102B51EC100BEFF731
:103680000BF841EC100B10BD000000000000001012
:1036900002E008C8121F08C1002AFAD1704770471B
:1036A000002001E001C1121F002AFBD17047000079
:1036B0000149086070470000545700202DE9FF5F62
:1036C00082B00021DDE90430020DDDF840B0034393
:1036D00018D044F61050A2F2FF324243151411984C
:1036E00001281FD0A5EB0B00401C5FEA000A4FF039
:1036F00000064E4FDFF83891B046504615D5CAF156
:10370000000413E0119801244AA3012801D16FEAB3
:103710000B010298119AC0E90031C0E9024206B0DB
:10372000BDE8F09FCBF10000DFE704460021404AEE
:10373000491842EB0450CDE9001012E0E00707D031
:1037400032463B4640464946EEF7A6FF804689464C
:1037500032463B4610461946EEF79EFF06460F4698
:103760006410002CEAD1DDE90401DDE90023BAF19F
:10377000000F06DAEEF790FF42464B46EEF78CFF5D
:1037800005E0EEF7FBFF42464B46EEF7F7FF044637
:103790000E460022284BEFF7F7F803D84FF0FF3022
:1037A000014607E00022254B20463146EEF7CDFECC
:1037B000EFF75EFA102409E0002C0ADB0A2200234E
:1037C000EEF70CFE039B30321A55641E50EA0102DC
:1037D000F2D1641C039AC4F111031444119A012A12
:1037E00003D0012208430DD10AE0084304D0002091
:1037F0004FF0110B119072E7A3EB0B056D1E0DE05E
:103800005B4504DD4FF0000205F1010504E003DA39
:103810004FF00002A5F10105002AECD002981199A1
:10382000C0E90231C0E9004579E70000000014401A
:103830000000F03F300000000000F0430000E03FD7
:103840002DE9FF4F95B09B468946064600250FE2BD
:10385000252877D100242746F84A0121059400E065
:10386000044316F8013F203B01FA03F01042F7D160
:1038700030782A2811D06FF02F033078A0F1300271
:10388000092A16D8059A44F0020402EB820203EBDF
:1038900042021044761C0590EFE759F8042B05927C
:1038A000002A03DA504244F40054059044F0020424
:1038B000761C30782E2816D116F8010F44F0040437
:1038C0002A280DD06FF02F023078A0F13003092B99
:1038D00009D807EB870302EB4303C718761CF3E70D
:1038E00059F8047B761C30786C280FD006DC4C2805
:1038F00017D068280DD06A2814D104E0742810D09D
:103900007A280FD10DE044F400140AE044F4801446
:1039100001E044F440147278824202D104F580142C
:10392000761C761C307866280BD013DC582877D0AC
:1039300009DC002875D04528F6D04628F4D0472861
:103940001AD19DE118E0632835D0642879D0652824
:1039500012D195E1702873D008DC6728F1D069286E
:103960006FD06E280DD06F2806D1B5E073282CD00B
:10397000752875D0782874D05A46179990476D1CD1
:1039800075E1C4F30250022809D003280DD0D9F8FC
:10399000001004280DD00D6009F1040967E1D9F881
:1039A0000010EA17C1E90052F6E7D9F800100D80BF
:1039B000F2E70D70F0E719F8041B8DF800100020F5
:1039C0008DF80100EA46012003E059F804AB4FF0FE
:1039D000FF3061074FF0000102D40DE008F1010152
:1039E0008846B9420FDA8045F8DB1AF8081000293A
:1039F000F4D108E008F1010188468142FADB1AF8A7
:103A000008100029F6D105985B46A0EB080721466F
:103A10003846179A00F094FA284400EB080507E0AE
:103A20004DE029E10DE01AF8010B5A46179990472D
:103A3000B8F10108F7D25B4621463846179A13E1E0
:103A400042E00A220092C4F302524FF0000A022A16
:103A500008D059F804CB032A4FEAEC710AD00DE0E4
:103A600029E02AE009F1070121F00702F2E802C18A
:103A7000914609E00FFA8CFC4FEAEC71042A03D15D
:103A80004FFA8CFC4FEAEC71002907DA0A46002154
:103A9000DCF1000C61EB02012D2202E0220504D5CD
:103AA0002B228DF80420012203E0E20701D020221E
:103AB000F7E7904659E00A2102E010220DE01021BC
:103AC0004FF0000A00910BE010224FF0000A44F082
:103AD00004040827009203E008224FF0000A009235
:103AE000C4F30252022A05D059F804CB0021032A5C
:103AF00008D009E009F1070121F00702F2E802C14C
:103B0000914605E01FFA8CFC042A01D10CF0FF0C51
:103B10004FF00008220728D5702806D0009B83F0BC
:103B2000100353EA0A0305D00EE040228DF804206A
:103B3000012208E05CEA010206D030228DF8042060
:103B40008DF8050002229046009B83F0080353EA9B
:103B50000A030AD15CEA010201D1620705D53022CD
:103B60008DF804204FF001087F1E582804D034A09F
:103B700003900EA802900DE036A0F9E75346604688
:103B8000009AEEF72BFC84460398825C0298401E54
:103B9000029002705CEA0100F0D1029806A9081AAE
:103BA00000F1200A600702D524F4803400E00127E8
:103BB000574502DDA7EB0A0000E0002000EB0A01F8
:103BC000009005984144401A0590E00306D45B46F6
:103BD0002146179A059800F0B3F90544002706E03E
:103BE00001A85A46C05D179990476D1C7F1C474538
:103BF000F6DBE0030CD55B462146179A059800F0EA
:103C00009FF9054404E030205A46179990476D1CEF
:103C10000099481E00900029F5DC08E002980299FE
:103C20005A460078491C0291179990476D1CBAF1C9
:103C30000001AAF1010AF1DC65E100000928010098
:103C40003031323334353637383961626364656612
:103C500000000000303132333435363738394142D4
:103C6000434445460000000000F058F90544761C26
:103C7000307800287FF4ECAD19B02846BDE8F08F0D
:103C8000620700D4062709F1070222F0070CFCE8BE
:103C90000223E14603F000485FEA080C02D00FF26D
:103CA000702C0DE05FEA045C02D50FF2682C07E08F
:103CB0005FEAC47C02D00FF2602C01E0AFF2700C1E
:103CC0004FF0FF3823F00043CDF850C065280CD0EA
:103CD00006DC452809D046281DD047283DD13DE0C7
:103CE000662818D067287ED138E00021112F01DB2B
:103CF000112000E0781CCDE9000106A90EA8FFF70D
:103D0000DDFCDDE90F010E9A03910021009207F11D
:103D1000010A04914DE04FF000400097CDE90110F9
:103D200006A90EA8FFF7CAFCDDE90F0203920E9B5D
:103D300011990022DDF80CA00093049211B9791CAE
:103D400000EB010AB7EB0A0004D4C0F1FF3007F121
:103D5000010A0490AAEB0700019044E0012F00DA69
:103D600001270021112F01DD112000E03846CDE9A7
:103D7000000106A90EA8FFF7A1FCDDE90F010E9ACC
:103D80000391002104910092BA4621070CD40399B3
:103D9000514500DA8A46BAF1010F05DD009AAAF111
:103DA0000101515C302908D0B84202DA10F1040F49
:103DB00006DA0121CDE9011015E0AAF10101E9E7D8
:103DC000002805DC049901440491AAEB000102E0FB
:103DD000411C514500DD8A460499401A401C01905F
:103DE0004FF000400290200704D40198504501DBB9
:103DF000CDF8048000208DF84F0002980DF14F0798
:103E0000B0F1004F25D02B200E9002984FF0020801
:103E100000280CDA404202902D200E9007E00A2183
:103E20000298EEF7E5FD3031029007F8011DB8F178
:103E30000001A8F10108F2DC02980028EFD1791EF8
:103E40000E980870307800F0200040F0450007F828
:103E5000020D12A8C01B00F107081498007800B1E9
:103E6000012000EB0A01019801EBE0710598414443
:103E7000401A401E0590E00306D45B462146179A7F
:103E8000059800F05DF805441498007818B15A467A
:103E9000179990476D1CE00324D55B462146179A7D
:103EA000059800F04DF805441CE00498002807DB55
:103EB000DDE90301884203DD0098405C179901E0C9
:103EC000179930205A469047049805F10105401C87
:103ED00004900198401E019004D12E205A46179953
:103EE00090476D1CBAF10001AAF1010ADDDC05E082
:103EF00017F8010B5A46179990476D1CB8F100014D
:103F0000A8F10108F4DC5B462146179A0598ABE658
:103F10002D0000002B000000200000002DE9F041E2
:103F2000044600251E461746880404D405E0394699
:103F30002020B0476D1C641EF9D52846BDE8F081ED
:103F40002DE9F041044600251E469046C80301D5E0
:103F5000302700E02027880404D505E04146384694
:103F6000B0476D1C641EF9D52846BDE8F0810A688B
:103F7000531C0B60107070479FED1D1AF5EE000A80
:103F800040EE010ABDEEE00AF5EEC00A10EE100A9E
:103F9000F1EE10FA38BF401E00EE100AB8EEC00A6B
:103FA00030EEC00ADFED130A20EE200ABCEEC01A84
:103FB00011EE100A80B2B0F5007F24BF002030EE71
:103FC000600A00EE900A0C49F7EE001AF8EE600A5B
:103FD00001EB800090ED011A70EE600A90ED000A8E
:103FE00071EEE01A21EE800A00EE810A70470000AF
:103FF00083F9223E00000044646A0208DFED1C0AD7
:1040000020EE200AFDEEC00AB5EEC00A10EE900ABE
:10401000F1EE10FA38BF401E00EE900AF8EEE00A0A
:1040200030EE600ADFED130A20EE200ABCEEC01A63
:1040300011EE100A80B2B0F5007F24BF002030EEF0
:10404000600A00EE900A0C49F7EE001AF8EE600ADA
:1040500001EB800090ED011A70EE600A90ED000A0D
:1040600071EEE01A21EE800A00EE810A704700002E
:1040700083F9223E00000044646A020810B541EC56
:10408000100BFEF7E5FC51EC100B10BD10B541EC28
:10409000100B43EC112BFEF747FE51EC100B10BD3B
:1040A00070B50446002016460D460F2C26D014F09D
:1040B000010F05D01346012229461C2000F025F8E7
:1040C00014F0020F05D033460122691C1D2000F0B8
:1040D0001CF814F0040F05D033460122A91C1E2041
:1040E00000F013F814F0080F08BF70BD3346E91C48
:1040F000BDE8704001221F2000F007B8BDE8704005
:10410000134604221C20AFF30080002B19BFD3F804
:104110001CC0BCF1000F4FF0FF307047002A04BFF5
:104120006FF00B00704730B49C78012C08BF40F052
:1041300080005C7813460A460146204630BC604742
:10414000F0B5002600F007005FEA900C85B000F0A3
:10415000030018BF0326002B00F0E480002701288D
:104160001ED0022850D003281EBF6FF0040005B0F7
:10417000F0BD002A18BF002976D00D4614460097DE
:104180000197029706F10C0269464FF00C00039765
:10419000FFF7BBFF002869D005B06FF00100F0BD4C
:1041A000002961D00D4600970197B21D6946122083
:1041B0000297FFF7AAFF0028EED19DF800109DF8A6
:1041C0000120032E41EA022129809DF802209DF85A
:1041D000031042EA012169809DF804109DF8052032
:1041E00041EA0221A9801EBFAF6005B0F0BD9DF875
:1041F00006309DF808209DF80710120442EA0121BC
:104200001943A96005B0F0BD002A2DD014460097CF
:1042100001970297039746B306F10C0269460C20FA
:10422000FFF773FF0028B7D19DF800209DF801101B
:1042300042EA012121809DF802209DF8031042EA04
:10424000012161809DF804109DF8052041EA0221BA
:10425000A1809DF80E309DF80D109DF80C201B04D8
:1042600043EA012111435AE05CE000E01EE006222F
:1042700069460C20FFF749FF00288DD19DF80010FA
:104280009DF8012041EA022121809DF802109DF84D
:10429000032041EA022161809DF804209DF8051069
:1042A00042EA0121A180A76005B0F0BD9DF8001091
:1042B0009DF80120032E41EA022121809DF8021081
:1042C0009DF8032041EA022161809DF804109DF8C9
:1042D000052041EA0221A1809DF806109DF80720E3
:1042E00041EA022129809DF808109DF8092041EA41
:1042F000022169809DF80A109DF80B2041EA0221F5
:10430000A98018BFAF60CED19DF80E309DF80D206A
:104310009DF80C101B0443EA02221143A960A1601E
:1043200005B0F0BD05B04FF0FF30F0BD70B582B004
:1043300004001CBFE069002809D0206A00281CBFC7
:10434000606A002803D0A078012804D00DE002B0F4
:104350004FF0FF3070BD2346012201A97F20FFF7F7
:10436000D4FE00281CBF02B070BD002626700925AF
:104370002346012219460020FFF7C7FE6A1ED5B268
:1043800002D32178D129F3D1002801BF2178D12986
:104390004FF0FF31E17004BF02B070BD4FF0B600C6
:1043A0008DF80000002C1CBF606A002827D023462F
:1043B0004FF0010269464FF07E0000F0A7FE05466F
:1043C000616A01208847D5B9A078012806D1234623
:1043D000012269467F20FFF798FE80B90221E17132
:1043E00008206071102222710322A271E1736073B0
:1043F00014202073A6736068A060E068206102B09A
:104400006FF0020070BDF0B502460020537883B013
:104410000E2B24BF03B0F0BDDFE813F00E00C80080
:10442000C6021F021F025103CD03C20438046C01EF
:104430004D058205B005E80516460C1E1CBFC8696F
:10444000002816D0086A00281EBF606A0028002EC7
:104450000FD04FF000050B4606F104078DF8005011
:104460004FF0010269464FF05000FFF74EFE20B1B9
:1044700032E003B04FF0FF30F0BD387810F0010F9C
:1044800018D09DF80010C0F3400221F0010142EA6B
:104490000101C0F3800221F0020141EA420121F052
:1044A0000401C0F3C00041EA80008DF800002046FE
:1044B000E57009E09DF800004FF0FF0120F00700D3
:1044C0008DF800002046E17003464FF00102694676
:1044D0004FF0500000F01AFE00281CBF03B0F0BDE2
:1044E0002146304603F0EEFE00281CBF03B0F0BDAD
:1044F0008DF800502346012269466220FFF705FE31
:1045000070B99DF8000010F0020F0DD020F00200ED
:104510008DF80000234601226946622000F0F6FD76
:1045200000281CBF03B0F0BD2146304603F052F90D
:1045300000281CBF03B0F0BD8DF8005023460122B7
:1045400069465920FFF7E1FD78B99DF800003978F8
:1045500020F08000890940EAC1108DF80000234650
:1045600001226946592000F0D1FD00281CBF03B08C
:10457000F0BD8DF800502346012269465F20019569
:10458000FFF7C3FD00281CBF03B0F0BD9DF800007D
:10459000022220F003008DF800008DF804007878E6
:1045A0008DF80500234601A95F209FE015460C1EEB
:1045B0001CBFC86900283FF45CAF086A00281EBF12
:1045C000606A0028002D3FF454AF4FF000070B46FF
:1045D00005F104068DF800704FF0010269464FF0B6
:1045E0005000FFF792FDF0B9307810F0200F9DF8E1
:1045F000000020F0070008D040F007008DF8000010
:104600004FF001012046E17005E08DF800004FF009
:10461000FF012046E17003464FF0010269464FF06A
:10462000500000F073FD00281CBF03B0F0BD214610
:10463000284603F047FE00281CBF03B0F0BD21460A
:10464000284603F0C7F800281CBF03B0F0BD8DF862
:1046500000702346012269465920FFF756FD78B9BC
:104660009DF80000317820F08000090940EAC1106F
:104670008DF80000234601226946592000F046FDCE
:1046800000281CBF03B0F0BD70788DF800002346F1
:1046900001226946602000F039FD00281CBF03B0EC
:1046A000F0BD2346012269466220FFF72EFD002857
:1046B0001CBF03B0F0BD9DF80000234620F00C01A4
:1046C000307800F0030241EA8201C0F3810221F058
:1046D000300141EA021121F00201C0F3401041EA29
:1046E00040008DF8000001226946622000F00EFDB6
:1046F00003B0F0BD15460C1E1CBFC86900283FF46E
:10470000B8AE086A00281EBF606A0028002D3FF47A
:10471000B0AE4FF000070B4605F104068DF80070AF
:104720004FF0010269464FF05200FFF7EEFC18BB54
:10473000308810F0010F05D09DF8001041F0010104
:104740008DF8001010F0020F05D09DF8001041F018
:1047500002018DF8001010F0040F05D09DF8000044
:1047600040F004008DF8000023464FF00102694636
:104770004FF0520000F0CAFC00281CBF03B0F0BD8F
:104780002146284603F09EFD00281CBF03B0F0BD63
:104790002146284603F01EF800281CBF03B0F0BDD8
:1047A0008DF800702346012269465920FFF7ADFCC1
:1047B00078B99DF80000318820F08000890A40EA2D
:1047C000C1108DF80000234601226946592000F0EF
:1047D0009DFC00281CBF03B0F0BD8DF800705F2564
:1047E00023460122694628460197FFF78EFC0028E0
:1047F0001CBF03B0F0BD9DF80000318820F0FC0024
:10480000C90840EA81008DF800002346012269466C
:10481000284600F07BFC00281CBF03B0F0BD6220DE
:10482000234601226946FFF770FC00281CBF03B035
:10483000F0BD9DF80000234620F001013088C0F350
:10484000402008438DF800008DF80500B0788DF801
:1048500004006120022201A948E715460C1E1CBF76
:10486000C86900283FF405AE086A00281EBF606AC8
:104870000028002D3FF4FDAD4FF000070B4605F179
:1048800004068DF800704FF0010269464FF05000A9
:10489000FFF73BFCC0B9687804289DF8000014BFFE
:1048A00020F0100020F020003188C1F3C02114BF97
:1048B00040EA011040EA41108DF800002346012231
:1048C0006946502000F022FC00281CBF03B0F0BD58
:1048D0002146284603F0F6FC00281CBF03B0F0BDBB
:1048E0002146284603F0EEFC00281CBF03B0F0BDB3
:1048F0002146284602F06EFF00281CBF03B0F0BD21
:104900008DF800702346012269465820FFF7FDFB11
:1049100080B99DF80000318820F00800C1F38021A3
:1049200040EAC1008DF80000234601226946582064
:1049300000F0ECFB00281CBF03B0F0BD23460222B0
:10494000694663200097FFF7E0FB00281CBF03B017
:10495000F0BD9DF800006978032905D1318820F069
:104960000700C1F3C211084331784023C1F340125C
:1049700003EA821220F0400002438809802303EA00
:10498000C01022F0800210438DF800009DF8012035
:1049900001F01F0022F01F0108438DF801000222E0
:1049A000234669466320A1E615460C1E1CBFC86954
:1049B00000283FF45EAD086A00281EBF606A002828
:1049C000002D3FF456AD4FF000070B4605F10406ED
:1049D0008DF800704FF0010269464FF05200FFF76A
:1049E00094FB80B99DF80000317820F0080001F0B8
:1049F000010140EAC1008DF800002346012269460A
:104A0000522000F083FB00281CBF03B0F0BD2146FC
:104A1000284603F057FC00281CBF03B0F0BD214618
:104A2000284602F0D7FE00281CBF03B0F0BD009757
:104A3000308810F0C00F08D0C0F3811001280BD0CF
:104A400002280FD0032812D031E015208DF8000085
:104A500003208DF801002AE02D208DF800008DF84C
:104A6000017024E01D208DF8000007201DE0234682
:104A7000022269467A20FFF748FBC0B99DF8000082
:104A800020F018013088C0F3410241EAC20121F050
:104A90000701C0F3C20211438DF800109DF8011008
:104AA000C0F3022021F0070108438DF801002346DE
:104AB000022269467A2000F029FB03B0F0BD1546BA
:104AC0000C1E1CBFC86900283FF4D3AC086A00283C
:104AD0001EBF606A0028002D3FF4CBAC4FF00007EA
:104AE0000B4605F104068DF800704FF0010269468F
:104AF0004FF05000FFF709FB80B99DF80000B17836
:104B000020F0400001F0010140EA81108DF8000022
:104B1000234601226946502000F0F8FA00281CBF05
:104B200003B0F0BD2146284603F0CCFB00281CBF93
:104B300003B0F0BD2146284602F04CFE00281CBF01
:104B400003B0F0BD23460222694665200097FFF7B7
:104B5000DCFA00281CBF03B0F0BD9DF8000023461E
:104B600020F00301308800F00302114321F00C0112
:104B7000C0F3810241EA820121F0F001020941EA19
:104B800002118DF800109DF80110C0F3052221F0EC
:104B90003F011143C0F3803221F0400141EA82110C
:104BA00021F08001C00B41EAC0108DF80100022203
:104BB000694665209AE515460C1E1CBFC869002889
:104BC0003FF457AC086A00281EBF606A0028002D19
:104BD0003FF44FAC4FF000070B4605F104068DF88B
:104BE00000704FF0010269464FF05000FFF78DFA58
:104BF00078B99DF80000318820F08000C90A40EAA9
:104C0000C1108DF80000234601226946502000F0B3
:104C10007DFA00281CBF03B0F0BD2146284603F0F2
:104C200051FB00281CBF03B0F0BD2146284602F00E
:104C3000D1FD00281CBF03B0F0BD23460222694607
:104C400067200097FFF761FA00281CBF03B0F0BD92
:104C50009DF80000234620F03F01308800F03F021D
:104C600011438DF800109DF80110C0F3412221F08E
:104C7000300141EA021121F00701C0F3821008431C
:104C80008DF801000222694667202FE516460C1EAA
:104C90001CBFC86900283FF4ECAB086A00281EBF9F
:104CA000606A0028002E3FF4E4AB4FF000070B468B
:104CB00006F104058DF800704FF0010269464FF0CF
:104CC0005100FFF722FA80B99DF80000A97820F082
:104CD0000800C1F3001140EAC1008DF8000023462E
:104CE00001226946512000F011FA00281CBF03B0D0
:104CF000F0BD2146304603F0E5FA00281CBF03B0A2
:104D0000F0BD2146304602F065FD00281CBF03B00F
:104D1000F0BD8DF800702346012269465820FFF748
:104D2000F4F978B99DF80000A97820F08000C9084E
:104D300040EAC1108DF80000234601226946582040
:104D400000F0E4F900281CBF03B0F0BD23460122A7
:104D50000DF102015C200097FFF7D7F900281CBF76
:104D600003B0F0BD9DF80200A97820F0030001F027
:104D7000030108438DF80200A97820F00400C1F374
:104D8000800140EA81008DF8020068788DF801000A
:104D900028788DF800000322234669465A20A5E4AE
:104DA00016460C1E1CBFC86900283FF462AB086A97
:104DB00000281EBF606A0028002E3FF45AAB4FF057
:104DC00000070B4606F104058DF800704FF0010254
:104DD00069464FF05100FFF798F9D8B99DF80000E7
:104DE000234620F00101287800F001021143C0F3AE
:104DF000400221F0020141EA420121F00401C0F326
:104E0000800041EA80008DF80000012269465120AF
:104E100000F07CF900281CBF03B0F0BD21463046ED
:104E200003F050FA00281CBF03B0F0BD2146304605
:104E300002F0D0FC00281CBF03B0F0BD8DF800705C
:104E40002346012269465820FFF75FF978B99DF89B
:104E50000000297820F08000490940EAC1108DF84F
:104E60000000234601226946582000F04FF900282F
:104E70001CBF03B0F0BD2346012269465C200097A9
:104E8000FFF743F900281CBF03B0F0BD9DF80000F8
:104E9000297820F0C000C90840EA81108DF8000090
:104EA000A8788DF8010068788DF802000322234667
:104EB00069465C201AE415460C1E1CBFC869002810
:104EC0003FF4D7AA086A00281EBF606A0028002D98
:104ED0003FF4CFAA4FF000008DF800000B464FF0D2
:104EE000010269464FF05100FFF70FF958B99DF8DC
:104EF0000000234640F010008DF8000001226946B2
:104F0000512000F003F900281CBF03B0F0BD21467A
:104F1000284603F0D7F900281CBF03B0F0BD5EE0BF
:104F200015460C001CBF606A00283FF4A2AA4FF08F
:104F300000008DF800000B464FF0010269464FF06B
:104F40005100FFF7E2F860B9297A9DF80000234686
:104F500061F345108DF8000001226946512000F0F0
:104F6000D5F800281CBF03B0F0BD2146284603F049
:104F7000A9F900281CBF03B0F0BD30E015460C00B5
:104F80001CBF606A00283FF474AA4FF000008DF83F
:104F900000000B464FF0010269464FF05100FFF749
:104FA000B4F880B99DF80000297A20F04000C1F3E0
:104FB000400140EA81108DF8000023460122694635
:104FC000512000F0A3F800281CBF03B0F0BD21461B
:104FD000284603F077F900281CBF03B0F0BD214636
:104FE00003B02846BDE8F04002F03CBC03B01046D8
:104FF000BDE8F04003F066B970B582B0040019BF97
:10500000606A00284FF0FF3002B008BF70BD4FF05B
:1050100000008DF800002179A1F11002022A82BF60
:105020006FF0030002B070BD227A914243D06E4609
:105030008DF8040025462346012231464020FFF723
:1050400064F888B9287912289DF800000FD010F074
:10505000800F1DD020F080008DF800002B4601222B
:105060003146402000F052F8050011D01FE040F01A
:1050700080008DF800002B4601223146402000F0D0
:1050800045F80028F0D102222B4601A95820E9E773
:1050900001222346211D7E2000F038F80546207AA3
:1050A000102802D1616A05208847217921722800E1
:1050B0001CBF02B070BD0025207B142818BF152826
:1050C00007D0172818BF6FF0030502D002B028469A
:1050D00070BD217C8842F9D02346012204F10C01E5
:1050E0007E2000F013F80546207C142804BF616A76
:1050F000512006D0172801BF207B1528616A0A209D
:1051000000D18847207B2074E0E700002DE9F047BC
:105110004FF000051C000646904689462F461ABFF0
:10512000D4F820C0BCF1000F4FF0FF352AD0B8F101
:10513000000F08BF6FF00B0524D0A078012808BF2E
:1051400006F07F06207A11281CBF207C15281CD071
:10515000B8F1000F16D900BFD4F820C009EB070240
:10516000607801233146E0470546701CC6B2616A8B
:1051700001208847781CC7B2B845EDD8002D18BF6C
:105180006FF001052846BDE8F08713460A466078AF
:105190003146E0470546616A01208847EEE738B5A9
:1051A000040019BF606A00284FF0FF3038BD4FF08F
:1051B0000005694623464FF002024FF0400000957B
:1051C000FEF7A3FF10B100284FD133E060790C281F
:1051D00088BF6FF00300F6D8617A884208D09DF846
:1051E000001000F00F0021F00F0108438DF80000BF
:1051F000E079072826D8E17A884209D09DF8001086
:10520000702221F0700102EA001008438DF80000BE
:10521000A0790C2888BF6FF0030026D8A17A8842B5
:1052200008D09DF8011000F00F0021F00F01084395
:105230008DF801002346012269464020FFF766FFF2
:1052400098B902E06FF0030038BD61796172E179CD
:10525000E172234601220DF101014120FFF756FFC3
:10526000002804BFA179A17202D0002818BF38BD60
:1052700069462346022242200095FEF746FF10B100
:10528000002848D130E0607B0D2888BF6FF0030014
:10529000F6D8617C884208D09DF8001000F00F001D
:1052A00021F00F0108438DF80000E07B0228C9D8E7
:1052B0009DF80010302221F0300102EA001008436E
:1052C0008DF80000A07B042888BF6FF0030022D86F
:1052D000A17C884208D09DF8011000F0070021F061
:1052E000070108438DF80100234601226946422048
:1052F000FFF70CFF78B9617B6174E17BE1742346B1
:1053000001220DF101014320FFF700FF002804BF37
:10531000A17BA17402D0002818BF38BD2046FFF73A
:105320006BFE002818BF38BD23468DF800500122BF
:1053300069460220FEF7E9FE9DF80010C1F3430123
:105340008DF80010012904BF6FF0050038BD022957
:1053500004BF6FF0060038BD032904BF6FF00700DB
:1053600038BD072908BF6FF0080038BD002A12BFFA
:10537000002B4FF0FF307047FFB581B01E46154639
:10538000012000F041FF214C80212046F9F717FE53
:105390000028F9D11E4F00224FF400513846F0F793
:1053A000B2FD00BF00BF00BF00BF00BF00BF00BF15
:1053B00000BF80212046F9F702FE0028F9D141F212
:1053C0008833012202A91348F1F7B6FF8021204655
:1053D000F9F7F5FD0028F9D141F288302A4600900E
:1053E000334611460B48F2F790F880212046F9F732
:1053F000E6FD0028F9D1012251033846F0F783FD7C
:10540000002000F001FF05B00020F0BD0030014099
:1054100000040048EC690020002A12BF002B4FF066
:10542000FF3070472DE9FF411D461646012000F070
:10543000EBFE214C80212046F9F7C1FD0028F9D16F
:105440001E4F00224FF400513846F0F75CFD00BFBC
:1054500000BF00BF00BF00BF00BF00BF00BF802172
:105460002046F9F7ACFD0028F9D141F2883301223A
:1054700001A91348F1F760FF80212046F9F79FFD4D
:105480000028F9D141F288332A4631460C48F1F719
:1054900053FF80212046F9F792FD0028F9D101221F
:1054A00051033846F0F72FFD002000F0ADFE04B0A8
:1054B0000020BDE8F08100000030014000040048F9
:1054C000EC690020704700000023002898BF704757
:1054D00070B41749154D144CD1F800C06E10A44596
:1054E00008D34FF47A72002102EBC202491C8A42AF
:1054F000FCD814E0AC4508D34FF44872002102EB0D
:10550000C202491C8A42FCD809E0B44507D34FF4D3
:10551000FA72002102EBC202491C8A42FCD85B1CD1
:105520008342DCD370BC704700A24A04006CDC02EA
:105530008847002082B0CDE9000121F000400190B1
:105540009DED000B02B051EC100B7047B5EEC00A98
:10555000F0B4F7EE000AF1EE10FA05D24FF02D0C80
:1055600000F801CBB1EE400A10EE104A5B424FFA50
:1055700083FCB4F17E5F63461EDB52B29342B8BF38
:10558000DFED801A0DDA00BF20EEA11AB4EEC10AD9
:10559000F1EE10FA21D35B1C5BB2F0EE410A9342AC
:1055A000F2DB692200F8012B6E2200F8012B662243
:1055B00000F8012B6346D7E0002BC8BF9FED721A9D
:1055C0000BDD00BFF4EEC00AF1EE10FA05D960EE73
:1055D000810A5A1E53B2002BF4DC80EE201A6B4D68
:1055E0006B4E6C4A4FF47A7411EE10CAAC4538DB3E
:1055F000BDEEC10A10EE10CA9CFBF4F414F0FF04D7
:1056000002D0303400F8014B86FB0C546511A5EB39
:10561000E47482FB0465AE10A6EBE5756D4205EB04
:10562000850504EB4504303400F8014B82FB0C5433
:10563000A510A5EBE47482FB04529510A5EBE27271
:10564000524202EB820204EB4202303200F8012B9C
:10565000624202EB82020CEB4202303200F8012B74
:1056600082E011EE10CA4C4F2E25BC453EDBB2EE57
:10567000040A21EE000ABDEEC00A10EE10CA9CFB1F
:10568000F4F414F0FF0402D0303400F8014B86FB30
:105690000C646611A6EBE47482FB0476B710A7EBEA
:1056A000E676764206EB860604EB4604303400F8D4
:1056B000014B82FB0C64A610A6EBE47482FB04622F
:1056C0009610A6EBE272524202EB820204EB420217
:1056D000303200F8012B624202EB820200F8015BDB
:1056E0000CEB4202303200F8012B3DE09FED2B0A1B
:1056F00021EE000ABDEEC00A10EE10CA9CFBF4F4C5
:1057000014F0FF0402D0303400F8014B86FB0C6427
:105710006611A6EBE47482FB0476B710A7EBE6767D
:10572000764206EB860604EB4604303400F8014B63
:1057300000F8015B82FB0C54A510A5EBE47482FB1E
:1057400004529510A5EBE272524202EB820204EB86
:105750004202303200F8012B624202EB82020CEB73
:105760004202303200F8012B51F823100A782AB196
:1057700000F8012B11F8012F002AF9D10021017046
:10578000F0BC704700007A446F12833A000048432F
:105790001F85EB51676666660000A0410000C842A5
:1057A0002DE9FF4F0E462DED020B85B0B5EEC00A78
:1057B000DDE91510F7EE000AF1EE10FACDE902323C
:1057C000149F4FF0000A3CBFB1EE400A4FF0010AAF
:1057D00010EE10CA404245B2DFEDF71ABCF17E5F11
:1057E00016DB48B28542A4BF0BB0BDE8F08F00BF06
:1057F00020EEA11AB4EEC10AF1EE10FA19D3691C19
:105800004DB2F0EE410A8542F2DB0BB0BDE8F08FFD
:10581000002DC8BF9FEDE91A0BDD00BFF4EEC00AF2
:10582000F1EE10FA05D960EE810A681E45B2002D2E
:10583000F4DC80EE201ADFF888E3DFF88883DFF8F5
:105840008893E248E24CB6EE000A42F2107B4FF435
:105850007A7C11EE101A71457EDBF2EE040A61EEDD
:10586000200AFDEEE00AF8EEE00A30EE800ABDEE16
:10587000C00A10EE101A91FBFBFB91FBFCFC1BF025
:10588000FF0E0CF0FF0CA8FB0CB84FEAD808C8F1CB
:10589000000808EB880884F801E00CEB480C84F859
:1058A00002C089FB018C4FEA6C18A8EBEC7C80FBF2
:1058B0000C984FEAA809A9EBE878C8F1000808EBB2
:1058C00088080CEB480C84F803C080FB018C4FEA7D
:1058D000AC08A8EBEC7C80FB0C804FEAA008A8EB9E
:1058E000E070C0F1000000EB80000CEB4000207184
:1058F000CCF1000000EB800001EB4000607103D0B0
:105900000EF1300002F8010BA078303002F8010BE4
:10591000E078303002F8010B2079303002F8010BCA
:105920006089002818BF2E207DD16079DFF8A4821D
:10593000303003F8010B0020107018702078DFF869
:105940009892022800F0BF81BAF1000F0DD0218992
:10595000E088A24BA2A200E052E0CDE90001B9F834
:105960000010B8F80000F3F757FB2189E088CDE973
:1059700000019A4BB9F80010039AB8F80000F3F749
:105980004BFB9848007858B12189E088CDE90001A7
:10599000924BB9F80010029AB8F80000F3F73CFBFC
:1059A000B8F80000C8280FD220890090B9F800008C
:1059B00000F11903B8F80000B9F8001000F128024E
:1059C000B8F80000F3F7F8F82189E088CDE9000184
:1059D00057F82520814BB9F80010B8F80000F3F70C
:1059E0001BFB2189E088CDE900017C4BB9F8001050
:1059F0007DA2B8F80000F3F70FFB0BB0BDE8F08F05
:105A000011EE101ADFF8E4E1714568DBDFED780A8A
:105A100061EE200AFDEEE00AF8EEE00A30EE800AC0
:105A2000BDEEC00A00E057E010EE101A91FBFBFB40
:105A300091FBFCFC1BF0FF0E0CF0FF0CA8FB0CB85C
:105A40004FEAD808C8F1000808EB880884F801E09C
:105A50000CEB480C84F802C089FB018C4FEA6C18EF
:105A6000A8EBEC7C80FB0C984FEAA809A9EBE8783E
:105A7000C8F1000808EB88080CEB480C84F803C058
:105A800080FB018C4FEAAC08A8EBEC7C80FB0C801F
:105A90004FEAA008A8EBE070C0F1000000EB800026
:105AA0000CEB40002071CCF1000000EB800001EB1A
:105AB0004000607103D00EF1300002F8010BA078B5
:105AC000303002F8010BE078303002F8010B2E2064
:105AD00002F8010B2079303002F8010B25E711EEB6
:105AE000101ADFF810E1714564DB61EE210AFDEE6A
:105AF000E00AF8EEE00A30EE800ABDEEC00A10EED1
:105B0000101A91FBFBFB91FBFCFC1BF0FF0E0CF051
:105B1000FF0CA8FB0CB84FEAD808C8F1000808EB46
:105B2000880884F801E00CEB480C84F802C089FB7B
:105B3000018C4FEA6C18A8EBEC7C80FB0C984FEAC8
:105B4000A809A9EBE878C8F1000808EB88080CEB75
:105B5000480C84F803C080FB018C4FEAAC08A8EB2A
:105B6000EC7C80FB0C804FEAA008A8EBE070C0F151
:105B7000000000EB80000CEB40002071CCF1000035
:105B800000EB800001EB4000607103D00EF13000AB
:105B900002F8010BA078303002F8010B2E2002F839
:105BA000010BE078303002F8010B2079303002F838
:105BB000010BBAE620E0000000007A446F12833A3D
:105BC00000007A44CDCCCCCC1F85EB51676666666D
:105BD0000C4A00202A5700202C570020FC56002099
:105BE0002D000000EE550020200000000000C842FB
:105BF0000000C84200002041DFED740A61EE200A77
:105C0000FDEEE00AF8EEE00A30EE800ABDEEC00AD2
:105C100010EE101A91FBFBFB91FBFCFC1BF0FF0E3E
:105C20000CF0FF0CA8FB0CB84FEAD808C8F100082C
:105C300008EB880884F801E00CEB480C84F802C0FB
:105C400089FB018C4FEA6C18A8EBEC7C80FB0C986C
:105C50004FEAA809A9EBE878C8F1000808EB880822
:105C60000CEB480C84F803C080FB018C4FEAAC08B5
:105C7000A8EBEC7C80FB0C804FEAA008A8EBE0705E
:105C8000C0F1000000EB80000CEB40002071CCF173
:105C9000000000EB800001EB4000607103D00EF1CA
:105CA000300002F8010B2E2002F8010BA0783030F2
:105CB00002F8010BE078303002F8010B2079303027
:105CC00002F8010B31E62089009066230E2219218B
:105CD0000420F2F771FF2189E088CDE900010798DF
:105CE0003B4B06F11001001D039AF3F795F9B8F844
:105CF00000A06089F8B1B8F80000E6280BD220892E
:105D00000090B8F80000662300F10A021921B8F8E3
:105D10000000F2F751FF2189E088CDE90001B9F8D0
:105D20000000401C81B2B8F800002A4B401D80B230
:105D3000029AF3F771F9B8F80000EF2808D2208929
:105D400000906623EF221921B8F80000F2F734FF23
:105D5000B8F80000EF280AD2208900905C230AF1ED
:105D6000260206F13C010AF10800F2F725FF6089DE
:105D700021890028E088CDE9000157F8252008D0C6
:105D80000AF1080080B2144B06F14201F3F744F91E
:105D900008E0B8F80000104B083080B206F142016C
:105DA000F3F73AF9B8F80000EF2824BF0BB0BDE8CC
:105DB000F08F208900906623EF2206F13C01B8F8AD
:105DC0000000F2F7F9FE0BB0BDE8F08F00401C4672
:105DD000F4560020EC560020FC5600200000000085
:105DE00010B5006BECF760FD9FED091B53EC112B18
:105DF000ECF752FC9FED081B53EC112BECF74CFC1D
:105E0000ECF7DAFD00EE100A10BD00000000000003
:105E100000000000C0FFDF40000000000000E03F85
:105E200010B541EC100B43EC112BFDF795F851EC3C
:105E3000100B10BD7047000070B51C4E05460724BE
:105E4000002240213046F0F75EF8002100BF481CD8
:105E500010F0FF01FAD015F0800F05D0012280214B
:105E60003046F0F750F804E0002280213046F0F789
:105E70004AF86806050E002100BF481C10F0FF011B
:105E8000FAD0012240213046F0F73DF8002100BF52
:105E9000481C10F0FF01FAD0611ECCB2D0D23046BF
:105EA000BDE8704000224021F0F72DB80004004802
:105EB00070B54E4E0D460446012280213046F0F763
:105EC00022F8012240213046F0F71DF8002200BFE1
:105ED000501C10F0FF02FAD080213046F0F70EF887
:105EE000002808BF70BD002280213046F0F70BF873
:105EF000002200BF501C10F0FF02FAD08021304673
:105F0000EFF7FCFF00280EBF0022002070BD00BF8D
:105F1000501C10F0FF02FAD065B3012000EB4400E2
:105F2000C0B2FFF789FF002240213046EFF7EBFFB8
:105F3000002100BF491C11F0FF01FAD0012280218D
:105F40003046EFF7E0FF002100BF491C11F0FF01D0
:105F5000FAD0012240213046EFF7D5FF002100BFE3
:105F6000491C11F0FF01FAD080213046EFF7C6FF3F
:105F700098B329E06006000EFFF75EFF0022402183
:105F80003046EFF7C0FF002100BF491C11F0FF01B0
:105F9000FAD0012280213046EFF7B5FF002100BF83
:105FA000491C11F0FF01FAD0012240213046EFF7E1
:105FB000AAFF002100BF491C11F0FF01FAD0802187
:105FC0003046EFF79BFF40B1002240213046EFF70B
:105FD0009AFFECF705FF002070BDFFE7002240218B
:105FE0003046EFF790FF012070BD0000000400482C
:105FF0002DE9F0410F00804618BF514E7ED000BF02
:1060000098F800500724002240213046EFF77BFF2C
:10601000002200BF501C10F0FF02FAD015F0800FD4
:1060200005D0012280213046EFF76DFF04E0002209
:1060300080213046EFF767FF6806050E002200BF9B
:10604000501C10F0FF02FAD0012240213046EFF739
:106050005AFF002200BF501C10F0FF02FAD0611E50
:10606000CCB2D0D2002240213046EFF74CFF0022C4
:1060700040213046EFF747FF002000BF401C10F0E2
:10608000FF00FAD0012280213046EFF73CFF0020CC
:1060900000BF401C10F0FF00FAD001224021304622
:1060A000EFF731FF002000BF401C10F0FF00FAD0D6
:1060B00080213046EFF722FF00284FF000024FF01A
:1060C0004001304632D0EFF71EFF0022402130461B
:1060D000EFF719FF002100BF491C11F0FF01FAD0B2
:1060E000002280213046EFF70EFF002100BF491C3F
:1060F00011F0FF01FAD00122402100E01DE03046FE
:10610000EFF701FF002100BF491C11F0FF01FAD099
:10611000012280213046EFF7F6FE002000BF401C30
:1061200010F0FF00FAD00020BDE8F081EFF7EBFEA1
:106130007F1E08F101087FF463AF0120BDE8F08104
:106140000004004810B51048FEF7F0F800281CBF06
:10615000002010BD06210C480522122341718271D6
:106160000222C2710371417301218173C273142130
:106170000173FFF714F805480088012818BF0020B4
:1061800002F01CF9012010BD248100207C46002073
:106190000648054901620649C161064941627B2101
:1061A0004170012181707047195401082481002039
:1061B0006D530108C95401080D48002141838183B2
:1061C000818B172938BF0B490ED2828B436D51F852
:1061D00022209A4202D1428B521C4283828B521C53
:1061E0008283828B172AF0D3418B491C41837047ED
:1061F000504600207C8C01080248006A002818BF25
:1062000001207047F84A0020144A116801280BD079
:1062100013480078002806BF21F0380040F008013C
:1062200021F03801116070470E480F4B006898420A
:1062300024BF21F0380040F02801F3D20B4B9842E4
:1062400024BF21F0380040F02001EBD2084B9842E7
:1062500024BF21F0380040F01801E3E7003001408E
:10626000574600208847002000A24A04006CDC0248
:1062700000366E01A2B0EFF78FFE00240394049461
:1062800005940694FE480794416941F40031416148
:10629000416901F400310091416941F4802141617B
:1062A000416901F480210091416941F4002141617B
:1062B0004069DFF8D09300F40020009000224FF4F2
:1062C00000514846EFF71FFE002220214FF090407A
:1062D000EFF719FEDFF8B0B3012251025846EFF78D
:1062E00012FE0125CDE904544FF4007A032703A9D7
:1062F0005846CDF80CA00697EFF7E8FC4FF00208DF
:1063000003A94FF09040CDF80C80CDE90445EFF79C
:10631000DDFCE803CDF81480CDE9030403A9484669
:10632000EFF7D4FCE9034846EFF7E8FDD74E012824
:1063300007D102214FF09040EFF7E0FD012808BFA0
:1063400075700A20FFF7C0F84FF400414846EFF798
:10635000D5FD012807D102214FF09040EFF7CEFD87
:10636000012808BF75700A20FFF7AEF84FF400410E
:106370004846EFF7C3FD012807D102214FF09040B6
:10638000EFF7BCFD012808BF75704FF40050CDE950
:106390000305CDE9054703A94846EFF797FC01221D
:1063A00051024FF09040EFF7AEFD4FF40070CDE991
:1063B0000305CDE9054703A94FF09040EFF786FCB0
:1063C000CDE904544FF4004A03A95846CDF80CA077
:1063D0000697EFF77BFC4020CDE90305CDE90547A3
:1063E00003A95846EFF772FC802003901120CDE9F5
:1063F000040403A906975846EFF768FC4FF4807031
:10640000CDE90305CDE9054703A94FF09040EFF72B
:106410005DFC012208214FF09040EFF774FDCDE9BB
:1064200004544FF0080903A94FF09040CDF80C90A8
:106430000697EFF74BFC4FF4804003909448CDE96A
:10644000040503A98F48EFF741FC4FF40060CDE944
:106450000305CDE9054703A95846EFF737FCCDE919
:10646000045403A94FF09040CDF80C900697EFF735
:106470002DFC00224FF400515846EFF744FD4FF435
:106480000050CDE90305CDE9054703A95846EFF7CC
:106490001DFC4FF48050CDF81480CDE9030403A90E
:1064A0005846EFF713FCCDE903A403A94FF0904041
:1064B0000594EFF70BFCCDE9045403A95846069761
:1064C0000395EFF703FCCDE9045403A95846CDF832
:1064D0000C800697EFF7FAFB4FF0040A03A94FF080
:1064E0009040CDF80CA0CDE90445EFF7EFFB20205C
:1064F000CDE90305CDE9054703A94FF09040EFF73B
:10650000E5FBCDE9045403A95846CDF80CA0069745
:10651000EFF7DCFB4FF48060CDE90305CDE90547DB
:1065200003A95846EFF7D2FBEFF7B8FBEDF78AFE69
:1065300008B172B6FEE7EFF761FBADF86C50ADF84D
:106540007440ADF80840ADF8204002A940F2715007
:10655000EEF748F8BDF80800002808BFF47107D02E
:10656000012808BFF57103D0022808BF86F807800C
:10657000F9F734FCF0F7AEFA4649A1FB0010C00869
:10658000F1F706F92746ADF80840ADF820401DA9FF
:1065900040F25650EEF726F8ADF80870ADF82070CE
:1065A0003D4940F28150EEF71DF8ADF80870ADF8A6
:1065B00020701BA940F25750EEF714F8ADF80870A0
:1065C000ADF8207002A94FF4AB60EEF70BF8BDF800
:1065D0000800FF24B0F5807F03D2C0B27071082894
:1065E00000D27471306C4068F06501225102264877
:1065F000EFF789FCADF80870ADF8207002A940F201
:106600006150EDF7EFFFBDF80800002818BF7828AB
:1066100006D0B0F5967F1CBFB0F5167FADF80870B8
:106620004FF00001BDF80800F9F764FBADF8087001
:10663000ADF8207002A940F25950EDF7D3FFADF844
:106640000870ADF8207008A94FF4AC60EDF7CAFFF0
:10665000BDF82000BDF8081000EB01407066B06680
:10666000ADF80870ADF8207002A940F26250EDF765
:10667000B9FFBDF80800012818BF032817D00DE0A6
:106680000010024000080048000400485046002066
:1066900000001110CDCCCCCC66460020042818BFD9
:1066A000062804D009281CBF0A28ADF80850BDF8F8
:1066B00008004FF00001C0B2EAF7EDFAADF808703B
:1066C000ADF8207002A940F26350EDF78BFFBDF8E2
:1066D00008004FF0000100280CBF01200020F6F751
:1066E00029FD306C80683066F74802A90770ADF864
:1066F0000870ADF8207040F26750EDF773FFF34972
:10670000BDF808000880022888BFA1F80080ADF815
:106710000870ADF8207002A94FF4AD60EDF762FF8C
:10672000EB49BDF808000880032888BF0D80ADF84C
:106730000870ADF8207002A940F26950EDF752FFE1
:10674000BDF808000028E3480CBF05700770ADF8DD
:106750000870ADF8207002A940F27250EDF742FFC8
:10676000BDF80810DC4800290CBF05700770DB4835
:10677000008800EE100AB8EE400A9FEDD91AD948F9
:1067800002A9C0EE010AC0ED000AADF80870ADF82C
:10679000207040F27550EDF725FFBDF80800411E4E
:1067A000032999BFD0490880CF480580ADF808700B
:1067B000ADF8207002A940F27650EDF713FFBDF856
:1067C0000800CA49032834BF08800F80306C006875
:1067D000B065ADF80870ADF8207002A940F27750AE
:1067E000EDF700FFBDF80800C14964281CBF32283E
:1067F00064200880B06DF16D80EA01007065ADF82D
:106800000870ADF8207002A94FF4AF60EDF7EAFE12
:10681000BDF80810B74800290CBF05800780ADF807
:106820000870ADF8207002A940F27950EDF7DAFE59
:10683000BDF8080001280CBFB585B785ADF8087014
:10684000ADF8207002A94FF4B060EDF7CBFEBDF8B3
:10685000080001280CBF35833783ADF80850ADF828
:10686000207002A940F28250EDF7BCFEBDF808107E
:10687000A148012908BF057004D002290CBF80F887
:10688000008007709D48DFF878A2CAF800004FF436
:106890008270CAE901074FF4E060CAE903074FF4C8
:1068A0000070CAE90570F07900280CBFCAF81C9086
:1068B000CAF81C70CAF820704FF0070BCAF8247091
:1068C000CAE90A7B0820CAE90C708D48F0F760FC21
:1068D00008B172B6FEE7DAF80000016811F0400F67
:1068E00003D1016841F0400101608648C079022867
:1068F0000ED08648844901600771477147618761FE
:106900000562EEF7F3FE08B172B6FEE7F4F7F8FAA7
:10691000109714977F4811971297139715970A9716
:106920000B970C970D970E9779490F9701604FF4CD
:106930004031C0E901170761457680F82070C0E951
:106940000A57C760C56180F830704FF00409C0F87D
:10695000149007764763EEF7FBFB08B172B6FEE7CB
:106960004FF44000CDE9105040F6FF76CDF8489046
:10697000CDE914678DF84C7010A96648EEF74EF912
:1069800008B172B6FEE70F97CDE90CB7CDE90A95CD
:106990000E970AA95F48EEF7FDF908B172B6FEE757
:1069A0005C48EEF7DDFD04970597069707975A4870
:1069B00010971197129709970A970B970C970D97B5
:1069C0000E974FF080410F97C0E900174FF6FF7107
:1069D000C0E9027107618761F0F782FF08B172B602
:1069E000FEE74FF4805B04A94B48CDF810B0F1F7F7
:1069F0008EF808B172B6FEE74748F1F7A1FC08B17E
:106A000072B6FEE74FF040094FF0800A10A94248E5
:106A1000CDF848A0CDF84090F0F718FF08B172B655
:106A2000FEE76020CDE909070B97002209A93A4843
:106A30000D97F1F7E1FA08B172B6FEE704970597F2
:106A400006970797364910971197129709970A9753
:106A50000B970C970D970E9730480F97C1E90007D9
:106A60004FF6FF70C1E902700F6108468F61F0F7C1
:106A700037FF08B172B6FEE704A92948CDF810B077
:106A8000F1F745F808B172B6FEE72548F1F758FC72
:106A900008B172B6FEE710A92148CDF848A0CDF89C
:106AA0004090F0F7D3FE08B172B6FEE74FF0600AEF
:106AB000CDE909A70B97002209A919480D97F1F70D
:106AC0009BFA78B372B6FEE7F84A0020144B002018
:106AD000164B0020F14A0020E4560020A049002077
:106AE00000007A449849002038560020F24A0020DD
:106AF00030560020164A00200C4B00200030014088
:106B0000EC6900205046002000300240B8690020A7
:106B100000050050686900209C6A002000040040C5
:106B2000E86A0020FFE714971597169717971897AC
:106B300019971A9709970A970B970C970D970E9725
:106B40000F97109711971297FD49FE481397FF4A28
:106B50000160FD49FE4B0968914208BFC0F80480FE
:106B600009D0994208BF456005D0A1F1B772B2F5CE
:106B7000585208BF4760C0E90274076147618761E6
:106B8000F048F0F7ADFE08B172B6FEE7ED48F1F758
:106B9000D7FB08B172B6FEE7CDE914A71697179791
:106BA00018971997002214A9E6481A97F1F724FAC2
:106BB00008B172B6FEE709970A970B974FF4005099
:106BC0000C97CDE90D700F9709A9DE481397F0F7E0
:106BD000F5FD08B172B6FEE7DA48F1F75DF800217D
:106BE000D848F1F7DFFB00210846F8F79BFFDA48A9
:106BF000D84901600621C660C0E90116EFF78EF999
:106C000008B172B6FEE700214FF4E130F9F7ACFFAE
:106C1000FFF7BEFA002211462820EFF727FA2820B6
:106C2000EFF715FA0A20FEF74FFCDFF83093002249
:106C30004FF400514846EFF766F90A20FEF744FC8E
:106C4000012251034846EFF75EF9C54C1C97C54E2B
:106C5000A08D012842D102214FF09040EFF74EF96C
:106C600001283BD1C04BC14A31460320FDF768FAE9
:106C7000B6F9040010F5FA5F06DA00224FF400714D
:106C80004846EFF740F9FEE73220FEF71DFCB64B11
:106C9000B64AB4490320FDF753FAB6F9040010F5DB
:106CA000FA5F06DA00224FF400714846EFF72BF93D
:106CB000FEE73220FEF708FCAB4BAC4AA9490320A3
:106CC000FDF73EFAB6F9040010F5FA5F06DA002285
:106CD0004FF400714846EFF716F9FEE71E971F972D
:106CE000219704970597209703971497159718975E
:106CF0001697179719971A9709979E490A970B970E
:106D00000C970D970E970F97109711971297984819
:106D100013970860E079002804BFB320486008D0CA
:106D2000012808BF772003D0022808BF3B2000D1EC
:106D300048606420C1E902700F614F618D488F6126
:106D4000F0F7CEFD08B172B6FEE71EA98948CDF86E
:106D500078B0F0F7DCFE08B172B6FEE78548F1F7CF
:106D6000EFFA08B172B6FEE70397049703A98148CA
:106D70000597F0F76BFD08B172B6FEE7CDE914A7F1
:106D80000820CDE9167018971997002214A97948A0
:106D90001A97F1F731F908B172B6FEE709970A9729
:106DA0000B974FF400500C97CDE90D700003CDE91F
:106DB00010700F97129709A96E481397F0F7FEFC11
:106DC00008B172B6FEE76B48F0F766FF002169482C
:106DD000F1F7E8FAECF728FB67480770FEF772FB5B
:106DE000208B58B100224FF400614846EFF78BF832
:106DF0000A2262A16548F1F7D5FD04E00122D10223
:106E00004846EFF780F8BDF86C004FF0000101280C
:106E100014BF00200120F8F7B9FEDFF874B1BBF809
:106E2000000001F033FAF1F71BFFF7F7AFFBF2F7C1
:106E3000E9FABDF87400012805D00320F2F798F9AB
:106E40005448076004E00220F2F792F951480560C7
:106E500001210846F4F712F800210120F4F70EF89A
:106E600001210020F4F70AF800210846F4F706F89B
:106E70003D4B3E4A3B490320FDF762F9E08AA8B149
:106E8000B6F90200DFF80CA10028DAF8000007DAF2
:106E900001280BD10320F2F76BF9CAF8007005E066
:106EA00020B90220F2F764F9CAF80050ECF748F96B
:106EB000FBF755FCEDF7CAF8F3F7DEFF606D216EC6
:106EC0004840606500F080FF6078B8B3F2F79AFA46
:106ED000012251024846EFF716F84FF06409607935
:106EE000814503D800214846F8F71CFE6078002849
:106EF00004BF0A20FEF7E8FA09F1010000F0FF09DB
:106F0000B9F1FF0FEBD300216079F8F70BFE0221F6
:106F10004FF09040EEF7F2FF0028F8D01E49606E67
:106F20000968884257D01D490968884253D01C49D6
:106F3000096888424FD01B4A126835E075E00000AE
:106F400000440140346B00208847002000A24A041E
:106F5000006CDC0200300040DC69002000040048C6
:106F60005046002050810020248100205C810020B8
:106F7000002C0140506A00200A4B002041542B5342
:106F80004C4545502F722F6E00000000806B002092
:106F9000124A002010570020C0490020C449002098
:106FA000C8490020CC490020904214D0F64A12680B
:106FB000904210D0F54A126890420CD0F44A126800
:106FC000904208D0F34B1B68984204D0F24B1B68E8
:106FD000984218BF6166ECF7E3FAF0480570F04894
:106FE0000188606EE9F7FCFAFF231A461946002073
:106FF0000095E9F76DFFF2F705FAF2F70DFBF7F7E9
:10700000ADFFE848416841F007014160E64D207A54
:10701000297808437DD02772E44BE54AE5490320EF
:10702000FDF78EF8287890B36AE06420EBF7D3FE82
:10703000F2F798FAF2F7E6F917221421DE48F9F789
:1070400061FCDE49BBF80000DD4B0988DD4ACDE973
:10705000000104210820F1F71DFF6783A783A08B9F
:10706000172838BFD8490ED2A08B51F82020606D68
:10707000824202D1608B401C6083A08B401CA083A5
:10708000A08B1728F0D3608B401C608320E7FFE7BC
:10709000E08A28B3C74842F20801B0F90420CA4286
:1070A0002EDDB0F90200002894F9060012DA0A2851
:1070B000B8BF401C13DBC54E3068012820D1F2F761
:1070C000A1F90320F2F754F8C14901202085087086
:1070D000376013E010F10A0FC8BF401E01DDA07138
:1070E0000EE0BA4E306858B9F2F78CF90220F2F788
:1070F0003FF8B7490120208508703060F2F78CFA1C
:10710000A08DA0B3F3F752FF88BBB24800780028E7
:1071100000E031E004BF207C002829D14FF4004179
:107120004FF09040EEF7EAFE08BBAB480078F0B9AC
:10713000A048B0F9041042F20800C142A8BFE772AB
:1071400007DAE07A64282DBF0220401CE072F7F7CE
:1071500057FE964A1CA90F20FCF7A2FF38B91C98CD
:1071600010F0040F04D09D4807802F7004E0FFE763
:107170002878002818BF2F709948EEF7FFFE99482D
:107180000178012910D098480178012912D0974838
:10719000017801291BD096480178012921D0954812
:1071A000017801292AD04AE02773E7720770F6F7C1
:1071B0008BF907E007708548E772006870B90BE04B
:1071C000F7F7B6F9F2F728FA8448078037E0077036
:1071D0007E48E772006808B10120F1E74FF0FF3008
:1071E000EEE707707D48E7720780FFF705F810B1FA
:1071F00000F074FB21E000F083FB1EE0077077488D
:10720000E7720780FEF7F8FF0028F1D1208B0128F4
:107210001ABF012020832783EDF748FB218B4FF411
:10722000B060EDF77DFAEDF73FFB208B012817D01A
:107230000122D1027048EEF766FEF2F7EDF96F48D1
:107240000178012919D06E480178012927D06D49AC
:107250000878012833D06C480178012944D054E0E3
:1072600000224FF400616448EEF74DFE0A22AFF2AF
:10727000F4216648F1F796FBDFE707705748E7729D
:107280000780FEF7B9FF10B100F028FB29E0604845
:107290000178002908BF02210FD0077021E0077094
:1072A0004E48E7720780FEF7A7FF0028ECD1584848
:1072B0000178002908BF0121EFD1017011E00F70A2
:1072C0004648E7720780FEF797FF0028DCD1E9F710
:1072D000FAFC01284FF0010114BF01200A20E9F750
:1072E000DAFCF2F799F910E007703C48E772078082
:1072F0004848077048480178002912BF07700121EB
:10730000017046480780F2F787F9E079D0B3444826
:10731000617B0088B1EB400F92BFE7730120E073FF
:10732000A17BE07B81422ED0A073012807D03D488D
:107330000078012804BF207B002876D08BE0F3F78B
:1073400035FE00BB23480078002804BF207C0028BD
:1073500019D14FF400414FF09040EEF7CFFD90B9B6
:107360001D48007878B96579782D74D900212846B0
:10737000F8F7D8FB0520FEF7A7F8681EC5B2782DF0
:10738000F4D868E06DE066E0D0490020D4490020E0
:10739000D8490020DC490020E04900201656002092
:1073A000AE490020002004E0A656002024810020E1
:1073B0005C8100205081002044570020144A0020A6
:1073C00004570020089600087C8C01081057002004
:1073D0000B4B00200D4B002017560020CC560020F0
:1073E000DC690020A8560020A9560020AA560020DB
:1073F000AD560020AE56002000040048AB560020D9
:10740000AC560020AF560020B0560020806B002004
:10741000484A0020F14A00204B4A002040560020F4
:10742000385600201E570020FFE7F8F7B7F805464A
:10743000607985420BD200212846F8F773FB0520BE
:10744000FEF742F8681CC5B260798542F3D300218B
:10745000C0B2F8F767FBA178A07A814218BFA0708C
:1074600030BF207900281CBF277100F0ADFCE9F780
:10747000D3F8C7480178012909D0F3F797FD50B137
:10748000C4480078002808BFF2F7C6F803E0077088
:10749000002001F0ADF9207CE8B3012808BF277473
:1074A000BD480178012937D1618D012901D039B159
:1074B000B7E0BA49097879B3B949098803292BD1CA
:1074C0000770B748DFF8DC820780D8F8B85200F0C0
:1074D0004FFDE784208B012815D198F89C020328E2
:1074E00023D102E0B048EEF749FDD5F81402002898
:1074F0001CBFE08C0328F5D3E08C032803D2402185
:10750000AA48ECF737F8208B78B900BFF9F77AFB77
:107510000028FBD001E092E083E0F9F773FB01283B
:1075200003D14021A148F9F761FBDFF884920120E3
:10753000002689F80000E784208B01281CD198F8E8
:107540009C02032822D102E09748EEF717FDD5F8F8
:10755000140200281CBFE08C0328F5D3E08C03281C
:107560000AD2892E24BFC6F1C80081B2606B3044B4
:1075700038BF3F21EBF7FEFF208B38B9F9F742FB0C
:107580000028FBD0F9F73EFB01280CD006F13F00A4
:1075900086B2C82ECFD389F800700026E784208BEE
:1075A00001280BD027E0892E28BFC6F1C801606BE7
:1075B000304438BF3F21F9F719FBE7E798F89C0200
:1075C000032823D102E07848EEF7D8FCD5F814025E
:1075D00000281CBFE08C0328F5D3E08C03280AD2D6
:1075E000892E24BFC6F1C80081B2A06B304438BFD9
:1075F0003F21EBF7BFFF208B40B900BFF9F702FB3B
:107600000028FBD0F9F7FEFA01280DD006F13F0063
:1076100086B2C82EC2D3608D012804BF0120ECF7CA
:10762000F5FC207C40BB0AE0892E28BFC6F1C801CA
:10763000A06B304438BF3F21F9F7D8FAE6E720784D
:10764000D0B12770208BB8B95A480068EBF771F9B0
:1076500041EC100B58A153EC102B5948FBF70CF9D7
:10766000F9F7D0FA0028FBD0F9F7CCFA012803D1BA
:1076700007215348F9F7BAFAA07CE8B3DFF8449140
:10768000A7740025D9F80000002884BFDFF838B1BE
:10769000DFF8108136D900BF5BF825204BA10AA87E
:1076A000FBF7EAF800F0FF0AE784208BD8F8B8620D
:1076B000012815D198F89C0203281BD102E03A4812
:1076C000EEF75CFCD6F8140200281CBFE08C0328FF
:1076D000F5D3E08C032803D251460AA8EBF74AFF02
:1076E000208B38B9F9F78EFA012803D151460AA840
:1076F000F9F77CFA681C00E004E085B2D9F80000D4
:107700008542C9D3E07C00283FF480ACDFF8949038
:10771000E774002641F2317A41F27078E784208BD9
:10772000D9F8B85201281CD199F89C0203281ED11F
:1077300002E01D48EEF722FCD5F8140200281CBF19
:10774000E08C0328F5D3E08C03280AD2564524BFE9
:10775000A8EB060081B2E06B304438BF3F21EBF765
:1077600009FF208B18B9F9F74DFA012805D006F169
:107770003F0086B24645D1D348E4564528BFA8EB22
:107780000601E06B304438BF3F21F9F72FFAEEE7EE
:10779000114B00200D4B00201D5600201E560020CE
:1077A00036560020D06D0020DC690020D046002035
:1077B000A9480020DC56002025302E33660D0A0033
:1077C000046C0020A44800200000002025642C0D3B
:1077D0000000000038B5044600200D460B4600901E
:1077E000032269465520FCF790FC002818BF38BDDD
:1077F0009DF8002060781A492378085C22EA000C82
:107800009DF802208243002B08BF8DF800C01DD0D8
:10781000012B04BF4CEA00008DF8000016D0022BAB
:1078200017D0032B1CBF6FF0030038BD4CEA0000DB
:107830008DF800006078085C10438DF802002B463C
:10784000032269465520FDF761FC38BD8DF8022002
:10785000F5E710438DF802008DF800C0EFE7000057
:10786000566A020838B5044600200D468DF800001F
:107870000B46012269465620FCF747FC002818BF3A
:1078800038BD61781448405C9DF80010814321EABE
:1078900000122178002908BF8DF8002010D001299E
:1078A00015D0022908BF104308D003291CBF6FF070
:1078B000030038BD40EA020141EA00108DF80000E3
:1078C0002B46012269465620FDF720FC38BD42EACE
:1078D00000108DF80000F3E7566A0208074810B55B
:1078E0000021FF22016202748170F5F7E7FD002894
:1078F00008BF10BDBDE81040F5F764BCF84A002091
:10790000074910B5A1F5EA6001620C2181700024DD
:10791000C4703120F5F7C8FB0248047010BD0000A8
:1079200048520020F14A002000B5084883B0084BB7
:107930000189C088CDE900010748064A0188074847
:107940000088F1F7A7FA03B000BD00000C4A002040
:10795000FC560020B8600020305700202E57002031
:1079600000B583B00723074ACDE90023064B6FF02B
:10797000030CCDF808C0A3F12002FDF711FF03B0FE
:1079800000BD0000508D0108D860002000B583B014
:107990000121202201F0B0F807480289C188CDE911
:1079A0000012C3680648054A018806480088F1F7B6
:1079B00033FB03B000BD00000C4A0020B86000207B
:1079C0002C5700202A57002070B5114682B01C4663
:1079D000302201F091F80020DFF888C003E0401C5D
:1079E000C0B2202803D21CF800100029F7D1A04211
:1079F00029D3051B854220DA0CEB0001421B002332
:107A0000491C12F0010F06D000EB0C0313F8013CE7
:107A100001F8013D0123C2F3470272B1C41A644464
:107A2000521E14F8016C01F8016C14F8024C9B1CF6
:107A300001F8024D12F0FF02F0D1604400214170C4
:107A40002E200CF805000848084B064A0189C0881A
:107A5000CDE900010648018806480088F1F7DCFA04
:107A600002B070BDB86000200C4A0020FC56002017
:107A70002C5700202A57002000B5084883B0084B37
:107A80000189C088CDE900010748064A01880748F6
:107A90000088F1F7FFF903B000BD00000C4A002098
:107AA000FC560020B8600020305700202E570020E0
:107AB00000B583B00623074ACDE90023064B6FF0DB
:107AC000020CCDF808C0A3F12002FDF769FE03B057
:107AD00000BD00006C8D0108D86000202DE9F04742
:107AE0002DED028B82B0F3F761FA744C744E21884D
:107AF0003088CDE900017348C078002814BF72A215
:107B000072A2734B00210920F1F7C4F92188308853
:107B1000CDE9000100216E4B6EA20846F1F7BAF9DB
:107B2000DFF8B891DFF8A881C9F80080E8F7BCFD5C
:107B3000B0EE408AECF72EFF006800280CBF4FF42F
:107B400078474FF4FC67384600F0A0FB644D288866
:107B5000288018EE100A6349884218EE100A0DDAE0
:107B6000EAF7E7FE41EC100BFBF732FC51EC100B8F
:107B7000EAF7A7FE0121FFF709FF76E05A49DFF88F
:107B80006CA1884239DA9FED5A0A68EE008A18EE35
:107B9000900AEAF7CEFE41EC100BFBF719FC51EC12
:107BA000100BEAF78EFE4FF47A71414300EE101A83
:107BB000B8EEC00AB4EE480AF1EE10FA03D1012182
:107BC000FFF7E4FE0EE018EE900AEAF7B2FE41EC91
:107BD000100BFBF7FDFB51EC100BEAF772FE0121D5
:107BE000FFF7D4FE20883A4BCDE90070BAF80010B8
:107BF00040A22888F1F710FA37E09FED3F0A68EEBF
:107C0000008A18EE900AEAF794FE41EC100BFBF79D
:107C1000DFFB51EC100BEAF754FE3849414300EE0C
:107C2000101AB8EEC00AB4EE480AF1EE10FA03D109
:107C30000121FFF7ABFE0EE018EE900AEAF779FE9D
:107C400041EC100BFBF7C4FB51EC100BEAF739FECB
:107C50000121FFF79BFE20881D4BCDE90070BAF88B
:107C6000001027A22888F1F7D7F9208800900F2369
:107C70006A2200212888F0F79FFF002000F006FB11
:107C8000C9F80080E9F71FF8012821883088104BD7
:107C90000BD0CDE900011BA200210620F1F7FAF874
:107CA00002B0BDEC028BBDE8F087CDE9000117A260
:107CB00000210620F1F7EEF8F2E70000144A002058
:107CC000124A0020484A00205300000050000000E3
:107CD000FC5600206E524C4320000000184A002041
:107CE0002A57002000E07944002474492C570020D2
:107CF0006F12833A6B000000BD37863540420F009B
:107D00004D000000302E323556200000322E355600
:107D10002020000000B583B04FF0FF330522094951
:107D20000948FDF713FC0948094B074A0189C08837
:107D3000CDE900010748018807480088F1F7AAF853
:107D400003B000BD288D0108B86000200C4A002057
:107D5000FC560020305700202E57002000B5124A54
:107D600083B04FF0FF33B2F80AC00522BCF1000F18
:107D70000CD0DFF838C0CDF800C0CDE901230C4BA2
:107D8000A3F12002FDF70CFD03B000BDDFF824C015
:107D9000CDF800C0CDE90123054BA3F12002FDF78A
:107DA000FFFC03B000BD00000C4A00203C8D010820
:107DB000D8600020288D0108014908707047000034
:107DC0000C4A00200000000070B551482DED068BD4
:107DD000EDF7BAF900EE100A4E4C4F49B8EE400AE2
:107DE00010EE100A84ED040A8842C7BF84ED020A2F
:107DF00094ED040A94ED020A84ED040AB5EEC00A7B
:107E0000F1EE10FA32DD607809283CBF401C60704A
:107E100010EE100AEAF78DFD657841EC180BC5F1FC
:107E20000A00EAF730FD9FED3EAB53EC1A2BEAF760
:107E300033FC53EC182BEAF72FFC41EC180B60686D
:107E4000EAF777FD41EC190B2846EAF72DFD53ECD4
:107E50001A2BEAF721FC53EC192BEAF71DFC53EC23
:107E6000182BEAF772FBEAF7A7FD60602E4800685E
:107E7000EAF75FFD41EC180B6068EAF75AFD9FEDE9
:107E80002C1B53EC112BEAF707FC53EC182BEAF7E9
:107E900003FC9FED291B53EC112BEAF7FDFB9FED33
:107EA000281B53EC112BEAF769FC9FED271B53ECC1
:107EB000112BEAF7F1FB9FED261B53EC112BEAF790
:107EC0005DFC9FED251B53EC112BEAF757FC9FED52
:107ED000241B53EC112BEAF7DFFBEAF76DFD224977
:107EE000E0608142DFBF00202070BDEC068B70BDDA
:107EF0002078401CC0B2207064289CBFBDEC068B6B
:107F000070BD0120BDEC068BBDE87040F6F778BF70
:107F100068690020D056002000C00F450000000016
:107F20009A9999999999B93F9849002000000000C1
:107F3000000000000000303F0000000000606240D0
:107F4000000000000000594048E17A14AE4710409C
:107F50009A99999999990F40E17A14AE47E11040A6
:107F6000CDCCCCCCCCCC1040CDCC5C4000000000C3
:107F70002DE9F047664F674E2DED028B84B03868CF
:107F8000746C010CA181E0819FED638B644853EC1C
:107F9000182B90ED000B51EC100BEAF77DFB41EC38
:107FA000100BFBF715FA51EC100BEAF7A9FC208136
:107FB0005C4853EC182B90ED000B51EC100BEAF7DA
:107FC0006BFB41EC100BFBF703FA51EC100BEAF7DB
:107FD00097FC60815448007854490003097801F007
:107FE0000F0140EA012052490978524D01F00F017A
:107FF00040EA0110E0805048296800684843010CBD
:10800000218260824D4CD4E9000AEAF792FC804656
:1080100089465046EAF78DFCCDE90201CDE9008999
:108020009DED000B51EC100BEAF7C6FCF066D4E9AD
:108030000009EAF77EFC044688464846EAF779FCE0
:10804000CDE90048CDE902019DED020B51EC100B8A
:10805000EAF7B2FC30673A48027862B1B16C08685E
:10806000030C706C83820988C182F16C0B681B0C55
:108070000383098841833348746C0078A0833248B5
:10808000E2830168090C2184018861848169090CFB
:10809000A184008BE0842D480068EAF74AFC53EC89
:1080A000182BEAF7F9FAEAF72BFC2085717D0029F5
:1080B00002BF04B0BDEC028BBDE8F087D5F800C06C
:1080C000347C2348336DD7ED000A02681A4400EE71
:1080D000102AB8EE601A0260B8EE400AC1EE001A2B
:1080E000BCEEE10A10EE102A2A60032A02D2002117
:1080F0000C4603609445E8D071753474006804B090
:10810000BDEC028BBDE8F04700F026B8000000008F
:10811000E4490020504600200000000000005940C3
:1081200068560020705600201F5600202056002060
:1081300021560020F4490020E84900202849002069
:108140001E5600204B4A0020707C0020DC56002088
:10815000F84900200000000070B5B0F57A7F2DEDE1
:10816000048B7DD3444CE36B00EE103AF8EE400AEA
:1081700000EE100AB8EE400A80EE801ABCEEC10A8A
:1081800010EE100AE064A1898842B1FBF0F13CBF17
:10819000414361811BD3C9B200FB01F292B26281FB
:1081A000824288BF354D12D900FB01F292B2A5FB85
:1081B000026C491E4FEA5C1C6FF018060CFB06FCB3
:1081C0006281C9B212EB8C0C18BF8242ECD8618973
:1081D000002908BF6081B3FBF0F12165EAF764FB79
:1081E00041EC100B53EC102B9FED250B51EC100BB9
:1081F000EAF7C4FA41EC180B60890025401E0028FC
:10820000C8BF214E2BDDE06CB5FBF0F100FB115037
:10821000EAF74AFB53EC182BEAF73EFAEAF7CCFBF5
:1082200000EE100AFBF7EAFE10EE100AEAF781FBF7
:1082300041EC190B6088EAF737FB53EC192BEAF78E
:108240002BFA41EC100BFBF743F82188084426F881
:108250001500681C85B26089401EA842D3DC00E08E
:1082600005E0BDEC048BBDE87040EAF7AABD4FF411
:108270007A7077E700000000A84900201F85EB51C5
:10828000182D4454FB211940E02E00200B490023F7
:108290004FF6FF7291F800C00949BCF1000F06D0FB
:1082A000002816BF9042CA80C8800B817047002802
:1082B0001ABF9042C880CB800A8170471F570020A8
:1082C0000C4A0020F8B504460D4600260B468DF8F2
:1082D0000060012269465320FBF717FF20BB21787D
:1082E000A01C01299DF800104FD0007821F08001DA
:1082F00041EAC01121F04001C0F3400241EA82117D
:10830000C0F3800221F0200141EA421121F0100166
:10831000C0F3C00041EA00108DF800002B46012296
:1083200069465320FCF7F2FE002818BFF8BD8DF80F
:1083300000602B46012269465420FBF7E6FE002828
:1083400018BFF8BDA01C217801299DF8001014BFAA
:1083500021F0200121F010010278C2F3001214BFB5
:1083600041EA421141EA02118DF80010008801F043
:10837000F001C0F3431008438DF800002B460122A2
:1083800069465420FCF7C2FEF8BD007821F00801D0
:1083900000F0010241EAC20121F00401C0F34002F1
:1083A00041EA8201C0F3800221F0020141EA420168
:1083B00021F00101C0F3C0000843ADE730B583B040
:1083C0000121022400288DF80010BDF802003FD0E2
:1083D00020F4FD7040F0050000F5B070ADF802002B
:1083E00000208DF801009DF804002D4920F0300098
:1083F00040F00F0020308DF8040019208DF80500A2
:108400006846FCF700F88DF80040BDF802002449EA
:1084100020F4F97040F00D0000F5B070ADF80200E6
:1084200006208DF80100BDF8040020F03F0040F464
:1084300000600A3020F4E070403020F4C06000F5A5
:108440000070ADF804006846FBF7DDFF03B030BDF7
:1084500020F00900ADF80200BDF80400042520F466
:108460000060ADF804008DF801500D496846FBF737
:10847000CAFF8DF80040BDF80200094920F009004C
:10848000ADF80200BDF804008DF8015020F4006042
:10849000ADF804006846FBF7B6FF03B030BD00003E
:1084A00024810020F0B5C648C74C2DED028B81B069
:1084B0000288C448002A01882088009100F06E815B
:1084C000A0F12302142300213138F0F775FBBF48D7
:1084D000007800280CBF00264FF6FF764FF40041CD
:1084E0004FF09040EDF70AFD00280CBF35464FF4E1
:1084F000FC65B1EE088AB64FB649F8688842AEBF4F
:108500004FF4FC60F04380B2009020880A23821F61
:1085100009210838F0F750FBAF49F8688842CEBF10
:108520004FF4FC60F04380B2009020881023A0F14B
:108530001E0100EE101A20380321F8EEC00AB0EE3A
:10854000080A48EE000AFCEEE00A10EE902A00EE5F
:10855000900AF8EEE00A48EE000ABCEEE00A10EEDF
:10856000100AF0F729FB9D49F8688842AEBF4FF426
:10857000FC60F04380B200902088F0EE000AA0F189
:108580001E0100EE101A20381023B8EEC00A032195
:1085900008EE200ABCEEC00A10EE102A00EE100A07
:1085A000B8EEC00A08EE200ABCEEC00A10EE100AAF
:1085B000F0F702FB8A49F8688842AEBF4FF4FC60CE
:1085C000F04380B2009020881023A0F11E0100EE3D
:1085D000101A20380321B8EEC00A30EE080ABCEEAB
:1085E000C00A10EE102A00EE100AB8EEC00A30EEF3
:1085F000080ABCEEC00A10EE100AF0F7DDFA79495D
:10860000F86888420FDA4FF400414FF09040EDF7E0
:1086100075FC00287449F86800F0C9808842DCBF06
:10862000F04380B201DD4FF4FC60009020881023FD
:10863000A0F11E0100EE101A20380321B8EEC00A86
:10864000BCEEC00A10EE102A00EE100AB8EEC00A06
:10865000BCEEC00A10EE100AF0F7AEFA00952088C2
:108660000723011F8AB20A3880B21946F0F7D6F9FB
:10867000009520880623011F8AB20A3880B2194665
:10868000F0F7CCF9009520880C23011F8AB20A3834
:1086900080B21946F0F7C2F9009520880D23011F1A
:1086A0008AB20A3880B21946F0F7B8F900952088E6
:1086B0000123A0F10A018AB2223880B21946F0F7EC
:1086C000ADF9009520880023A0F10A018AB2223872
:1086D00080B21946F0F7A2F9009520881223A0F184
:1086E0000A018AB2223880B21946F0F797F900954C
:1086F00020881323A0F10A018AB2223880B21946D9
:10870000F0F78CF9009520881223223882B280B2CB
:108710000121F0F783F9009520881223233882B2D3
:1087200080B20121F0F77AF90095208807230A38F2
:1087300082B280B20121F0F771F9009520880723F9
:10874000093882B280B20121F0F768F900952088DB
:1087500012230A3882B280B20C21F0F75FF900953B
:1087600020881223093882B280B20C21F0F756F922
:10877000009520880C23001F82B280B20721F0F7F9
:108780004DF9009520880C23C01E82B280B20721CB
:10879000F0F744F901B0BDEC028BF0BD313801B205
:1087A0004FF6FF7300221148F8F72AF98FE6884246
:1087B000CEBF4FF47840F04380B24FF4784534E7B1
:1087C00068460020144A0020325700201F5700201E
:1087D000D0560020C1CA794091ED7440FED470405B
:1087E0007F6A6C4019046640643B5F403C57002040
:1087F0002DE9F04F8C4F8BB081464FF0000A4FF0BF
:108800000108874C874DA7F6AC26DFF820B202E0BE
:10881000BAF1050F04D20AF1010000F0FF0A02E0EC
:108820000220F6F7EDFA86F81580F0F7EBFD2188C7
:108830002888CDE900017E4B7EA201210420F0F7BB
:1088400029FB21882888CDE90001307D784B032160
:1088500057F820200120F0F71DFB21882888CDE95A
:108860000001307D724B07EB80000421C2680320B9
:10887000F0F710FB707D012805D17148EDF77EFB04
:10888000707D0128F9D086F81580F0F7BBFD2188AE
:108890002888CDE90001307D654B07EB8000002181
:1088A00082690420F0F7F6FA21882888CDE90001D2
:1088B00001215F4B63A20846F0F7ECFA2188288873
:1088C000CDE900015A4B64A202210120F0F7E2FA3F
:1088D000707D012805D15A48EDF750FB707D0128C5
:1088E000F9D086F81580F0F78DFD21882888CDE92C
:1088F0000001307D4E4B07EB80000021426A0320CF
:10890000F0F7C8FA21882888CDE900010121484BF9
:1089100056A20846F0F7BEFA21882888CDE9000162
:10892000434B56A202210120F0F7B4FA218828888F
:10893000CDE900013E4B55A203210120F0F7AAFA30
:10894000707D012805D13E48EDF718FB707D0128A8
:10895000F9D086F81580F0F755FD21882888CDE9F3
:108960000001307D002107EB8000314B026B08468F
:10897000F0F790FA21882888CDE90001307D2C4B52
:1089800007EB80000121C26B0320F0F783FA2188F6
:108990002888CDE90001264B40A202210020F0F7F3
:1089A00079FAF06A42A1D0E9002302A8F9F764FF3E
:1089B00021882888CDE900011D4B02AA032100204F
:1089C000F0F768FAF06A3EA1826802A8F9F754FF4E
:1089D00021882888CDE90001154B02AA0421002036
:1089E000F0F758FA21882888CDE90001104BBBF830
:1089F000001002AA34480088F0F74CFA707D012874
:108A000005D10F48EDF7BAFA707D0128F9D0F0F7DB
:108A1000F9FCB9F1000F7FF4FBAE0BB0BDE8F08FAD
:108A2000144A0020124A0020A45500202C57002090
:108A3000045700206E524C43206D65747200000094
:108A4000DC690020C0EBE5EAF1E0EDE4F020CBE5E5
:108A5000E1E5E4FC00000000CFE0E2E5EB20D1EC32
:108A6000E5F2E0EDEDE8EAEEE2000000C4ECE8F249
:108A7000F0E8FE2042616C6D65720000CDE8EAE826
:108A8000F2E5204E696B69746F730000CEEBE5E38D
:108A9000F320C3E0EBFBE7E8EDF3000070616368EF
:108AA0002E736D65744079616E6465782E72750001
:108AB0003078253034582D3078253034582D00004A
:108AC00030782530345800002A5700200348416888
:108AD00089B241F47061416070470000003001408C
:108AE0000448416889B221F4706141F4E061416059
:108AF0007047000000300140F0B4334C0028BDBF87
:108B00002D2304F8013B4342034600252F4E5FEA24
:108B1000030C07D0A6FB0C7C05F101055FEADC0C19
:108B20006DB2F7D1002808BF0125481B00280DDDD4
:108B3000611E10F0010F18BF01F8012F471004D07B
:108B40004A7001F8022F7F1EFAD1044400206055BC
:108B5000681E40B2411C0029D8BF00210EDD012152
:108B600081430BD0A6FB03C2D208C2F1000C0CEB70
:108B70008C0C03EB4C03303323541346401A40B2A1
:108B8000B0F1FF3FDCBFF0BC704700BFA6FB032184
:108B9000C9084A4202EB820203EB420230322254FD
:108BA000A6FB0132D3085A4202EB820201EB4201DA
:108BB00022183031801E40B202F8011CB0F1FF3F94
:108BC000E4DCF0BC70470000B8600020CDCCCCCC19
:108BD00000B52DED048B83B041EC190BE9F7B2FF22
:108BE00041EC180B18EE100A18EE901A8DED008B60
:108BF000002818BF0120084320F00040C0F17F602A
:108C000000F1E040C00F14D019EE101A19EE900ACE
:108C10008DED009B002918BF0121084320F0004082
:108C2000C0F17F6000F1E040C00F04BF0120FAF7FF
:108C30003FFD51EC180B03B0BDEC048B00BD550596
:108C40005605570558055905600561056205630518
:108C500064056505660567056805690570057105A4
:108C60007205730574057505760577057805790530
:108C70008005810582058305840500002B622B7623
:108C8000226F196B096F2D6B006640683B632C7473
:108C9000226033760B613C631E6030781565347456
:108CA0002B674C670C6F43621F6020752660596705
:108CB00024633377146F4B6B156646790C653079F6
:108CC0000F60337912653D79066519790B6F2A6259
:108CD0002267576715675C670203040506070809E2
:108CE0000A0B0C0D0E0F10100102030405060708F5
:108CF000090A0B0C0D0E0F10000000000000000010
:108D00000102030406070809000000000102030431
:108D100000010203040506077C7A0208507302086A
:108D20005073020850730208147302081873020883
:108D3000107302080C730208087302081473020807
:108D400018730208107302080C73020808730208F3
:108D50002C73020828730208307302082473020877
:108D600034730208207302081C730208447302085B
:108D700048730208407302084C7302083C730208EF
:108D80003873020800010200010203040517000005
:108D900000000000000000000000000000000000D3
:108DA00000000000000000000000000000000000C3
:108DB00000000000000000000000000000000000B3
:108DC00000000000000000000000000000000000A3
:108DD0000000000000000000000000000000000093
:108DE0000000000000000000000000000000000083
:108DF0000000000000000000000000000000000073
:108E00000000000000000000000000000000000062
:108E10000000000000000000000000000000000052
:108E20000000000000000000000000000000000042
:108E30000000000000000000000000000000000032
:108E40000000000000000000000000000000000022
:108E50000000000000000000000000000000000012
:108E60000000000000000000000000000000000002
:108E700000000000000000000000000000000000F2
:108E800000000000000000000000000000000000E2
:108E90000000000000000B000000000000000000C7
:108EA00000000000000000000000000000000000C2
:108EB0000000000000000000000000FCFF1F001F79
:108EC00000FCFFFF071F00FCFFFF071F00FCFFFF68
:108ED000071F00FCFF3F001F000000000000000013
:108EE0000000000000000000000000000000000082
:108EF0000000000000000000000000000000000072
:108F00000000000000000000000000000000000061
:108F10000000000000000000000000000000000051
:108F20000000000000000000000000000000000041
:108F30000000000000000000000000000000000031
:108F40000000000000000000000000000000000021
:108F50000000000000000000000000000000000011
:108F60000000000000000000000000000000000001
:108F700000000000000000000000000000000000F1
:108F800000000000000000000000000000000000E1
:108F900000000000000000000000000000000011C0
:108FA00000000000000000000000000000000000C1
:108FB0000000FE0000000000FE7F00000000FE7FB9
:108FC00000000000FE7F00000000FE000000000026
:108FD0000000000000000000000000000000000091
:108FE0000000000000000000FE0000000000FE7F06
:108FF00000000000FE7F00000000FE7F0000000077
:10900000FE00000000000000000000000000000062
:109010000000000000000000000000000000000050
:109020000000000000000000000000000000000040
:109030000000000000000000000000000000000030
:109040000000000000000000000000000000000020
:109050000000000000000000000000000000000010
:109060000000000000000000000000000000000000
:1090700000000000000000000000000000000000F0
:1090800000000000000000000000000000000000E0
:1090900000000000000000000000000000000000D0
:1090A00000000000000000002000000000000000A0
:1090B00000000000000000000000000000000700A9
:1090C0000000000007000000000007000000700022
:1090D000070000007000071800007000871F0000E4
:1090E0007000FF1F00007080FF07000070F0FF009D
:1090F000000070FF0F000000F0FF07000000FF0FEE
:10910000070000F0FF00070000FC7F00071800FCCC
:109110007000871F000C7000FF1F00007080FF07A9
:10912000000070F87F000000F0FF07000000F87FEB
:1091300007000080FF07070000F0FF00070000FCA9
:109140007F00070000FC70000700000C70000700A3
:1091500000007000070000007000000000007000B8
:10916000000000007000000000000000000000008F
:1091700000000000000000000000000000000000EF
:1091800000000000000000000000000000000000DF
:1091900000000000000000000000000000000000CF
:1091A00000000000000000000000000000000000BF
:1091B0000018000000000000000000000000000097
:1091C0000000000000F003C0070000FC0F800F004B
:1091D00000FE1F800F0000FF1F000F0080FF3F00F8
:1091E0000F00800F3E001F00C0073C001E00C003A0
:1091F0007C001E00C00378001E00FFFFFFFFFF1F62
:10920000FFFFFFFFFF1FFFFFFFFFFF1FC003F00077
:109210001E00C003F0001E00C003F0010F00C007D5
:10922000F0830F008007E0FF07008007E0FF0700E2
:10923000800FC0FF0300800F80FF01000000007E50
:10924000000000000000000000000000000000001E
:10925000000000000000000000000000000000000E
:1092600000000000000000000000000000000000FE
:1092700000000000000000000000000000000000EE
:1092800000000000000000000000000000000000DE
:1092900000000000000000000000000000000000CE
:1092A00000000000000000000000000000000000BE
:1092B000000000000000000000002C000000000082
:1092C0000000000000000080FF00000000E0FF033D
:1092D000000000F8FF0F000000FCFF1F0000007CF2
:1092E000001F0000001E003C0000000E00380000BF
:1092F000000E00380000000E00380000000E00389C
:109300000000000E00380010001E003C001C007C15
:10931000001F001F00FCFF1FC01F00F8FF0FF01F01
:1093200000E0FF03FC070080FF00FF01000000C019
:109330007F00000000F01F00000000FC070000009C
:1093400000FF01000000C07F00000000F01F0000CF
:109350000000FC0700000000FF01000000C07F804B
:10936000FF0000F01FE0FF0300FC07F8FF0F00FC08
:1093700001FCFF1F007C007C001F001C001E003C45
:109380000004000E00380000000E00380000000E3F
:1093900000380000000E00380000000E0038000009
:1093A000001E003C0000007C001F000000FCFF1FAE
:1093B000000000F8FF0F000000E0FF030000008045
:1093C000FF0000220000000000000000000000007C
:1093D0000000007F00000000C0FF0100C00FF0FF90
:1093E0000700E03FF8FF0700F87FF8FF0F00F8FFE5
:1093F0007CE01F00FCFF1F801F007CF00F003F007F
:109400003EE007003E001EC00F003C001E801F0013
:109410003C001E803F003C001E807F003C003EC0A0
:10942000FF003C007EF0FD011C00FCFFF8031E0065
:10943000FC7FF0071E00F87FE00F0F00F01FC09FB9
:109440000700C00700FF0300000000FE01000080CD
:10945000FFFF00000080FFFF01000080FFFF03000E
:109460000080FFE7070000807FC00F000000008041
:109470001F00000000001F00000000001E00000090
:1094800000001C0000000000180000000000100098
:1094900000000000000000000000000000000000CC
:1094A00000000000000000000000000000000000BC
:1094B00000000000000000000000000000000000AC
:1094C0000000000000000000000000000700000095
:1094D000000000000000000000FE0000000000FE90
:1094E0007F00000000FE7F00000000FE7F00000003
:1094F00000FE00000000000000000000000000006E
:10950000000000000000000000000000000000005B
:10951000000000000000000000000000000000004B
:10952000000000000000000000000000000000003B
:10953000000000000000000000000000000000002B
:10954000000000000000000000000000000000001B
:10955000000000000000000000000000000000000B
:1095600000000000000000000000000000000000FB
:1095700000000000000000000000000000000000EB
:1095800000000000000000000000000000000000DB
:1095900000000000000000000000000000000000CB
:1095A00000000000000000000000000000000000BB
:1095B00000000000000000000000000000000000AB
:1095C000000000000000000000000000000000009B
:1095D000000000000011000000000000000000007A
:1095E00000000000000000000000FC3F000000E060
:1095F000FFFF070000F8FFFF1F0000FEFFFF7F00D6
:1096000080FF03C0FF01E07F0000FE07F00F0000B5
:10961000F00FFC030000C03FFE000000007F3E0092
:109620000000007C1E00000000780E0000000070AA
:109630000600000000600200000000400000000082
:10964000000000000000000000000000000000001A
:10965000000000000000000000000000000000000A
:1096600000000000000000000000000000000000FA
:1096700000000000000000000000000000000000EA
:1096800000000000000000000000000000000000DA
:1096900000000000000000000000000000000000CA
:1096A00000000000000000000000000000000000BA
:1096B00000000000000000000000000000000000AA
:1096C000000000000000000000000000000000009A
:1096D00000000000000000000000000000000F007B
:1096E0000000000000020000000040060000000032
:1096F000600E00000000701E00000000783E0000B8
:1097000000007CFE000000007FFC030000C03FF072
:109710000F0000F00FE03F0000FE0780FF03C0FFD6
:109720000100FEFFFF7F0000F8FFFF1F0000E0FFC9
:10973000FF07000000FC3F000000000000000000E8
:109740000000000000000000000000000000000019
:109750000000000000000000000000000000000009
:1097600000000000000000000000000000000000F9
:1097700000000000000000000000000000000000E9
:1097800000000000000000000000000000000000D9
:1097900000000000000000000000000000000000C9
:1097A00000000000000000000000000000000000B9
:1097B00000000000000000000000000000000000A9
:1097C0000000000000000000000000000000000099
:1097D0000000000000000000000000000000000089
:1097E0000000000000000018000000000000000061
:1097F0000000000000000000000040000200000027
:10980000F0000F000000E00007000000E08107000A
:109810000000C0C30300000080C30100000000E797
:109820000000000000FF00000000007E00000000BB
:10983000FEFF7F000000FEFF7F000000FEFF7F00B4
:109840000000007E0000000000F70000000000E7BC
:109850000000000080C301000000C0C3030000003E
:10986000E08107000000E00007000000F0000F00AA
:1098700000004000020000000000000000000000A6
:1098800000000000000000000000000000000000D8
:1098900000000000000000000000000000000000C8
:1098A00000000000000000000000000000000000B8
:1098B00000000000000000000000000000000000A8
:1098C0000000000000000000000000000000000098
:1098D0000000000000000000000000000000000088
:1098E0000000000000000000000000000000000078
:1098F0002000000000000000000000000000000048
:109900000000000000000000000000F00000000067
:1099100000F00000000000F00000000000F0000077
:10992000000000F00000000000F00000000000F067
:109930000000000000F00000000000F00000000047
:1099400000F00000000000F00000000000F0000047
:109950000000FFFFFF0F0000FFFFFF0F0000FFFFF1
:10996000FF0F0000FFFFFF0F000000F000000000ED
:1099700000F00000000000F00000000000F0000017
:10998000000000F00000000000F00000000000F007
:109990000000000000F00000000000F000000000E7
:1099A00000F00000000000F00000000000F00000E7
:1099B00000000000000000000000000000000000A7
:1099C0000000000000000000000000000000000097
:1099D0000000000000000000000000000000000087
:1099E0000000000000000000000000000000000077
:1099F0000000000000000000000C0000000000005B
:109A0000000000000000000000000018000000003E
:109A1000001F00000000F01F00000000FF1F0000FA
:109A200000C0FF07000000C0FF00000000C03F00B2
:109A3000000000C00F00000000C001000000004056
:109A40000000000000000000000000000000000016
:109A50000000000000000000000000000000000006
:109A600000000000000000000000000000000000F6
:109A700000000000000000000000000000000000E6
:109A800000000000000000000000000000000000D6
:109A900000000000000000000000000000000000C6
:109AA00000000000000000000000000000000000B6
:109AB00000000000000000000000000000000000A6
:109AC0000000000000000000000000000000000096
:109AD0000000000000000000000000000000000086
:109AE0000000000000000000000000000000000076
:109AF0000000000000000000000000000000000066
:109B000000000F0000000000000000000000000046
:109B100000F00000000000F00000000000F0000075
:109B2000000000F00000000000F00000000000F065
:109B30000000000000F00000000000F00000000045
:109B400000F00000000000F00000000000F0000045
:109B5000000000F00000000000F000000000000025
:109B600000000000000000000000000000000000F5
:109B700000000000000000000000000000000000E5
:109B800000000000000000000000000000000000D5
:109B900000000000000000000000000000000000C5
:109BA00000000000000000000000000000000000B5
:109BB00000000000000000000000000000000000A5
:109BC0000000000000000000000000000000000095
:109BD0000000000000000000000000000000000085
:109BE0000000000000000000000000000000000075
:109BF0000000000000000000000000000000000065
:109C000000000000000000000000000A000000004A
:109C10000000000000000000000000000000000044
:109C200000000000000000C01F00000000C01F0076
:109C3000000000C01F00000000C01F00000000C0A6
:109C40001F00000000C01F00000000000000000016
:109C50000000000000000000000000000000000004
:109C600000000000000000000000000000000000F4
:109C700000000000000000000000000000000000E4
:109C800000000000000000000000000000000000D4
:109C900000000000000000000000000000000000C4
:109CA00000000000000000000000000000000000B4
:109CB00000000000000000000000000000000000A4
:109CC0000000000000000000000000000000000094
:109CD0000000000000000000000000000000000084
:109CE0000000000000000000000000000000000074
:109CF0000000000000000000000000000000000064
:109D00000000000000000000000000000000000053
:109D1000000000001100000000001F00000000E033
:109D20001F00000000FC1F00000080FF0F0000006B
:109D3000F0FF01000000FF3F000000E0FF03000013
:109D400000FC7F00000080FF0F000000F0FF01001A
:109D50000000FF3F000000E0FF03000000FC7F0068
:109D6000000000FE0F00000000FE01000000003EA9
:109D700000000000000600000000000000000000DD
:109D800000000000000000000000000000000000D3
:109D900000000000000000000000000000000000C3
:109DA00000000000000000000000000000000000B3
:109DB00000000000000000000000000000000000A3
:109DC0000000000000000000000000000000000093
:109DD0000000000000000000000000000000000083
:109DE0000000000000000000000000000000000073
:109DF0000000000000000000000000000000000063
:109E00000000000000000000000000000000000052
:109E1000000000000000000000000000001800002A
:109E20000000000000000000000000F0FF0700003C
:109E300000FFFF7F0000C0FFFFFF0100F0FFFFFFFA
:109E40000700F8FFFFFF0F00FC0700F01F00FC00F9
:109E500000801F003C0000001E003E0000003E008D
:109E60001E0000003C001E0000003C001E00000020
:109E70003C001E0000003C003E0000003E003C0094
:109E800000001E00FC0000801F00FC0700F01F0007
:109E9000F8FFFFFF0F00F0FFFFFF0700C0FFFFFF0D
:109EA000010000FFFF7F000000F0FF07000000003E
:109EB00000000000000000000000000000000000A2
:109EC0000000000000000000000000000000000092
:109ED0000000000000000000000000000000000082
:109EE0000000000000000000000000000000000072
:109EF0000000000000000000000000000000000062
:109F00000000000000000000000000000000000051
:109F10000000000000000000000000000000000041
:109F2000000000000000170000000000000000001A
:109F30000000000000000000000000000000000021
:109F40000000000000000000000000800300001E70
:109F500000800300001E00800300001E008003003C
:109F6000001E00C00300001E00C00300001E00F021
:109F7000FFFFFF1F00FCFFFFFF1F00FCFFFFFF1F95
:109F800000FCFFFFFF1F00FCFFFFFF1F00000000A1
:109F9000001E00000000001E00000000001E000067
:109FA0000000001E00000000001E00000000001E57
:109FB00000000000000000000000000000000000A1
:109FC0000000000000000000000000000000000091
:109FD0000000000000000000000000000000000081
:109FE0000000000000000000000000000000000071
:109FF0000000000000000000000000000000000061
:10A000000000000000000000000000000000000050
:10A010000000000000000000000000000000000040
:10A020000000000000000000000000000000001818
:10A030000000000000000000000000000000000020
:10A040000000000000001F00F80000801F007C00DE
:10A0500000C01F007C0000E01F003C0000F01F005B
:10A060003C0000F81E001E00007C1E001E00003F89
:10A070001E001E00801F1E001E00C00F1E001E00BE
:10A08000E0071E001E00F0031E003E00FC011E0043
:10A090007E00FE001E00FCC07F001E00FCFF3F0093
:10A0A0001E00F8FF0F001E00F0FF07001E00E0FF7B
:10A0B00001001E00807F00001E00000000001E0046
:10A0C0000000000000000000000000000000000090
:10A0D0000000000000000000000000000000000080
:10A0E0000000000000000000000000000000000070
:10A0F0000000000000000000000000000000000060
:10A10000000000000000000000000000000000004F
:10A11000000000000000000000000000000000003F
:10A12000000000000000000000000000000000002F
:10A130000000000000000000170000000000000008
:10A140000000000000000000800F00F80000001F69
:10A15000007C0000001F007C0000001E003C00008E
:10A16000001E003C0000003E001E0000003C001EDF
:10A17000000F003C001E000F003C001E000F003CC2
:10A18000001E000F003C001E800F003C003E800FB0
:10A19000003E003EC01F001E00FCE03D001F00FC12
:10A1A000FF7DC01F00F8FFF8FF0F00F8FFF8FF0762
:10A1B00000E03FF0FF0300C00FE0FF01000000805F
:10A1C0003F00000000000000000000000000000050
:10A1D000000000000000000000000000000000007F
:10A1E000000000000000000000000000000000006F
:10A1F000000000000000000000000000000000005F
:10A20000000000000000000000000000000000004E
:10A21000000000000000000000000000000000003E
:10A22000000000000000000000000000000000002E
:10A23000000000000000000000000000000000001E
:10A2400000190000000000000000F80100000000FC
:10A25000FC0100000000FE0100000000FF01000002
:10A260000080EF01000000E0E701000000F0E301E2
:10A27000000000F8E101000000FCE0010000003EE9
:10A28000E0010000001FE0010000C00FE00100003D
:10A29000E007E0010000F003E0010000F801E00148
:10A2A0000000FCFFFFFF1F00FCFFFFFF1F00FCFF83
:10A2B000FFFF1F00FCFFFFFF1F00FCFFFFFF1F0051
:10A2C0000000E00100000000E00100000000E001EB
:10A2D00000000000E001000000000000000000009D
:10A2E000000000000000000000000000000000006E
:10A2F000000000000000000000000000000000005E
:10A30000000000000000000000000000000000004D
:10A31000000000000000000000000000000000003D
:10A32000000000000000000000000000000000002D
:10A33000000000000000000000000000000000001D
:10A3400000000000000000000000180000000000F5
:10A3500000000000000000000000000000000000FD
:10A36000800F00FCFF0F001F00FCFF0F001F00FC10
:10A37000FF07001E00FCFF07001E00FCFF07003E59
:10A38000003C8007003C003C8007003C003C80070C
:10A39000003C003C8007003C003C8007003C003C47
:10A3A0008007003C003C800F003E003C800F001EF8
:10A3B000003C001F801F003C007FE00F003C00FEBF
:10A3C000FF0F003C00FEFF07003C00FCFF03003CC9
:10A3D00000F0FF00003C00C03F0000000000000053
:10A3E000000000000000000000000000000000006D
:10A3F000000000000000000000000000000000005D
:10A40000000000000000000000000000000000004C
:10A41000000000000000000000000000000000003C
:10A42000000000000000000000000000000000002C
:10A43000000000000000000000000000000000001C
:10A44000000000000000000000000000000000000C
:10A4500000000019000000000000000000000000E3
:10A460000080FF07000000F8FF7F000000FEFFFFF4
:10A47000010080FFFFFF0300C0FFFFFF0700E03F78
:10A480001EF00F00F0070E801F00F8010F001F00E4
:10A49000F80007003E007C8007003C003C8007007D
:10A4A0003C003C8007003C001E8007003C001E80F2
:10A4B00007003C001E8007003E001E800F001E00AB
:10A4C0001E001F001F001E007FC00F001E00FEFFA9
:10A4D0000F003E00FEFF07000000FCFF030000002D
:10A4E000F0FF00000000C03F00000000000000007E
:10A4F000000000000000000000000000000000005C
:10A50000000000000000000000000000000000004B
:10A51000000000000000000000000000000000003B
:10A52000000000000000000000000000000000002B
:10A53000000000000000000000000000000000001B
:10A54000000000000000000000000000000000000B
:10A5500000000000000000000000000018000000E3
:10A560000000000000000000003C00000000003C73
:10A5700000000000003C00000010003C0000001C37
:10A58000003C0000001F003C0000C01F003C000019
:10A59000F01F003C0000FC1F003C0000FF07003CD7
:10A5A00000C0FF01003C00F87F00003C00FE1F00DF
:10A5B000003C80FF0700003CE0FF0100003CF87F0A
:10A5C0000000003CFE1F000000BCFF03000000FC78
:10A5D000FF00000000FC3F00000000FC0F00000036
:10A5E00000FC0300000000FC000000000000000070
:10A5F000000000000000000000000000000000005B
:10A60000000000000000000000000000000000004A
:10A61000000000000000000000000000000000003A
:10A62000000000000000000000000000000000002A
:10A63000000000000000000000000000000000001A
:10A64000000000000000000000000000000000000A
:10A6500000000000000000000000000000000000FA
:10A6600000000000001900000000000000000000D1
:10A6700000000000007F0000801FC0FF0100E07F9D
:10A68000E0FF0300F0FFF0FF0700F8FFF9FF0F0005
:10A69000F8FFFBC01F00FCF03F001F003CC01F0084
:10A6A0001E003EC00F003E001E800F003C001E003A
:10A6B0000F003C001E001F003C001E001E003C005E
:10A6C0001E001E003C003E003E003E003C007F009D
:10A6D0001E00FCC07F001F00FCFFFBC11F00F8FF35
:10A6E000F9FF0F00F0FFF0FF0700E07FE0FF03003D
:10A6F000801FC0FF01000000007F0000000000007C
:10A700000000000000000000000000000000000049
:10A710000000000000000000000000000000000039
:10A720000000000000000000000000000000000029
:10A730000000000000000000000000000000000019
:10A740000000000000000000000000000000000009
:10A7500000000000000000000000000000000000F9
:10A7600000000000000000000000000000001900D0
:10A77000000000000000000000000000FE010000DA
:10A780000080FF07000000E0FF1F000000F0FF3F17
:10A79000003E00F8FF3F003C00F8017F003C007CD9
:10A7A000007C003C003C00F8003C003E00F8003C0F
:10A7B000001E00F0003C001E00F0003C001E00F0F7
:10A7C000003E001E00F0001E001E00F0001F003EB4
:10A7D0000070800F007C0078C00F00FC0038F0078C
:10A7E00000F8073CFE0300F0FFFFFF0100E0FFFF61
:10A7F000FF0000C0FFFF3F000000FFFF0F00000050
:10A80000F87F0000000000000000000000000000D1
:10A810000000000000000000000000000000000038
:10A820000000000000000000000000000000000028
:10A830000000000000000000000000000000000018
:10A840000000000000000000000000000000000008
:10A8500000000000000000000000000000000000F8
:10A8600000000000000000000000000000000000E8
:10A87000000000000000000C0000000000000000CC
:10A8800000000000000000000000000000000000C8
:10A8900000000000000000000000000000F803C0FD
:10A8A0001F0000F803C01F0000F803C01F0000F8DD
:10A8B00003C01F0000F803C01F0000F803C01F0002
:10A8C0000000000000000000000000000000000088
:10A8D0000000000000000000000000000000000078
:10A8E0000000000000000000000000000000000068
:10A8F0000000000000000000000000000000000058
:10A900000000000000000000000000000000000047
:10A910000000000000000000000000000000000037
:10A920000000000000000000000000000000000027
:10A930000000000000000000000000000000000017
:10A940000000000000000000000000000000000007
:10A9500000000000000000000000000000000000F7
:10A9600000000000000000000000000000000000E7
:10A9700000000000000000000000000000000000D7
:10A98000280000000000000000000000000000009F
:10A9900000000000000000000000000000000000B7
:10A9A00000000000000000000000000000000000A7
:10A9B0000000000000000000000000000000000097
:10A9C0000000000000000000000000000000000087
:10A9D0000000000000000000000000000000000077
:10A9E0000000000000000000000000000000000067
:10A9F0000000000000000000000000000000000057
:10AA00000000000000000000000000000000000046
:10AA10000000000000000000000000000000000036
:10AA20000000000000000000000000000000000026
:10AA30000000000000000000000000000000000016
:10AA40000000000000000000000000000000000006
:10AA500000000000000000000000000000000000F6
:10AA600000000000000000000000000000000000E6
:10AA700000000000000000000000000000000000D6
:10AA800000000000000000000000000000000000C6
:10AA900000000000000000000000000000000000B6
:10AAA00000000000000000000000000000000000A6
:10AAB0000000000000000000000000000000000096
:10AAC0000000000000000000000000000000000086
:10AAD0000000000000000000000000000000000076
:10AAE0000000000000000000000000000000000066
:10AAF0000000000000000000000000000000000056
:10AB00000000000000000000000000000000000045
:10AB10000000000000000000000000000000000035
:10AB20000000000000000000000000000000000025
:10AB30000000000000000000000000000000000015
:10AB40000000000000000000000000000000000005
:10AB500000000000000000000000000000000000F5
:10AB600000000000000000000000000000000000E5
:10AB700000000000000000000000000000000000D5
:10AB800000000000000000000000000000000000C5
:10AB900000000000000000000000000000000000B5
:10ABA00000000000000000000000000000000000A5
:10ABB0000000000000000000000000000000000095
:10ABC0000000000000000000000000000000000085
:10ABD0000000000000000000000000000000000075
:10ABE0000000000000000000000000000000000065
:10ABF0000000000000000000000000000000000055
:10AC00000000000000000000000000000000000044
:10AC10000000000000000000000000000000000034
:10AC20000000000000000000000000000000000024
:10AC30000000000000000000000000000000000014
:10AC40000000000000000000000000000000000004
:10AC500000000000000000000000000000000000F4
:10AC600000000000000000000000000000000000E4
:10AC700000000000000000000000000000000000D4
:10AC800000000000000000000000000000000000C4
:10AC900000000000000000000000000000000000B4
:10ACA00000000000000000000000000000000000A4
:10ACB0000000000000000000000000000000000094
:10ACC0000000000000000000000000000000000084
:10ACD0000000000000000000000000000000000074
:10ACE0000000000000001300000000000000000051
:10ACF0000000000000000000000000000000000054
:10AD00000000000000000000000000000000000043
:10AD10000000000000000000000000000000000033
:10AD20000000000000000000000000000000000023
:10AD30000000000000000000000000000000000013
:10AD400000000000000000000000F8FF0F000000FD
:10AD50000000000000F8FFFFFFFFFF00FF01000000
:10AD6000F8FFFFFFFFFF00FF010000F8FFFFFFFFFC
:10AD7000FF00FF010000F8FFFFFFFFFF00FF0100E1
:10AD800000F8FFFFFFFFFF00FF010000F8FFFFFFDB
:10AD9000FFFF00FF010000F8FFFFFFFFFF00FF01C2
:10ADA0000000F8FFFFFFFFFF00FF010000F8FF1F9A
:10ADB0000000000000000000000000000000000093
:10ADC0000000000000000000000000000000000083
:10ADD0000000000000000000000000000000000073
:10ADE0000000000000000000000000000000000063
:10ADF0000000000000000000000000000000000053
:10AE00000000000000000000000000000000000042
:10AE10000000000000000000000000000000000032
:10AE20000000000000000000000000000000000022
:10AE30000000000000000000000000000000000012
:10AE40000000000000000000000000000000000002
:10AE500000000000000000000000000000000000F2
:10AE600000000000000000000000000000000000E2
:10AE700000000000000000000000000000000000D2
:10AE800000000000000000000000000000000000C2
:10AE900000000000000000000000000000000000B2
:10AEA00000000000000000000000000000000000A2
:10AEB0000000000000000000000000000000000092
:10AEC0000000000000000000000000000000000082
:10AED0000000000000000000000000000000000072
:10AEE0000000000000000000000000000000000062
:10AEF0000000000000000000000000000000000052
:10AF00000000000000000000000000000000000041
:10AF10000000000000000000000000000000000031
:10AF20000000000000000000000000000000000021
:10AF30000000000000000000000000000000000011
:10AF40000000000000000000000000000000000001
:10AF500000000000000000000000000000000000F1
:10AF600000000000000000000000000000000000E1
:10AF700000000000000000000000000000000000D1
:10AF800000000000000000000000000000000000C1
:10AF900000000000000000000000000000000000B1
:10AFA00000000000000000000000000000000000A1
:10AFB0000000000000000000000000000000000091
:10AFC0000000000000000000000000000000000081
:10AFD0000000000000000000000000000000000071
:10AFE0000000000000000000000000000000000061
:10AFF0000000000000000000000000000000000051
:10B000000000000000000000000000000000000040
:10B010000000000000000000000000000000000030
:10B020000000000000000000000000000000000020
:10B030000000000000000000000000000000000010
:10B040000000000000000000000000001E000000E2
:10B0500000000000000000000000000000000000F0
:10B0600000000000000000000000000000000000E0
:10B0700000000000000000000000000000000000D0
:10B08000000000007F00000000000000000000FF42
:10B09000FF0F0000000000000000FFFFFF000000A5
:10B0A0000000000000FFFFFF0000000000000000A3
:10B0B000FFFFFF0000000000000000FFFFFF000096
:10B0C000000000000000FFFFFF0000000000000083
:10B0D00000FFFF0F00000000000000007F000000E4
:10B0E0000000000000000000000000000000000060
:10B0F0000000000000000000000000000000000050
:10B10000000000000000000000000000000000003F
:10B11000000000000000000000000000000000002F
:10B12000000000000000000000000000000000001F
:10B13000000000007F00000000000000000000FF91
:10B14000FF0F0000000000000000FFFFFF000000F4
:10B150000000000000FFFFFF0000000000000000F2
:10B16000FFFFFF0000000000000000FFFFFF0000E5
:10B17000000000000000FFFFFF00000000000000D2
:10B1800000FFFF0F00000000000000007F00000033
:10B1900000000000000000000000000000000000AF
:10B1A000000000000000000000000000000000009F
:10B1B000000000000000000000000000000000008F
:10B1C000000000000000000000000000000000007F
:10B1D000000000000000000000000000000000006F
:10B1E000000000000000000000000000000000005F
:10B1F000000000000000000000000000000000004F
:10B20000000000000000000000000000000000003E
:10B21000000000000000000000000000000000002E
:10B22000000000000000000000000000000000001E
:10B23000000000000000000000000000000000000E
:10B2400000000000000000000000000000000000FE
:10B2500000000000000000000000000000000000EE
:10B2600000000000000000000000000000000000DE
:10B2700000000000000000000000000000000000CE
:10B2800000000000000000000000000000000000BE
:10B2900000000000000000000000000000000000AE
:10B2A000000000000000000000000000000000009E
:10B2B000000000000000000000000000000000008E
:10B2C000000000000000000000000000000000007E
:10B2D000000000000000000000000000000000006E
:10B2E000000000000000000000000000000000005E
:10B2F000000000000000000000000000000000004E
:10B30000000000000000000000000000000000003D
:10B31000000000000000000000000000000000002D
:10B32000000000000000000000000000000000001D
:10B33000000000000000000000000000000000000D
:10B3400000000000000000000000000000000000FD
:10B3500000000000000000000000000000000000ED
:10B3600000000000000000000000000000000000DD
:10B3700000000000000000000000000000000000CD
:10B3800000000000000000000000000000000000BD
:10B3900000000000000000000000000000000000AD
:10B3A000000000000000000000000000000000009D
:10B3B0000000380000000000000000000000000055
:10B3C000000000000000000000000000000000007D
:10B3D000000000000000000000000000000000006D
:10B3E000000000000000000000000000000000005D
:10B3F00000000000000000000000FC000000000051
:10B400000000000000FC0000000000000000000040
:10B41000FC00000000000000000000FC0000000034
:10B42000000000000000FC00000000000000E00739
:10B4300000FC00000000000000E00700FC008001AC
:10B4400000000000E00700FC00F80100000000E040
:10B450000700FC80FF0100000000E00700FCF8FF8F
:10B460000100000000E00700FCFFFF0100000000F9
:10B47000E00700FCFFFF0000000000E007C0FFFF46
:10B48000070000000000E007FCFF7F000000000054
:10B4900000E0C7FFFF07000000000000E0FFFFFF23
:10B4A00000000000000000E0FFFFFF0000000000BF
:10B4B0000000FCFF3FFC000000000000E0FFFF0375
:10B4C000FC000000000000FEFF3F00FC0000000048
:10B4D00000E0FFFF0700FC0000000000F8FFFF078E
:10B4E00000FC0000000000F8FFE30700FC00000083
:10B4F0000000F83FE00700FC0000000000F803E057
:10B500000700FC00C00100003800E00700FC00FC60
:10B510000100000000E00700FCC0FF010000000087
:10B52000E00700FCFCFF0100000000E00700FCFF5A
:10B53000FF0100000000E00700FCFF7F00000000AA
:10B5400000E007C0FFFF070000000000E007FCFF6D
:10B550007F000000000000E0C7FFFF0700000000C0
:10B560000000E0FFFFFF00000000000000E0FFFF20
:10B57000FF00000000000000FEFF3FFC0000000094
:10B580000000E0FFFF03FC000000000000FEFF3FA2
:10B5900000FC0000000000F0FFFF0700FC000000BE
:10B5A0000000F8FFFF0700FC0000000000F8FFE1CA
:10B5B0000700FC0000000000F81FE00700FC00008E
:10B5C000000000F801E00700FC0000000000180087
:10B5D000E00700FC00000000000000E00700FC00A5
:10B5E000000000000000E00700FC00000000000078
:10B5F00000E007000000000000000000E00700007D
:10B6000000000000000000E0070000000000000053
:10B610000000E00700000000000000000000000043
:10B62000000000000000000000000000000000001A
:10B63000000000000000000000000000000000000A
:10B6400000000000000000000000000000000000FA
:10B6500000000000000000000000000000000000EA
:10B6600000000000000000000000000000000000DA
:10B6700000000000000000000000000000000000CA
:10B6800000000000000000000000000000000000BA
:10B6900000000000000000000000000000000000AA
:10B6A000000000000000000000000000000000009A
:10B6B000000000000000000000000000000000008A
:10B6C000000000000000000000000000000000007A
:10B6D000000000000000000000000000000000006A
:10B6E000000000000000000000000000000000005A
:10B6F000000000000000000000000000000000004A
:10B700000000000000000000000000000000000039
:10B7100000000000000000002A00000000000000FF
:10B720000000000000000000000000000000000019
:10B730000000000000000000000000000000000009
:10B7400000000000000000000000000000000000F9
:10B750000000C03F0000E03F0000000000F0FF01DB
:10B7600000C03F0000000000FCFF0300C03F0000DD
:10B77000000000FEFF0F00807F0000000000FFFFC0
:10B780001F00007F0000000080FFFF1F00007F00FF
:10B79000000000C0FFFF3F0000FE00000000C0FFEF
:10B7A000FF3F0000FE00000000E03FE07F0000FEE1
:10B7B00000000000E00F807F0000FC00000000F0AF
:10B7C00007007F0000FC01000000F00700FE000001
:10B7D000FC01000000F00300FE0000FC010000007E
:10B7E000F80300FC0000F801000000F80100FC0074
:10B7F00000F801000000F80100FC0000F801000062
:10B80000FFFFFFFFFFFFFFFFFFFF00FFFFFFFFFF47
:10B81000FFFFFFFFFF00FFFFFFFFFFFFFFFFFFFF37
:10B8200000FFFFFFFFFFFFFFFFFFFF00FFFFFFFF26
:10B83000FFFFFFFFFFFF0000F80100F00300F80129
:10B84000000000F80100F00300F801000000F8011A
:10B8500000F00300FC00000000F80300F00700FC0B
:10B8600000000000F80300E00700FC00000000F00A
:10B870000300E00F007E00000000F00300E01F0066
:10B880007F00000000F00700E07FC07F00000000A4
:10B89000F00700C0FFFF3F00000000E00F00C0FF06
:10B8A000FF1F00000000E00F0080FFFF1F000000EE
:10B8B00000E01F0000FFFF0F00000000E01F00007D
:10B8C000FEFF0700000000C03F0000FCFF01000079
:10B8D000000000000000F8FF000000000000000071
:10B8E00000C01F0000000000000000000000000079
:10B8F0000000000000000000000000000000000048
:10B900000000000000000000000000000000000037
:10B910000000000000000000000000000000000027
:10B920000000000000000000000000000000000017
:10B930000000000000000000000000000000000007
:10B9400000000000000000000000000000000000F7
:10B9500000000000000000000000000000000000E7
:10B9600000000000000000000000000000000000D7
:10B9700000000000000000000000000000000000C7
:10B9800000000000000000000000000000000000B7
:10B9900000000000000000000000000000000000A7
:10B9A0000000000000000000000000000000000097
:10B9B0000000000000000000000000000000000087
:10B9C0000000000000000000000000000000000077
:10B9D0000000000000000000000000000000000067
:10B9E0000000000000000000000000000000000057
:10B9F0000000000000000000000000000000000047
:10BA00000000000000000000000000000000000036
:10BA10000000000000000000000000000000000026
:10BA20000000000000000000000000000000000016
:10BA30000000000000000000000000000000000006
:10BA400000000000000000000000000000000000F6
:10BA500000000000000000000000000000000000E6
:10BA600000000000000000000000000000000000D6
:10BA700000000000000000000000000000004F0077
:10BA800000000000000000000000000000000000B6
:10BA900000000000000000000000000000000000A6
:10BAA000000000000000000000000000C0FF0700D0
:10BAB00000000000000000F8FF3F00000000000050
:10BAC0000000FFFFFF0100000000000080FFFFFFFB
:10BAD00003000000000000C0FFFFFF07000000009F
:10BAE0000000E0FFFFFF0F000000000000F0FFFF7C
:10BAF000FF1F000000000000F07F00F83F00000082
:10BB0000000000F80700C03F000000000000F8033C
:10BB100000803F000000000000FC0100007F0000EA
:10BB200000000000FC0000007E000000000000FC9F
:10BB30000000007E000000000000FC0000007E000D
:10BB40000000000000FC0000007E0000000000007B
:10BB5000FC0000007E000000000000FC0000007EF1
:10BB6000000000000000FC0000007E00000000005B
:10BB700000FC0100007F000000010000F8030080CD
:10BB80003F0000C0010000F80700C03F0000F001C6
:10BB90000000F83F00F83F0000FC010000F0FFFF4C
:10BBA000FF1F0000FF010000E0FFFFFF0F00C0FFCC
:10BBB000010000C0FFFFFF0700F0FF01000080FF51
:10BBC000FFFF0300FCFF01000000FFFFFF0100FF7B
:10BBD000FF00000000F8FF3F00C0FF3F0000000032
:10BBE000C0FF0700F0FF0F0000000000000000FC95
:10BBF000FF030000000000000000FFFF0000000045
:10BC000000000000C0FF3F0000000000000000F046
:10BC1000FF0F0000000000000000FCFF0300000018
:10BC20000000000000FFFF0000000000000000C056
:10BC3000FF3F0000000000000000F0FF0F000000C8
:10BC40000000000000FCFF030000000000000000F6
:10BC5000FFFF0000000000000000C0FF3F000000E8
:10BC60000000000000F0FF0F0000000000000000D6
:10BC7000FCFF030000000000000000FFFF000000C8
:10BC80000000000000C0FF3F0000000000000000B6
:10BC9000F0FF0F0000000000000000FCFF030000A8
:10BCA000000000000000FFFF0000FE3F0000000059
:10BCB000C0FF3F00C0FFFF01000000F0FF0F00F8D1
:10BCC000FFFF0F000000F8FF0300FCFFFF1F000054
:10BCD00000F8FF0000FEFFFF3F000000F83F0000FB
:10BCE000FFFFFF7F000000F80F0080FFFFFFFF0055
:10BCF0000000F8030080FF03C0FF010000F800000F
:10BD0000C03F0000FE010000380000C01F0000FC22
:10BD1000010000080000E00F0000F8030000000030
:10BD200000E0070000F0030000000000E007000052
:10BD3000F0030000000000E0070000F00300000036
:10BD40000000E0070000F0030000000000E0070032
:10BD500000F0030000000000E0070000F003000016
:10BD6000000000E0070000F0030000000000E00F0A
:10BD70000000F8030000000000C01F0000FC0100EC
:10BD800000000000C03F0000FE010000000000C0F5
:10BD9000FF01C0FF01000000000080FFFFFFFF0067
:10BDA000000000000000FFFFFF7F00000000000017
:10BDB00000FEFFFF3F00000000000000FCFFFF1F2F
:10BDC00000000000000000F8FFFF0F00000000006E
:10BDD0000000C0FFFF010000000000000000FE3F67
:10BDE000000000003C000000000000000000000017
:10BDF0000000000000000000000000000000000043
:10BE00000000000000000000000000F81F0000001B
:10BE1000000000000000FFFF000000000000000024
:10BE2000C0FFFF0100000000E01F00E0FFFF07006F
:10BE3000000000FC7F00F0FFFF0F00000000FEFF8D
:10BE400001FCFFFF1F00000080FFFF03FCFFFF3F1E
:10BE5000000000C0FFFF07FEFFFF7F000000E0FFC3
:10BE6000FF0FFFFFFF7F000000E0FFFF9FFF03FCCD
:10BE7000FF000000F0FFFF9F7F00E0FF000000F0E8
:10BE80003FF0FF1F00C0FF010000F80FC0FF0F00D0
:10BE900000FF010000F80780FF030000FF01000021
:10BEA000F80300FF030000FE030000FC0300FE0196
:10BEB0000000FC030000FC0100FC030000FC030088
:10BEC00000FC0100FC070000FC030000FC0100F87E
:10BED0000F0000F8030000FC0100F81F0000F80349
:10BEE0000000FC0100F83F0000F8030000FC010026
:10BEF000FC7F0000F8030000FC0300FCFF0000F8DA
:10BF0000030000FC0300BEFF0100F8030000F80777
:10BF1000003FFF0300F8010000F80F801FFE07003C
:10BF2000F8010000F83FF01FFC1F00FC010000F0CA
:10BF3000FFFF0FF83F00FC010000F0FFFF07F07F5C
:10BF400000FC000000E0FFFF07E0FF00FE00000033
:10BF5000C0FFFF03C0FF017F000000C0FFFF0180A2
:10BF6000FF033F00000080FF7F0000FF873F0000CD
:10BF70000000FE3F0000FECF1F00000000F8070099
:10BF800000FCFF0F0000000000000000F8FF0700A9
:10BF900000000000000000F0FF03000000000000AF
:10BFA0000000E0FF010000000000000000FEFF01B3
:10BFB000000000000000F8FFFFFF03000000000089
:10BFC00000F8FFFFFF07000000000000F8FFFFFF80
:10BFD0000F000000000000F8FFFFFD1F0000000040
:10BFE0000000F8FF7FF83F000000000000F8FF1F8E
:10BFF000F07F000000000000F8FF03E0FF000000F9
:10C00000000000F81F00C0FF010000000000000059
:10C010000080FF01000000000000000000FF0100A0
:10C020000000000000000000FE0100000000000011
:10C03000000000FC01000000000000000000F8010A
:10C04000000000000000000000F0010000000000FF
:10C0500000000000E001000000000000000000C03F
:10C06000010000000000000000008001000000004E
:10C0700000000000000001000000000000000000BF
:10C0800000000000000000000000000000000000B0
:10C0900000000000000000000000000000000000A0
:10C0A0000000000000000000000000000000000090
:10C0B0000000000000000000000000000000000080
:10C0C0000000000000000000000000000000000070
:10C0D0000000000000000000000000000000000060
:10C0E0000000000000000000000000000000000050
:10C0F0000000000000000000000000000000000040
:10C10000000000000000000000000000000000002F
:10C11000000000000000000000000000000000001F
:10C12000000000000000000000000000000000000F
:10C1300000000000000000000000000000000000FF
:10C14000000000000000000000000D0000000000E2
:10C1500000000000000000000000000000000000DF
:10C1600000000000000000000000000000000000CF
:10C17000000000000000007F000000000000000040
:10C180000000FFFF1F0000000000000000FFFFFF95
:10C190000000000000000000FFFFFF0000000000A2
:10C1A000000000FFFFFF0000000000000000FFFF94
:10C1B000FF0000000000000000FFFFFF0000000083
:10C1C00000000000FFFF1F00000000000000007FD3
:10C1D000000000000000000000000000000000005F
:10C1E000000000000000000000000000000000004F
:10C1F000000000000000000000000000000000003F
:10C20000000000000000000000000000000000002E
:10C21000000000000000000000000000000000001E
:10C22000000000000000000000000000000000000E
:10C2300000000000000000000000000000000000FE
:10C2400000000000000000000000000000000000EE
:10C2500000000000000000000000000000000000DE
:10C2600000000000000000000000000000000000CE
:10C2700000000000000000000000000000000000BE
:10C2800000000000000000000000000000000000AE
:10C29000000000000000000000000000000000009E
:10C2A000000000000000000000000000000000008E
:10C2B000000000000000000000000000000000007E
:10C2C000000000000000000000000000000000006E
:10C2D000000000000000000000000000000000005E
:10C2E000000000000000000000000000000000004E
:10C2F000000000000000000000000000000000003E
:10C30000000000000000000000000000000000002D
:10C31000000000000000000000000000000000001D
:10C32000000000000000000000000000000000000D
:10C3300000000000000000000000000000000000FD
:10C3400000000000000000000000000000000000ED
:10C3500000000000000000000000000000000000DD
:10C3600000000000000000000000000000000000CD
:10C3700000000000000000000000000000000000BD
:10C3800000000000000000000000000000000000AD
:10C39000000000000000000000000000000000009D
:10C3A000000000000000000000000000000000008D
:10C3B000000000000000000000000000000000007D
:10C3C000000000000000000000000000000000006D
:10C3D000000000000000000000000000000000005D
:10C3E000000000000000000000000000000000004D
:10C3F000000000000000000000000000000000003D
:10C40000000000000000000000000000000000002C
:10C41000000000000000000000000000000000001C
:10C42000000000000000000000000000000000000C
:10C4300000000000000000000000000000000000FC
:10C4400000000000000000000000000000000000EC
:10C4500000000000000000000000000000000000DC
:10C4600000000000000000000000000000000000CC
:10C4700000000000000000000000000000000000BC
:10C4800000000000000000000000000000000000AC
:10C49000000000000000000000000000000000009C
:10C4A000000000000000000000000000000000008C
:10C4B0001D0000000000000000000000000000005F
:10C4C000000000000000000000000000000000006C
:10C4D000000000000000000000000000000000005C
:10C4E00000FFFF0300000000000000F8FFFFFF0056
:10C4F000000000000080FFFFFFFF070000000000B9
:10C50000F0FFFFFFFF3F0000000000FEFFFFFFFF06
:10C51000FF0100000080FFFFFFFFFFFF070000009A
:10C52000E0FFFFFFFFFFFF1F000000F8FFFF030019
:10C53000FEFF7F000000FCFF0F0000C0FFFF0000B7
:10C5400000FFFF01000000FEFF030080FF3F00002E
:10C550000000F0FF0700E0FF070000000080FF1F61
:10C5600000F0FF010000000000FE3F00FC7F000023
:10C5700000000000F8FF00FE1F000000000000E0C7
:10C58000FF01FF0F000000000000C0FF03FF0300D9
:10C59000000000000000FF03FF0100000000000099
:10C5A00000FE037F0000000000000000F8033F00D1
:10C5B00000000000000000F0031F00000000000069
:10C5C0000000E0030F0000000000000000C00307AF
:10C5D00000000000000000008003030000000000D5
:10C5E0000000000003010000000000000000000245
:10C5F000000000000000000000000000000000003B
:10C60000000000000000000000000000000000002A
:10C61000000000000000000000000000000000001A
:10C62000000000000000000000000000000000000A
:10C6300000000000000000000000000000000000FA
:10C6400000000000000000000000000000000000EA
:10C6500000000000000000000000000000000000DA
:10C6600000000000000000000000000000000000CA
:10C6700000000000000000000000000000000000BA
:10C6800000000000000000000000000000000000AA
:10C69000000000000000000000000000000000009A
:10C6A000000000000000000000000000000000008A
:10C6B000000000000000000000000000000000007A
:10C6C000000000000000000000000000000000006A
:10C6D000000000000000000000000000000000005A
:10C6E000000000000000000000000000000000004A
:10C6F000000000000000000000000000000000003A
:10C700000000000000000000000000000000000029
:10C710000000000000000000000000000000000019
:10C720000000000000000000000000000000000009
:10C7300000000000000000000000000000000000F9
:10C7400000000000000000000000000000000000E9
:10C7500000000000000000000000000000000000D9
:10C7600000000000000000000000000000000000C9
:10C7700000000000000000000000000000000000B9
:10C7800000000000000000000000000000000000A9
:10C790000000000000000000000000000000000099
:10C7A0000000000000000000000000000000000089
:10C7B0000000000000000000000000000000000079
:10C7C0000000000000000000000000000000000069
:10C7D0000000000000000000000000000000000059
:10C7E0000000000000000000000000000000000049
:10C7F0000000000000000000000000000000000039
:10C800000000000000000000000000000000000028
:10C810000000000000001D000000000000000000FB
:10C820000000000000000000000000000000000008
:10C8300000000000000000000000000000000000F8
:10C8400000000001000000000000000000020300E2
:10C8500000000000000000000307000000000000CE
:10C86000000080030F0000000000000000C0031F54
:10C870000000000000000000E0033F000000000096
:10C88000000000F0037F0000000000000000F8033B
:10C89000FF0100000000000000FE03FF0300000095
:10C8A00000000000FF03FF0F000000000000C0FFB9
:10C8B00003FE1F000000000000E0FF01FC7F0000FD
:10C8C00000000000F8FF00F0FF010000000000FE83
:10C8D0003F00E0FF070000000080FF1F0080FF3FD7
:10C8E00000000000F0FF070000FFFF01000000FE55
:10C8F000FF030000FCFF0F0000C0FFFF000000F07E
:10C90000FFFF0100FEFF7F000000E0FFFFFFFFFFD1
:10C91000FF1F00000080FFFFFFFFFFFF0700000078
:10C9200000FEFFFFFFFFFF0100000000F0FFFFFF20
:10C93000FF3F000000000080FFFFFFFF0700000036
:10C94000000000F8FFFF7F0000000000000000FF73
:10C95000FF030000000000000000000000000000D5
:10C9600000000000000000000000000000000000C7
:10C9700000000000000000000000000000000000B7
:10C9800000000000000000000000000000000000A7
:10C990000000000000000000000000000000000097
:10C9A0000000000000000000000000000000000087
:10C9B0000000000000000000000000000000000077
:10C9C0000000000000000000000000000000000067
:10C9D0000000000000000000000000000000000057
:10C9E0000000000000000000000000000000000047
:10C9F0000000000000000000000000000000000037
:10CA00000000000000000000000000000000000026
:10CA10000000000000000000000000000000000016
:10CA20000000000000000000000000000000000006
:10CA300000000000000000000000000000000000F6
:10CA400000000000000000000000000000000000E6
:10CA500000000000000000000000000000000000D6
:10CA600000000000000000000000000000000000C6
:10CA700000000000000000000000000000000000B6
:10CA800000000000000000000000000000000000A6
:10CA90000000000000000000000000000000000096
:10CAA0000000000000000000000000000000000086
:10CAB0000000000000000000000000000000000076
:10CAC0000000000000000000000000000000000066
:10CAD0000000000000000000000000000000000056
:10CAE0000000000000000000000000000000000046
:10CAF0000000000000000000000000000000000036
:10CB00000000000000000000000000000000000025
:10CB10000000000000000000000000000000000015
:10CB20000000000000000000000000000000000005
:10CB300000000000000000000000000000000000F5
:10CB400000000000000000000000000000000000E5
:10CB500000000000000000000000000000000000D5
:10CB600000000000000000000000000000000000C5
:10CB70000000000000000000000000002A0000008B
:10CB800000000000000000000000000000000000A5
:10CB90000000000000000000000000000000000095
:10CBA0000000000000000000000000000000000085
:10CBB0000000000000040008000000000000000069
:10CBC00007003800000000000000C00F00FC00005B
:10CBD0000000000000801F007E0000000000000038
:10CBE000801F007E00000000000000003F003F00AA
:10CBF000000000000000003F003F000000000000B7
:10CC000000007E801F00000000000000007C800FFC
:10CC10000000000000000000FCC00F000000000049
:10CC2000000000F8E1070000000000000000F0E153
:10CC3000030000000000000000F0F303000000000B
:10CC400000000000E0F3010000000000000000C050
:10CC5000FF000000000000000000C0FF0000000016
:10CC600000000000FFFFFFFF3F000000000000FF8A
:10CC7000FFFFFF3F000000000000FFFFFFFF3F003D
:10CC80000000000000FFFFFFFF3F00000000000069
:10CC9000FFFFFFFF3F00000000000000C0FF00009A
:10CCA00000000000000000C0FF00000000000000C5
:10CCB0000000E0F3010000000000000000F0F303BA
:10CCC0000000000000000000F0E103000000000090
:10CCD000000000F8E1070000000000000000F8C0BC
:10CCE0000F00000000000000007C800F000000002A
:10CCF000000000007E801F00000000000000003ED9
:10CD0000001F00000000000000003F003F00000086
:10CD100000000000801F007E000000000000008076
:10CD20001F007E00000000000000C00F00FC00009B
:10CD300000000000000007003800000000000000B4
:10CD400000040008000000000000000000000000D7
:10CD500000000000000000000000000000000000D3
:10CD600000000000000000000000000000000000C3
:10CD700000000000000000000000000000000000B3
:10CD800000000000000000000000000000000000A3
:10CD90000000000000000000000000000000000093
:10CDA0000000000000000000000000000000000083
:10CDB0000000000000000000000000000000000073
:10CDC0000000000000000000000000000000000063
:10CDD0000000000000000000000000000000000053
:10CDE0000000000000000000000000000000000043
:10CDF0000000000000000000000000000000000033
:10CE00000000000000000000000000000000000022
:10CE10000000000000000000000000000000000012
:10CE20000000000000000000000000000000000002
:10CE300000000000000000000000000000000000F2
:10CE400000000000000000000000000000000000E2
:10CE500000000000000000000000000000000000D2
:10CE600000000000000000000000000000000000C2
:10CE700000000000000000000000000000000000B2
:10CE800000000000000000000000000000000000A2
:10CE90000000000000000000000000000000000092
:10CEA0000000000000000000000000000000000082
:10CEB0000000000000000000000000000000000072
:10CEC0000000000000000000000000000000000062
:10CED0000000000000000000000000000000000052
:10CEE000000037000000000000000000000000000B
:10CEF0000000000000000000000000000000000032
:10CF00000000000000000000000000000000000021
:10CF10000000000000000000000000000000000011
:10CF2000000000000000000000F803000000000006
:10CF300000000000F803000000000000000000F8FE
:10CF400003000000000000000000F80300000000E3
:10CF50000000000000F803000000000000000000D6
:10CF6000F803000000000000000000F803000000CB
:10CF7000000000000000F8030000000000000000B6
:10CF800000F803000000000000000000F8030000AB
:10CF900000000000000000F8030000000000000096
:10CFA0000000F803000000000000000000F803008B
:10CFB0000000000000000000F80300000000000076
:10CFC000000000F803000000000000000000F8036B
:10CFD000000000000000000000F803000000000056
:10CFE00000000000F803000000000000000000F84E
:10CFF00003000000000000000000F8030000000033
:10D000000000000000F803000000000000C0FFFF67
:10D01000FFFFFF7F00000000C0FFFFFFFFFF7F005A
:10D02000000000C0FFFFFFFFFF7F00000000C0FF07
:10D03000FFFFFFFF7F00000000C0FFFFFFFFFF7F3B
:10D0400000000000C0FFFFFFFFFF7F00000000C0E6
:10D05000FFFFFFFFFF7F00000000000000F803005B
:10D060000000000000000000F803000000000000C5
:10D07000000000F803000000000000000000F803BA
:10D08000000000000000000000F8030000000000A5
:10D0900000000000F803000000000000000000F89D
:10D0A00003000000000000000000F8030000000082
:10D0B0000000000000F80300000000000000000075
:10D0C000F803000000000000000000F8030000006A
:10D0D000000000000000F803000000000000000055
:10D0E00000F803000000000000000000F80300004A
:10D0F00000000000000000F8030000000000000035
:10D100000000F803000000000000000000F8030029
:10D110000000000000000000F80300000000000014
:10D12000000000F803000000000000000000F80309
:10D13000000000000000000000F8030000000000F4
:10D1400000000000000000000000000000000000DF
:10D1500000000000000000000000000000000000CF
:10D1600000000000000000000000000000000000BF
:10D1700000000000000000000000000000000000AF
:10D18000000000000000000000000000000000009F
:10D19000000000000000000000000000000000008F
:10D1A000000000000000000000000000000000007F
:10D1B000000000000000000000000000000000006F
:10D1C000000000000000000000000000000000005F
:10D1D000000000000000000000000000000000004F
:10D1E000000000000000000000000000000000003F
:10D1F000000000000000000000000000000000002F
:10D20000000000000000000000000000000000001E
:10D21000000000000000000000000000000000000E
:10D2200000000000000000000000000000000000FE
:10D2300000000000000000000000000000000000EE
:10D2400000000000000000001500000000000000C9
:10D2500000000000000000000000000000000000CE
:10D2600000000000000000000000000000000000BE
:10D27000000000C000000000000000000000F800F6
:10D28000000000000000000080FF0000000000001F
:10D29000000000F8FF000000000000000000FFFF99
:10D2A0000000000000000000F0FFFF000000000090
:10D2B000000000FFFF7F00000000000000E0FFFF13
:10D2C0001F00000000000000E0FFFF07000000005A
:10D2D000000000E0FFFF0000000000000000E0FF91
:10D2E0003F0000000000000000E0FF0F0000000011
:10D2F00000000000E0FF030000000000000000E06C
:10D300007F000000000000000000E01F000000009F
:10D310000000000000E00700000000000000000026
:10D32000E0000000000000000000002000000000FD
:10D3300000000000000000000000000000000000ED
:10D3400000000000000000000000000000000000DD
:10D3500000000000000000000000000000000000CD
:10D3600000000000000000000000000000000000BD
:10D3700000000000000000000000000000000000AD
:10D38000000000000000000000000000000000009D
:10D39000000000000000000000000000000000008D
:10D3A000000000000000000000000000000000007D
:10D3B000000000000000000000000000000000006D
:10D3C000000000000000000000000000000000005D
:10D3D000000000000000000000000000000000004D
:10D3E000000000000000000000000000000000003D
:10D3F000000000000000000000000000000000002D
:10D40000000000000000000000000000000000001C
:10D41000000000000000000000000000000000000C
:10D4200000000000000000000000000000000000FC
:10D4300000000000000000000000000000000000EC
:10D4400000000000000000000000000000000000DC
:10D4500000000000000000000000000000000000CC
:10D4600000000000000000000000000000000000BC
:10D4700000000000000000000000000000000000AC
:10D48000000000000000000000000000000000009C
:10D49000000000000000000000000000000000008C
:10D4A000000000000000000000000000000000007C
:10D4B000000000000000000000000000000000006C
:10D4C000000000000000000000000000000000005C
:10D4D000000000000000000000000000000000004C
:10D4E000000000000000000000000000000000003C
:10D4F000000000000000000000000000000000002C
:10D50000000000000000000000000000000000001B
:10D51000000000000000000000000000000000000B
:10D5200000000000000000000000000000000000FB
:10D5300000000000000000000000000000000000EB
:10D5400000000000000000000000000000000000DB
:10D5500000000000000000000000000000000000CB
:10D5600000000000000000000000000000000000BB
:10D5700000000000000000000000000000000000AB
:10D58000000000000000000000000000000000009B
:10D59000000000000000000000000000000000008B
:10D5A00000000000000000000000000000001B0060
:10D5B000000000000000000000000000000000006B
:10D5C000000000000000000000000000000000005B
:10D5D000000000000000000000000000000000FC4F
:10D5E00001000000000000000000FC01000000003D
:10D5F0000000000000FC010000000000000000002E
:10D60000FC01000000000000000000FC0100000020
:10D61000000000000000FC0100000000000000000D
:10D6200000FC01000000000000000000FC01000000
:10D6300000000000000000FC0100000000000000ED
:10D640000000FC01000000000000000000FC0100E0
:10D650000000000000000000FC01000000000000CD
:10D66000000000FC01000000000000000000FC01C0
:10D67000000000000000000000FC010000000000AD
:10D6800000000000FC01000000000000000000FCA1
:10D6900001000000000000000000FC01000000008C
:10D6A0000000000000FC010000000000000000007D
:10D6B000FC01000000000000000000FC0100000070
:10D6C000000000000000FC0100000000000000005D
:10D6D00000FC01000000000000000000000000004D
:10D6E000000000000000000000000000000000003A
:10D6F000000000000000000000000000000000002A
:10D700000000000000000000000000000000000019
:10D710000000000000000000000000000000000009
:10D7200000000000000000000000000000000000F9
:10D7300000000000000000000000000000000000E9
:10D7400000000000000000000000000000000000D9
:10D7500000000000000000000000000000000000C9
:10D7600000000000000000000000000000000000B9
:10D7700000000000000000000000000000000000A9
:10D780000000000000000000000000000000000099
:10D790000000000000000000000000000000000089
:10D7A0000000000000000000000000000000000079
:10D7B0000000000000000000000000000000000069
:10D7C0000000000000000000000000000000000059
:10D7D0000000000000000000000000000000000049
:10D7E0000000000000000000000000000000000039
:10D7F0000000000000000000000000000000000029
:10D800000000000000000000000000000000000018
:10D810000000000000000000000000000000000008
:10D8200000000000000000000000000000000000F8
:10D8300000000000000000000000000000000000E8
:10D8400000000000000000000000000000000000D8
:10D8500000000000000000000000000000000000C8
:10D8600000000000000000000000000000000000B8
:10D8700000000000000000000000000000000000A8
:10D880000000000000000000000000000000000098
:10D890000000000000000000000000000000000088
:10D8A0000000000000000000000000000000000078
:10D8B0000000000000000000000000000000000068
:10D8C0000000000000000000000000000000000058
:10D8D0000000000000000000000000000000000048
:10D8E0000000000000000000000000000000000038
:10D8F0000000000000000000000000000000000028
:10D900000000000000000000000000000000000017
:10D9100000000000120000000000000000000000F5
:10D9200000000000000000000000000000000000F7
:10D9300000000000000000000000000000000000E7
:10D9400000000000000000000000000000000000D7
:10D9500000000000000000000000000000000000C7
:10D9600000000000000000000000000000000000B7
:10D97000000000E0FF010000000000000000E0FFE8
:10D98000010000000000000000E0FF0100000000B6
:10D9900000000000E0FF010000000000000000E0C7
:10D9A000FF010000000000000000E0FF0100000097
:10D9B0000000000000E0FF01000000000000000087
:10D9C000E0FF010000000000000000E0FF01000097
:10D9D000000000000000E0FF010000000000000067
:10D9E0000000000000000000000000000000000037
:10D9F0000000000000000000000000000000000027
:10DA00000000000000000000000000000000000016
:10DA10000000000000000000000000000000000006
:10DA200000000000000000000000000000000000F6
:10DA300000000000000000000000000000000000E6
:10DA400000000000000000000000000000000000D6
:10DA500000000000000000000000000000000000C6
:10DA600000000000000000000000000000000000B6
:10DA700000000000000000000000000000000000A6
:10DA80000000000000000000000000000000000096
:10DA90000000000000000000000000000000000086
:10DAA0000000000000000000000000000000000076
:10DAB0000000000000000000000000000000000066
:10DAC0000000000000000000000000000000000056
:10DAD0000000000000000000000000000000000046
:10DAE0000000000000000000000000000000000036
:10DAF0000000000000000000000000000000000026
:10DB00000000000000000000000000000000000015
:10DB10000000000000000000000000000000000005
:10DB200000000000000000000000000000000000F5
:10DB300000000000000000000000000000000000E5
:10DB400000000000000000000000000000000000D5
:10DB500000000000000000000000000000000000C5
:10DB600000000000000000000000000000000000B5
:10DB700000000000000000000000000000000000A5
:10DB80000000000000000000000000000000000095
:10DB90000000000000000000000000000000000085
:10DBA0000000000000000000000000000000000075
:10DBB0000000000000000000000000000000000065
:10DBC0000000000000000000000000000000000055
:10DBD0000000000000000000000000000000000045
:10DBE0000000000000000000000000000000000035
:10DBF0000000000000000000000000000000000025
:10DC00000000000000000000000000000000000014
:10DC10000000000000000000000000000000000004
:10DC200000000000000000000000000000000000F4
:10DC300000000000000000000000000000000000E4
:10DC400000000000000000000000000000000000D4
:10DC500000000000000000000000000000000000C4
:10DC600000000000000000000000000000000000B4
:10DC7000000000000000000000001E000000000086
:10DC8000000000003E000000000000000000C03F57
:10DC9000000000000000000000FC3F000000000049
:10DCA00000000080FF3F0000000000000000F0FFC7
:10DCB0003F0000000000000000FEFF3F00000000E9
:10DCC000000000E0FFFF1F00000000000000FCFF5C
:10DCD000FF0300000000000080FFFF7F0000000045
:10DCE000000000F8FFFF0700000000000000FFFF39
:10DCF000FF00000000000000E0FFFF1F0000000028
:10DD0000000000FCFFFF03000000000000C0FFFF58
:10DD10003F00000000000000F8FFFF0700000000C7
:10DD2000000000FFFFFF00000000000000F0FFFF08
:10DD30000F00000000000000FEFFFF0100000000D7
:10DD40000000C0FFFF3F00000000000000F8FFFFE0
:10DD50000700000000000080FFFF7F0000000000BF
:10DD60000000F0FFFF0F00000000000000FEFFFFBA
:10DD70000100000000000000FFFF1F000000000085
:10DD8000000000FFFF030000000000000000FF7F14
:10DD9000000000000000000000FF0F000000000075
:10DDA00000000000FF000000000000000000001F55
:10DDB0000000000000000000000003000000000060
:10DDC0000000000000000000000000000000000053
:10DDD0000000000000000000000000000000000043
:10DDE0000000000000000000000000000000000033
:10DDF0000000000000000000000000000000000023
:10DE00000000000000000000000000000000000012
:10DE10000000000000000000000000000000000002
:10DE200000000000000000000000000000000000F2
:10DE300000000000000000000000000000000000E2
:10DE400000000000000000000000000000000000D2
:10DE500000000000000000000000000000000000C2
:10DE600000000000000000000000000000000000B2
:10DE700000000000000000000000000000000000A2
:10DE80000000000000000000000000000000000092
:10DE90000000000000000000000000000000000082
:10DEA0000000000000000000000000000000000072
:10DEB0000000000000000000000000000000000062
:10DEC0000000000000000000000000000000000052
:10DED0000000000000000000000000000000000042
:10DEE0000000000000000000000000000000000032
:10DEF0000000000000000000000000000000000022
:10DF00000000000000000000000000000000000011
:10DF10000000000000000000000000000000000001
:10DF200000000000000000000000000000000000F1
:10DF300000000000000000000000000000000000E1
:10DF400000000000000000000000000000000000D1
:10DF500000000000000000000000000000000000C1
:10DF600000000000000000000000000000000000B1
:10DF700000000000000000000000000000000000A1
:10DF80000000000000000000000000000000000091
:10DF90000000000000000000000000000000000081
:10DFA0000000000000000000000000000000000071
:10DFB0000000000000000000000000000000000061
:10DFC0000000000000000000000000000000000051
:10DFD0000000000000000000000000000000000041
:10DFE0002B00000000000000000000000000000006
:10DFF0000000000000000000000000000000000021
:10E000000000000000FFFF0F00000000000000FC07
:10E01000FFFFFF03000000000080FFFFFFFF1F0065
:10E0200000000000F0FFFFFFFFFF0000000000FC09
:10E03000FFFFFFFFFF0300000000FEFFFFFFFFFFE9
:10E040000700000000FFFFFFFFFFFF0F0000008040
:10E05000FFFFFFFFFFFF1F000000C0FF7F0000E089
:10E06000FF3F000000E0FF03000000FC7F00000015
:10E07000F07F00000000E0FF000000F01F00000043
:10E080000080FF000000F80F0000000000FF01000A
:10E0900000F8070000000000FE010000F803000087
:10E0A000000000FC010000FC030000000000FC0375
:10E0B0000000FC010000000000F8030000FC01006B
:10E0C00000000000F8030000FC010000000000F860
:10E0D000030000FC010000000000F8030000FC0148
:10E0E0000000000000F8030000FC01000000000038
:10E0F000F8030000FC010000000000F8030000FC31
:10E10000010000000000F8030000FC030000000014
:10E1100000FC030000F8030000000000FC01000008
:10E12000F8070000000000FE010000F80F000000EA
:10E130000000FF010000F01F0000000080FF000051
:10E1400000F07F00000000E0FF000000E0FF03009F
:10E150000000FC7F000000C0FF7F0000E0FF3F00E8
:10E16000000080FFFFFFFFFFFF1F00000000FFFF18
:10E17000FFFFFFFF0F00000000FEFFFFFFFFFF0794
:10E1800000000000F8FFFFFFFFFF0300000000E0B9
:10E19000FFFFFFFFFF000000000080FFFFFFFF1FE9
:10E1A000000000000000F8FFFFFF03000000000077
:10E1B0000000FFFF0F000000000000000000000052
:10E1C000000000000000000000000000000000004F
:10E1D000000000000000000000000000000000003F
:10E1E000000000000000000000000000000000002F
:10E1F000000000000000000000000000000000001F
:10E20000000000000000000000000000000000000E
:10E2100000000000000000000000000000000000FE
:10E2200000000000000000000000000000000000EE
:10E2300000000000000000000000000000000000DE
:10E2400000000000000000000000000000000000CE
:10E2500000000000000000000000000000000000BE
:10E2600000000000000000000000000000000000AE
:10E27000000000000000000000000000000000009E
:10E28000000000000000000000000000000000008E
:10E29000000000000000000000000000000000007E
:10E2A000000000000000000000000000000000006E
:10E2B000000000000000000000000000000000005E
:10E2C000000000000000000000000000000000004E
:10E2D000000000000000000000000000000000003E
:10E2E000000000000000000000000000000000002E
:10E2F000000000000000000000000000000000001E
:10E30000000000000000000000000000000000000D
:10E3100000000000000000000000000000000000FD
:10E3200000000000000000000000000000000000ED
:10E3300000000000000000000000000000000000DD
:10E3400000000000000027000000000000000000A6
:10E3500000000000000000000000000000000000BD
:10E3600000000000000000000000000000000000AD
:10E37000000000000000000000000000000000009D
:10E38000000000000000000000000000000000008D
:10E39000000000000000000000000000000000007D
:10E3A0000000000000000000000000F0030000007A
:10E3B00000F801000000F00300000000F801000078
:10E3C00000F00300000000F801000000F00300006E
:10E3D0000000F801000000F00300000000F8010058
:10E3E0000000F00300000000F801000000F8030046
:10E3F000000000F801000000F80300000000F80130
:10E40000000000F80300000000F801000000FC0319
:10E4100000000000F801000000FE0300000000F80A
:10E4200001000080FFFFFFFFFFFFFF010000F0FF82
:10E43000FFFFFFFFFFFF010000F8FFFFFFFFFFFFEF
:10E44000FF010000F8FFFFFFFFFFFFFF010000F8E2
:10E45000FFFFFFFFFFFFFF010000F8FFFFFFFFFFCF
:10E46000FFFF010000F8FFFFFFFFFFFFFF010000BB
:10E47000F8FFFFFFFFFFFFFF0100000000000000AA
:10E480000000F801000000000000000000F801009A
:10E490000000000000000000F80100000000000083
:10E4A000000000F801000000000000000000F8017A
:10E4B000000000000000000000F801000000000063
:10E4C00000000000F801000000000000000000F85B
:10E4D00001000000000000000000F8010000000042
:10E4E0000000000000F80100000000000000000033
:10E4F000F801000000000000000000000000000023
:10E50000000000000000000000000000000000000B
:10E5100000000000000000000000000000000000FB
:10E5200000000000000000000000000000000000EB
:10E5300000000000000000000000000000000000DB
:10E5400000000000000000000000000000000000CB
:10E5500000000000000000000000000000000000BB
:10E5600000000000000000000000000000000000AB
:10E57000000000000000000000000000000000009B
:10E58000000000000000000000000000000000008B
:10E59000000000000000000000000000000000007B
:10E5A000000000000000000000000000000000006B
:10E5B000000000000000000000000000000000005B
:10E5C000000000000000000000000000000000004B
:10E5D000000000000000000000000000000000003B
:10E5E000000000000000000000000000000000002B
:10E5F000000000000000000000000000000000001B
:10E60000000000000000000000000000000000000A
:10E6100000000000000000000000000000000000FA
:10E6200000000000000000000000000000000000EA
:10E6300000000000000000000000000000000000DA
:10E6400000000000000000000000000000000000CA
:10E6500000000000000000000000000000000000BA
:10E6600000000000000000000000000000000000AA
:10E67000000000000000000000000000000000009A
:10E68000000000000000000000000000000000008A
:10E69000000000000000000000000000000000007A
:10E6A0000000000000000000000000002C0000003E
:10E6B000000000000000000000000000000000005A
:10E6C000000000000000000000000000000000004A
:10E6D000000000000000000000000000000000003A
:10E6E0000000000000000000000000FF010000C06A
:10E6F0007F0000000080FF010000E03F00000000FC
:10E70000C0FF010000E03F00000000E0FF0100004A
:10E71000F01F00000000F0FF010000F00F000000FB
:10E7200000F8FF010000F00F00000000FCFF0100F6
:10E7300000F80700000000FEFF010000F8070000DD
:10E740000000FFFD010000F80300000000FFFC01D5
:10E750000000F803000000807FFC010000F80300C7
:10E760000000C07FFC010000FC03000000E03FFC53
:10E77000010000FC01000000F81FFC010000FC018A
:10E78000000000FC0FFC010000FC01000000FE077F
:10E79000FC010000FC01000000FF03FC010000FC84
:10E7A00001000080FF01FC010000FC010000C0FF2F
:10E7B00000FC010000FC010000E07F00FC01000003
:10E7C000FC010000F03F00FC010000FC030000FC25
:10E7D0001F00FC010000FC030000FE0F00FC010014
:10E7E00000F8070000FF0700FC010000F80700C068
:10E7F000FF0300FC010000F80F00E0FF0100FC0136
:10E800000000F01F00F8FF0000FC010000F0FF0016
:10E81000FF7F0000FC010000E0FFFFFF1F0000FC85
:10E82000010000E0FFFFFF0F0000FC010000C0FF3F
:10E83000FFFF070000FC01000080FFFFFF01000058
:10E84000FC01000000FFFFFF000000FC01000000D1
:10E85000FCFF3F000000FC01000000F8FF0F00007B
:10E8600000FC01000000C0FF00000000FC010000EF
:10E8700000000000000000FC01000000000000009B
:10E880000000FC01000000000000000000FC01008E
:10E890000000000000000000000000000000000078
:10E8A0000000000000000000000000000000000068
:10E8B0000000000000000000000000000000000058
:10E8C0000000000000000000000000000000000048
:10E8D0000000000000000000000000000000000038
:10E8E0000000000000000000000000000000000028
:10E8F0000000000000000000000000000000000018
:10E900000000000000000000000000000000000007
:10E9100000000000000000000000000000000000F7
:10E9200000000000000000000000000000000000E7
:10E9300000000000000000000000000000000000D7
:10E9400000000000000000000000000000000000C7
:10E9500000000000000000000000000000000000B7
:10E9600000000000000000000000000000000000A7
:10E970000000000000000000000000000000000097
:10E980000000000000000000000000000000000087
:10E990000000000000000000000000000000000077
:10E9A0000000000000000000000000000000000067
:10E9B0000000000000000000000000000000000057
:10E9C0000000000000000000000000000000000047
:10E9D0000000000000000000000000000000000037
:10E9E0000000000000000000000000000000000027
:10E9F0000000000000000000000000000000000017
:10EA00000000000000000000000000000000000006
:10EA100000002A00000000000000000000000000CC
:10EA200000000000000000000000000000000000E6
:10EA300000000000000000000000000000000000D6
:10EA40000000000000E03F000000000000000000A7
:10EA5000C07F000000C07F00000000C07F000000F9
:10EA6000E03F0000000080FF000000E03F000000E9
:10EA70000080FF000000F01F0000000000FF000009
:10EA800000F00F0000000000FF010000F00F000088
:10EA9000000000FE010000F8070000000000FE0179
:10EAA0000000F8070000000000FC010000F803006F
:10EAB00000000000FC010000F8030000000000FC62
:10EAC000030000F8030000000000F8030000FC034E
:10EAD00000F0070000F8030000FC0100F007000050
:10EAE000F8030000FC0100F0070000F8030000FC40
:10EAF0000100F0070000F8030000FC0100F007002F
:10EB000000F8030000FC0100F0070000F80300001B
:10EB1000FC0100F0070000F8030000FC0100F8070A
:10EB20000000F8030000FC0100F8070000FC0300EF
:10EB300000FC0300F80F0000FC010000FC0300FCD7
:10EB40000F0000FC010000F80300FC0F0000FE01B4
:10EB50000000F80700FE1F0000FF010000F80F0092
:10EB60003F1F0000FF000000F81F803F3F00C0FF74
:10EB7000000000F07FE03FFF00E07F000000F0FFBA
:10EB8000FF1FFE03FC7F000000E0FFFF0FFEFFFF02
:10EB90003F000000C0FFFF0FFCFFFF1F000000C090
:10EBA000FFFF07FCFFFF0F00000080FFFF03F8FFDF
:10EBB000FF0700000000FFFF01F0FFFF030000005F
:10EBC00000FC7F00E0FFFF0000000000E01F00806D
:10EBD000FF3F000000000000000000FC07000000F4
:10EBE0000000000000000000000000000000000025
:10EBF0000000000000000000000000000000000015
:10EC00000000000000000000000000000000000004
:10EC100000000000000000000000000000000000F4
:10EC200000000000000000000000000000000000E4
:10EC300000000000000000000000000000000000D4
:10EC400000000000000000000000000000000000C4
:10EC500000000000000000000000000000000000B4
:10EC600000000000000000000000000000000000A4
:10EC70000000000000000000000000000000000094
:10EC80000000000000000000000000000000000084
:10EC90000000000000000000000000000000000074
:10ECA0000000000000000000000000000000000064
:10ECB0000000000000000000000000000000000054
:10ECC0000000000000000000000000000000000044
:10ECD0000000000000000000000000000000000034
:10ECE0000000000000000000000000000000000024
:10ECF0000000000000000000000000000000000014
:10ED00000000000000000000000000000000000003
:10ED100000000000000000000000000000000000F3
:10ED200000000000000000000000000000000000E3
:10ED300000000000000000000000000000000000D3
:10ED400000000000000000000000000000000000C3
:10ED500000000000000000000000000000000000B3
:10ED600000000000000000000000000000000000A3
:10ED700000000000000000002C0000000000000067
:10ED80000000000000000000000000000000000083
:10ED9000000000FC0F000000000000000000FE0F5B
:10EDA000000000000000000000FF0F000000000055
:10EDB00000000080FF0F0000000000000000C0FF06
:10EDC0000F0000000000000000F0FF0F0000000036
:10EDD00000000000F8EF0F0000000000000000FC41
:10EDE000E70F0000000000000000FEE30F0000003D
:10EDF0000000000000FFE10F0000000000000080A4
:10EE0000FFE00F00000000000000E03FE00F000006
:10EE10000000000000F01FE00F00000000000000F4
:10EE2000F80FE00F00000000000000FC07E00F00FA
:10EE3000000000000000FE03E00F000000000000E2
:10EE400000FF01E00F000000000000C07F00E00FA5
:10EE5000000000000000E03F00E00F0000000000A4
:10EE600000F01F00E00F000000000000F80F00E0BD
:10EE70000F000000000000FC0700E00F0000000091
:10EE80000000FE0300E00F000000000080FF000013
:10EE9000E00F0000000000C07F0000E00F00000055
:10EEA0000000E03F0000E00F0000000000F01F0045
:10EEB00000E00F0000000000F8FFFFFFFFFFFFFF72
:10EEC000010000F8FFFFFFFFFFFFFF010000F8FF58
:10EED000FFFFFFFFFFFF010000F8FFFFFFFFFFFF45
:10EEE000FF010000F8FFFFFFFFFFFFFF010000F838
:10EEF000FFFFFFFFFFFFFF010000F8FFFFFFFFFF25
:10EF0000FFFF010000F8FFFFFFFFFFFFFF01000010
:10EF100000000000E00F000000000000000000E022
:10EF20000F000000000000000000E00F00000000E3
:10EF30000000000000E00F000000000000000000E2
:10EF4000E00F000000000000000000E00F000000E3
:10EF5000000000000000E00F0000000000000000C2
:10EF600000000000000000000000000000000000A1
:10EF70000000000000000000000000000000000091
:10EF80000000000000000000000000000000000081
:10EF90000000000000000000000000000000000071
:10EFA0000000000000000000000000000000000061
:10EFB0000000000000000000000000000000000051
:10EFC0000000000000000000000000000000000041
:10EFD0000000000000000000000000000000000031
:10EFE0000000000000000000000000000000000021
:10EFF0000000000000000000000000000000000011
:10F000000000000000000000000000000000000000
:10F0100000000000000000000000000000000000F0
:10F0200000000000000000000000000000000000E0
:10F0300000000000000000000000000000000000D0
:10F0400000000000000000000000000000000000C0
:10F0500000000000000000000000000000000000B0
:10F0600000000000000000000000000000000000A0
:10F070000000000000000000000000000000000090
:10F080000000000000000000000000000000000080
:10F090000000000000000000000000000000000070
:10F0A0000000000000000000000000000000000060
:10F0B0000000000000000000000000000000000050
:10F0C0000000000000000000000000000000000040
:10F0D00000000000000000000000000000002A0006
:10F0E0000000000000000000000000000000000020
:10F0F0000000000000000000000000000000000010
:10F1000000000000000000000000000000000000FF
:10F11000000000000000000000000000C07F0000B0
:10F1200000000000000000807F00000000000000E0
:10F13000000080FF000000F8FFFFFF030000FF0059
:10F140000000F8FFFFFF030000FF000000F8FFFFD2
:10F15000FF030000FF010000F8FFFFFF030000FEB7
:10F16000010000F8FFFFFF010000FE010000F8FFB2
:10F17000FFFF010000FC010000F8FFFFFF0100009D
:10F18000FC010000F8FFFFFF010000FC030000F895
:10F190000300FC010000FC030000F80300FC010078
:10F1A00000F8030000F80300FC010000F803000071
:10F1B000F80300FC010000F8030000F80300FC0164
:10F1C0000000F8030000F80300FC010000F8030051
:10F1D00000F80300FC010000F8030000F80300FC45
:10F1E000010000F8030000F80300FC010000F80330
:10F1F0000000F80300FC030000FC030000F803001B
:10F20000FC030000FC010000F80300FC030000FC0C
:10F21000010000F80300F8070000FE010000F803F9
:10F2200000F8070000FF010000F80300F80F00805D
:10F23000FF000000F80300F81F00C0FF000000F806
:10F240000300F03F00F07F000000F80300F0FF0132
:10F25000FC3F000000F80300E0FFFFFF3F0000005C
:10F26000F80300C0FFFFFF1F000000F8030080FF4D
:10F27000FFFF0F000000F8030080FFFFFF07000002
:10F2800000F8030000FEFFFF01000000F80300008B
:10F29000FCFFFF00000000F8030000F0FF1F00006B
:10F2A0000000F803000080FF0300000000000000E1
:10F2B000000000000000000000000000000000004E
:10F2C000000000000000000000000000000000003E
:10F2D000000000000000000000000000000000002E
:10F2E000000000000000000000000000000000001E
:10F2F000000000000000000000000000000000000E
:10F3000000000000000000000000000000000000FD
:10F3100000000000000000000000000000000000ED
:10F3200000000000000000000000000000000000DD
:10F3300000000000000000000000000000000000CD
:10F3400000000000000000000000000000000000BD
:10F3500000000000000000000000000000000000AD
:10F36000000000000000000000000000000000009D
:10F37000000000000000000000000000000000008D
:10F38000000000000000000000000000000000007D
:10F39000000000000000000000000000000000006D
:10F3A000000000000000000000000000000000005D
:10F3B000000000000000000000000000000000004D
:10F3C000000000000000000000000000000000003D
:10F3D000000000000000000000000000000000002D
:10F3E000000000000000000000000000000000001D
:10F3F000000000000000000000000000000000000D
:10F4000000000000000000000000000000000000FC
:10F4100000000000000000000000000000000000EC
:10F4200000000000000000000000000000000000DC
:10F4300000000000000000000000000000000000CC
:10F44000000000002C000000000000000000000090
:10F4500000000000000000000000000000000000AC
:10F46000000000000000000000000000000000009C
:10F4700000000000E0FF3F0000000000000000FF6F
:10F48000FFFF03000000000000F0FFFFFF1F00006F
:10F4900000000000FCFFFFFFFF000000000000FF75
:10F4A000FFFFFFFF0100000000C0FFFFFFFFFF079D
:10F4B00000000000F0FFFFFFFFFF0F00000000F85A
:10F4C000FFFFFFFFFF1F00000000FCFFE707C0FF7A
:10F4D0003F00000000FE3FF00700FC7F000000003E
:10F4E000FF07F00300F07F00000080FF01F8030039
:10F4F000C0FF000000C0FF00F8010080FF00000016
:10F50000C07F00FC010000FF010000E03F00FC01A3
:10F510000000FE010000E01F00FC000000FC0100F4
:10F5200000F00F00FE000000FC030000F00700FEEA
:10F53000000000F8030000F80700FE000000F803D8
:10F540000000F80300FE000000F8030000F80300CC
:10F55000FE000000F8030000F80300FE000000F8C1
:10F56000030000FC0100FE000000F8030000FC01A5
:10F5700000FE000000F8030000FC0100FE01000096
:10F58000FC030000FC0100FE010000FC010000FC87
:10F590000100FE010000FE010000FC0100FC030070
:10F5A00000FE010000FC0100FC070000FF0000005D
:10F5B000FC0100FC0F0080FF000000FC0100F81FB0
:10F5C00000E07F000000FC0300F0FF00FC7F000073
:10F5D00000FC0300F0FFFFFF3F000000FC0300E021
:10F5E000FFFFFF1F000000F80700C0FFFFFF0F0034
:10F5F000000000000080FFFFFF0700000000000087
:10F6000000FFFFFF0100000000000000FCFF7F0082
:10F6100000000000000000F0FF1F000000000000DC
:10F62000000080FF03000000000000000000000058
:10F6300000000000000000000000000000000000CA
:10F6400000000000000000000000000000000000BA
:10F6500000000000000000000000000000000000AA
:10F66000000000000000000000000000000000009A
:10F67000000000000000000000000000000000008A
:10F68000000000000000000000000000000000007A
:10F69000000000000000000000000000000000006A
:10F6A000000000000000000000000000000000005A
:10F6B000000000000000000000000000000000004A
:10F6C000000000000000000000000000000000003A
:10F6D000000000000000000000000000000000002A
:10F6E000000000000000000000000000000000001A
:10F6F000000000000000000000000000000000000A
:10F7000000000000000000000000000000000000F9
:10F7100000000000000000000000000000000000E9
:10F7200000000000000000000000000000000000D9
:10F7300000000000000000000000000000000000C9
:10F7400000000000000000000000000000000000B9
:10F7500000000000000000000000000000000000A9
:10F760000000000000000000000000000000000099
:10F770000000000000000000000000000000000089
:10F780000000000000000000000000000000000079
:10F790000000000000000000000000000000000069
:10F7A000000000000000000000002B00000000002E
:10F7B0000000000000000000000000000000000049
:10F7C0000000000000000000000000000000000039
:10F7D00000000000000000F803000000000000002E
:10F7E0000000F803000000000000000000F8030023
:10F7F0000000000000000000F8030000000000000E
:10F80000000000F803000000000000010000F80301
:10F810000000000000C0010000F80300000000002C
:10F82000F0010000F8030000000000FC010000F8F7
:10F83000030000000000FF010000F80300000000CA
:10F84000C0FF010000F80300000000F0FF0100000D
:10F85000F80300000000FCFF010000F803000000B6
:10F8600000FFFF010000F803000000C0FFFF0000E0
:10F8700000F803000000F0FF3F000000F803000064
:10F8800000FCFF0F000000F803000000FFFF030072
:10F890000000F8030000C0FFFF00000000F80300B4
:10F8A00000F0FF3F00000000F8030000FCFF0F0025
:10F8B000000000F8030000FFFF0100000000F80353
:10F8C00000C0FF7F0000000000F80300F0FF1F00F1
:10F8D00000000000F80300FEFF070000000000F831
:10F8E0000380FFFF010000000000F803E0FF7F003D
:10F8F0000000000000F803F8FF1F000000000000F7
:10F90000F803FEFF07000000000000F883FFFF017E
:10F91000000000000000F8E3FF7F0000000000008E
:10F9200000F8FBFF1F00000000000000F8FFFF07C9
:10F9300000000000000000F8FFFF010000000000D0
:10F940000000F8FF7F0000000000000000F8FF1F2B
:10F950000000000000000000F8FF070000000000A9
:10F96000000000F8FF010000000000000000F87F28
:10F97000000000000000000000F81F000000000070
:10F980000000000000000000000000000000000077
:10F990000000000000000000000000000000000067
:10F9A0000000000000000000000000000000000057
:10F9B0000000000000000000000000000000000047
:10F9C0000000000000000000000000000000000037
:10F9D0000000000000000000000000000000000027
:10F9E0000000000000000000000000000000000017
:10F9F0000000000000000000000000000000000007
:10FA000000000000000000000000000000000000F6
:10FA100000000000000000000000000000000000E6
:10FA200000000000000000000000000000000000D6
:10FA300000000000000000000000000000000000C6
:10FA400000000000000000000000000000000000B6
:10FA500000000000000000000000000000000000A6
:10FA60000000000000000000000000000000000096
:10FA70000000000000000000000000000000000086
:10FA80000000000000000000000000000000000076
:10FA90000000000000000000000000000000000066
:10FAA0000000000000000000000000000000000056
:10FAB0000000000000000000000000000000000046
:10FAC0000000000000000000000000000000000036
:10FAD0000000000000000000000000000000000026
:10FAE0000000000000000000000000000000000016
:10FAF0000000000000000000000000000000000006
:10FB000000000000000000000000000000000000F5
:10FB10002B000000000000000000000000000000BA
:10FB200000000000000000000000000000000000D5
:10FB300000000000000000F00F0000000000C03FC7
:10FB40000000FE7F0000000000F8FF0180FFFF01C1
:10FB500000000000FCFF03E0FFFF0700000000FFC3
:10FB6000FF07F0FFFF0F00000080FFFF0FF8FFFF0F
:10FB70001F000000C0FFFF1FFCFFFF3F000000C090
:10FB8000FFFF3FFEFFFF7F000000E0FFFF7FFE075B
:10FB9000F87F000000F03FF07FFF00C0FF00000092
:10FBA000F00FC0FF7F0080FF000000F80780FF1FFC
:10FBB0000000FF010000F80300FF0F0000FE01003D
:10FBC00000F80100FE070000FC010000F80100FC45
:10FBD000070000F8010000FC0100FC030000F8032E
:10FBE0000000FC0000F8030000F8030000FC000027
:10FBF000F8070000F0030000FC0000F0070000F030
:10FC0000030000FC0000F00F0000F0030000FC0007
:10FC100000E00F0000F0030000FC0000E00F000017
:10FC2000F0030000FC0000E01F0000F0030000FCF7
:10FC30000100C01F0000F0030000FC0100E03F00D5
:10FC400000F8030000F80100E03F0000F8010000A8
:10FC5000F80300F07F0000F8010000F80700FCFF47
:10FC60000000FC010000F00F00FEFF0000FE00009D
:10FC700000F03FC0FFFE0100FF000000E0FFFF7F3B
:10FC8000FE03807F000000E0FFFF3FFC1FF07F00CD
:10FC90000000C0FFFF3FFCFFFF3F00000080FFFFB0
:10FCA0001FF8FFFF1F00000000FFFF07F0FFFF0F1E
:10FCB00000000000FEFF03E0FFFF0700000000F867
:10FCC000FF00C0FFFF0300000000C01F0080FFFF17
:10FCD000010000000000000000FF7F0000000000A5
:10FCE00000000000F80F000000000000000000000D
:10FCF0000000000000000000000000000000000004
:10FD000000000000000000000000000000000000F3
:10FD100000000000000000000000000000000000E3
:10FD200000000000000000000000000000000000D3
:10FD300000000000000000000000000000000000C3
:10FD400000000000000000000000000000000000B3
:10FD500000000000000000000000000000000000A3
:10FD60000000000000000000000000000000000093
:10FD70000000000000000000000000000000000083
:10FD80000000000000000000000000000000000073
:10FD90000000000000000000000000000000000063
:10FDA0000000000000000000000000000000000053
:10FDB0000000000000000000000000000000000043
:10FDC0000000000000000000000000000000000033
:10FDD0000000000000000000000000000000000023
:10FDE0000000000000000000000000000000000013
:10FDF0000000000000000000000000000000000003
:10FE000000000000000000000000000000000000F2
:10FE100000000000000000000000000000000000E2
:10FE200000000000000000000000000000000000D2
:10FE300000000000000000000000000000000000C2
:10FE400000000000000000000000000000000000B2
:10FE500000000000000000000000000000000000A2
:10FE60000000000000000000000000000000000092
:10FE70000000000000002B00000000000000000057
:10FE80000000000000000000000000000000000072
:10FE900000000000000000000000FC1F0000000047
:10FEA0000000000080FFFF0000000000000000E0F4
:10FEB000FFFF0300000000000000F8FFFF0F00003C
:10FEC0000000000000FEFFFF1F0000000000000017
:10FED000FFFFFF3F0000FE01000080FFFFFF7F00EB
:10FEE00000FC030000C0FFFFFFFF0000FC03000058
:10FEF000E0FF03F0FF0000FC030000E07F0080FF54
:10FF00000100F8030000F01F0000FF0300F80300E9
:10FF100000F00F0000FE0300F8030000F8070000E7
:10FF2000FC0300F8030000F8070000F80300F803E2
:10FF30000000F8030000F80700F8030000FC0300CD
:10FF400000F80700F8030000FC010000F00700F8CB
:10FF5000030000FC010000F00700F8030000FC01B2
:10FF60000000F00700FC010000FC010000F00700A9
:10FF7000FC010000FC010000F00700FC010000FC97
:10FF8000010000F00700FE010000FC010000F00786
:10FF900000FE000000FC030000F00300FF00000072
:10FFA000F8030000F003007F000000F8070000F8ED
:10FFB00003807F000000F8070000F803C03F000046
:10FFC00000F00F0000F801F03F000000F03F0000DB
:10FFD000FC01F81F000000E07F0000FC00FE0F00A5
:10FFE0000000E0FF03007EC0FF07000000C0FF3FED
:10FFF000007EFCFF0300000080FFFFFFFFFFFF010A
:020000040802F0
:1000000000000000FFFFFFFFFFFF0000000000FEF8
:10001000FFFFFFFF3F0000000000FCFFFFFFFF0F9E
:100020000000000000F0FFFFFFFF030000000000E1
:10003000C0FFFFFF7F00000000000000FEFFFF0F79
:1000400000000000000000C0FF3F000000000000B2
:1000500000000000000000000000000000000000A0
:100060000000000000000000000000000000000090
:100070000000000000000000000000000000000080
:100080000000000000000000000000000000000070
:100090000000000000000000000000000000000060
:1000A0000000000000000000000000000000000050
:1000B0000000000000000000000000000000000040
:1000C0000000000000000000000000000000000030
:1000D0000000000000000000000000000000000020
:1000E0000000000000000000000000000000000010
:1000F0000000000000000000000000000000000000
:1001000000000000000000000000000000000000EF
:1001100000000000000000000000000000000000DF
:1001200000000000000000000000000000000000CF
:1001300000000000000000000000000000000000BF
:1001400000000000000000000000000000000000AF
:10015000000000000000000000000000000000009F
:10016000000000000000000000000000000000008F
:10017000000000000000000000000000000000007F
:10018000000000000000000000000000000000006F
:10019000000000000000000000000000000000005F
:1001A000000000000000000000000000000000004F
:1001B000000000000000000000000000000000003F
:1001C000000000000000000000000000000000002F
:1001D000000000000000000000000000140000000B
:1001E000000000000000000000000000000000000F
:1001F00000000000000000000000000000000000FF
:1002000000000000000000000000000000000000EE
:1002100000000000000000000000000000000000DE
:1002200000000000000000000000000000000000CE
:1002300000000000000000000000000000000000BE
:1002400000000000000000000000000000F87F0037
:1002500000E0FF0100000000F87F0000E0FF010067
:10026000000000F87F0000E0FF0100000000F87FC0
:100270000000E0FF0100000000F87F0000E0FF0147
:1002800000000000F87F0000E0FF0100000000F81F
:100290007F0000E0FF0100000000F87F0000E0FFA9
:1002A0000100000000F87F0000E0FF0100000000F6
:1002B000F87F0000E0FF01000000000000000000E7
:1002C000000000000000000000000000000000002E
:1002D000000000000000000000000000000000001E
:1002E000000000000000000000000000000000000E
:1002F00000000000000000000000000000000000FE
:1003000000000000000000000000000000000000ED
:1003100000000000000000000000000000000000DD
:1003200000000000000000000000000000000000CD
:1003300000000000000000000000000000000000BD
:1003400000000000000000000000000000000000AD
:10035000000000000000000000000000000000009D
:10036000000000000000000000000000000000008D
:10037000000000000000000000000000000000007D
:10038000000000000000000000000000000000006D
:10039000000000000000000000000000000000005D
:1003A000000000000000000000000000000000004D
:1003B000000000000000000000000000000000003D
:1003C000000000000000000000000000000000002D
:1003D000000000000000000000000000000000001D
:1003E000000000000000000000000000000000000D
:1003F00000000000000000000000000000000000FD
:1004000000000000000000000000000000000000EC
:1004100000000000000000000000000000000000DC
:1004200000000000000000000000000000000000CC
:1004300000000000000000000000000000000000BC
:1004400000000000000000000000000000000000AC
:10045000000000000000000000000000000000009C
:10046000000000000000000000000000000000008C
:10047000000000000000000000000000000000007C
:10048000000000000000000000000000000000006C
:10049000000000000000000000000000000000005C
:1004A000000000000000000000000000000000004C
:1004B000000000000000000000000000000000003C
:1004C000000000000000000000000000000000002C
:1004D000000000000000000000000000000000001C
:1004E000000000000000000000000000000000000C
:1004F00000000000000000000000000000000000FC
:1005000000000000000000000000000000000000EB
:1005100000000000000000000000000000000000DB
:1005200000000000000000000000000000000000CB
:1005300000000000000000000000000000000000BB
:100540000000FFFFFFFFFFFFFFFFFFFF1D05FFFF95
:10055000FFFFFFFFFFFFFFFFFFFFFFFFFFFFFFFFAB
:100560001D051D05FFFFFFFFFFFFFFFFFFFFFFFF53
:10057000FFFFFFFF1D05FFFF1D05FFFFFFFFFFFF43
:10058000FFFFFFFFFFFFFFFF1D05FFFFFFFF1D0533
:10059000FFFFFFFFFFFFFFFFFFFFFFFF1D05FFFF47
:1005A000FFFFFFFF1D051D05FFFFFFFFFFFFFFFF13
:1005B0001D05FFFFFFFFFFFF1D05FFFF1D05FFFFDF
:1005C000FFFFFFFF1D05FFFFFFFF1D05FFFFFFFFF3
:1005D000FFFF1D05FFFFFFFF1D05FFFF1D05FFFFBF
:1005E000FFFFFFFFFFFFFFFF1D05FFFF1D051D05AF
:1005F000FFFFFFFFFFFFFFFFFFFFFFFFFFFF1D05E7
:100600001D05FFFFFFFFFFFFFFFFFFFFFFFFFFFFD6
:10061000FFFF1D051D05FFFFFFFFFFFFFFFFFFFFA2
:10062000FFFFFFFF1D05FFFF1D051D05FFFFFFFF6E
:10063000FFFFFFFFFFFF1D05FFFFFFFF1D05FFFF82
:100640001D05FFFFFFFFFFFF1D05FFFFFFFFFFFF72
:100650001D05FFFFFFFF1D05FFFF1D05FFFFFFFF3E
:10066000FFFFFFFF1D05FFFFFFFFFFFF1D05FFFF52
:10067000FFFFFFFFFFFFFFFF1D05FFFFFFFFFFFF66
:100680001D05FFFFFFFFFFFFFFFFFFFF1D05FFFF32
:10069000FFFF1D05FFFFFFFFFFFFFFFFFFFFFFFF46
:1006A0001D05FFFF1D05FFFFFFFFFFFFFFFFFFFF12
:1006B000FFFFFFFF1D051D05FFFFFFFFFFFFFFFF02
:1006C000FFFFFFFFFFFFFFFF1D05FFFFFFFFFFFF16
:1006D000FFFF00000000000000000000000000001C
:1006E000000000000000000000000000000000000A
:1006F00000000000000000000000000000000000FA
:1007000000000000000000000000000000000000E9
:1007100000000000000000000000000000000000D9
:1007200000000000000000000000000000000000C9
:1007300000000000000000000000000000000000B9
:1007400000000000000000000000000000000000A9
:100750000000000000000000000000000000000099
:100760000000000000000000000000000000000089
:100770000000000000000000000000000000000079
:100780000000000000000000000000000000000069
:100790000000000000000000000000000000000059
:1007A0000000000000000000000000000000000049
:1007B0000000000000000000000000000000000039
:1007C0000000000000000000000000000000000029
:1007D0000000000000000000000000000000000019
:1007E0000000000000000000000000000000000009
:1007F00000000000000000000000000000000000F9
:1008000000000000000000000000000000000000E8
:1008100000000000000000000000000000000000D8
:1008200000000000000000000000000000000000C8
:1008300000000000000000000000000000000000B8
:1008400000000000000000000000000000000000A8
:100850000000000000000000000000000000000098
:100860000000000000000000000000000000000088
:100870000000000000000000000000000000000078
:100880000000000000000000000000000000000068
:100890000000000000000000000000000000000058
:1008A0000000000000000000000000000000000048
:1008B0000000000000000000000000000000000038
:1008C0000000000000000000000000000000000028
:1008D0000000000000000000000000000000000018
:1008E0000000000000000000000000000000000008
:1008F00000000000000000000000000000000000F8
:1009000000000000000000000000000000000000E7
:1009100000000000000000000000000000000000D7
:1009200000000000000000000000000000000000C7
:1009300000000000000000000000000000000000B7
:1009400000000000000000000000000000000000A7
:100950000000000000000000000000000000000097
:100960000000000000000000000000000000000087
:100970000000000000000000000000000000000077
:100980000000000000000000000000000000000067
:100990000000000000000000000000000000000057
:1009A0000000000000000000000000000000000047
:1009B0000000000000000000000000000000000037
:1009C0000000000000000000000000000000000027
:1009D0000000000000000000000000000000000017
:1009E0000000000000000000000000000000000007
:1009F00000000000000000000000000000000000F7
:100A000000000000000000000000000000000000E6
:100A100000000000000000000000000000000000D6
:100A200000000000000000000000000000000000C6
:100A300000000000000000000000000000000000B6
:100A400000000000000000000000000000000000A6
:100A50000000000000000000000000000000000096
:100A60000000000000000000000000000000000086
:100A70000000000000000000000000000000000076
:100A80000000000000000000000000000000000066
:100A90000000000000000000000000000000000056
:100AA0000000000000000000000000000000000046
:100AB0000000000000000000000000000000000036
:100AC0000000000000000000000000000000000026
:100AD0000000000000000000000000000000000016
:100AE0000000000000000000000000000000000006
:100AF00000000000000000000000000000000000F6
:100B000000000000000000000000000000000000E5
:100B100000000000000000000000000000000000D5
:100B20000000000024014D4AD36C389E38C6FFFFF8
:100B3000FFFFFFFFFFFFFFFFF8FF38C6D3C4696B5D
:100B40002449000000000000000000000000000038
:100B50000000000000000000000000000000000095
:100B60000000000000000000000000000000000085
:100B70000000000000000000000000000000000075
:100B80000000000000000000000000000000000065
:100B90000000000000000000000000000000000055
:100BA0000000000000000000000000000000000045
:100BB0000000000000000000000000000000000035
:100BC0000000000000000400D86CFFFFFFFFFFFFE3
:100BD000FFFFFFFFFFFFFFFFFFFFFFFFFFFFFFFF25
:100BE000FFFFFFFFFFFFFFFFFFFFFFFFFFFFFFFF15
:100BF000FFFFFFFF38FE38C633C6CD9C444A0020B5
:100C000000000000000000000000000000000000E4
:100C100000000000000000000000000000000000D4
:100C200000000000000000000000000000000000C4
:100C300000002901D86C38C6FFFFFFFFFFFFFFFF50
:100C4000FFFFF8FF38C6CD9C2049000000000000DF
:100C50000000000000000000000000000000000094
:100C60000000000000000000000000000000000084
:100C70000000000000000000000000000000000074
:100C80000000000000000000000000000000000064
:100C90000000000000000000000000000000000054
:100CA0002921D86CFFC7FFFFFFFFFFFFFFFFFFFFFA
:100CB000FFFFFFFFFFFFFFFFFFFFFFFFFFFFFFFF44
:100CC000FFFFFFFFFFFF33FE446A0020000000002B
:100CD0000000000000000000000000000000000014
:100CE0000000000000000000000000000000000004
:100CF00000000000000000000000000000000000F4
:100D000000000000000000000000000000000000E3
:100D100000000000000000000000000000000000D3
:100D200000000000000000000000000000000000C3
:100D300000000000000000000000000000000000B3
:100D400000000000000004003F6EFFFFFFFFFFFFF8
:100D5000FFFFFFFFFFFFFFFFFFFFFFFFFFFFFFFFA3
:100D6000FFFFFFFFFFFFFFFFFFFFFFFFFFFFFFFF93
:100D7000FFFFFFFFFFFFFFFFFFFFFFFFFFFFFFFF83
:100D8000FFFFF8FFCDC42049000000000000000074
:100D90000000000000000000000000000000000053
:100DA0000000000000000000000000000000000043
:100DB00000002D01FFC7FFFFFFFFFFFFFFFFFFFF49
:100DC000FFFFFFFFFFFFFFFFFFFFF3FF00480000F3
:100DD0000000000000000000000000000000000013
:100DE0000000000000000000000000000000000003
:100DF00000000000000000000000000000000000F3
:100E000000000000000000000000000000000000E2
:100E10000000000000000000000000000400734B10
:100E2000FFC7FFFFFFFFFFFFFFFFFFFFFFFFFFFF0A
:100E3000FFFFFFFFFFFFFFFFFFFFFFFFFFFFFFFFC2
:100E4000FFFFFFFFFFFFFFFFFFFFFFFFFFFFCDC41F
:100E50002049000000000000000000000000000029
:100E60000000000000000000000000000000000082
:100E70000000000000000000000000000000000072
:100E80000000000000000000000000000000000062
:100E90000000000000000000000000000000000052
:100EA0000000000000000000000000000000000042
:100EB0000000000000000000000000000000000032
:100EC00000000000000000002D01FFC7FFFFFFFF32
:100ED000FFFFFFFFFFFFFFFFFFFFFFFFFFFFFFFF22
:100EE000FFFFFFFFFFFFFFFFFFFFFFFFFFFFFFFF12
:100EF000FFFFFFFFFFFFFFFFFFFFFFFFFFFFFFFF02
:100F0000FFFFFFFFFFFFFFFFFFFF33FE446A00000C
:100F100000000000000000000000000000000000D1
:100F200000000000000000000000000000000000C1
:100F3000000000005302FFFFFFFFFFFFFFFFFFFF66
:100F4000FFFFFFFFFFFFFFFFFFFFFFFFF8FF20692D
:100F50000000000000000000000000000000000091
:100F60000000000000000000000000000000000081
:100F70000000000000000000000000000000000071
:100F80000000000000000000000000000000000061
:100F90000000000000000000000004005322FFC712
:100FA000FFFFFFFFFFFFFFFFFFFFFFFFFFFFFFFF51
:100FB000FFFFFFFFFFFFFFFFFFFFFFFFFFFFFFFF41
:100FC000FFFFFFFFFFFFFFFFFFFFFFFFFFFFFFFF31
:100FD000FFFFFFFFC9C40020000000000000000068
:100FE0000000000000000000000000000000000001
:100FF00000000000000000000000000000000000F1
:1010000000000000000000000000000000000000E0
:1010100000000000000000000000000000000000D0
:1010200000000000000000000000000000000000C0
:1010300000000000000000000000000000000000B0
:10104000000000000000000000005302FFFFFFFF4F
:10105000FFFFFFFFFFFFFFFFFFFFFFFFFFFFFFFFA0
:10106000FFFFFFFFFFFFFFFFFFFFFFFFFFFFFFFF90
:10107000FFFFFFFFFFFFFFFFFFFFFFFFFFFFFFFF80
:10108000FFFFFFFFFFFFFFFFFFFFFFFFFFFFFFFF70
:10109000CDC4204900000000000000000000000056
:1010A0000000000000000000000000000000000040
:1010B0000000000000005302FFFFFFFFFFFFFFFFE3
:1010C000FFFFFFFFFFFFFFFFFFFFFFFFFFFFF8FF37
:1010D0002069000000000000000000000000000087
:1010E0000000000000000000000000000000000000
:1010F00000000000000000000000000000000000F0
:1011000000000000000000000000000000000000DF
:101110000000000000000000000029013F9EFFFFCA
:10112000FFFFFFFFFFFFFFFFFFFFFFFFFFFFFFFFCF
:10113000FFFFFFFFFFFFFFFFFFFFFFFFFFFFFFFFBF
:10114000FFFFFFFFFFFFFFFFFFFFFFFFFFFFFFFFAF
:10115000FFFFFFFFFFFFFFFF33FE0048000000001E
:10116000000000000000000000000000000000007F
:10117000000000000000000000000000000000006F
:10118000000000000000000000000000000000005F
:10119000000000000000000000000000000000004F
:1011A000000000000000000000000000000000003F
:1011B000000000000000000000000000000000002F
:1011C0000000000000000000000000005302FFFFCC
:1011D000FFFFFFFFFFFFFFFFFFFFFFFFFFFFFFFF1F
:1011E000FFFFFFFFFFFFFFFFFFFFFFFFFFFFFFFF0F
:1011F000FFFFFFFFFFFFFFFFFFFFFFFFFFFFFFFFFF
:10120000FFFFFFFFFFFFFFFFFFFFFFFFFFFFFFFFEE
:10121000FFFFFFFFF8FF2069000000000000000052
:1012200000000000000000000000000000000000BE
:1012300000000000000000005302FFFFFFFFFFFF5F
:10124000FFFFFFFFFFFFFFFFFFFFFFFFFFFFFFFFAE
:10125000F8FF20690000000000000000000000000E
:10126000000000000000000000000000000000007E
:10127000000000000000000000000000000000006E
:10128000000000000000000000000000000000005E
:10129000000000000000000000005322FFC7FFFF15
:1012A000FFFFFFFFFFFFFFFFFFFFFFFFFFFFFFFF4E
:1012B000FFFFFFFFFFFFFFFFFFFFFFFFFFFFFFFF3E
:1012C000FFFFFFFFFFFFFFFFFFFFFFFFFFFFFFFF2E
:1012D000FFFFFFFFFFFFFFFFFFFFFFFF2DFE0020CF
:1012E00000000000000000000000000000000000FE
:1012F00000000000000000000000000000000000EE
:1013000000000000000000000000000000000000DD
:1013100000000000000000000000000000000000CD
:1013200000000000000000000000000000000000BD
:1013300000000000000000000000000000000000AD
:101340000000000000000000000000000000530248
:10135000FFFFFFFFFFFFFFFFFFFFFFFFFFFFFFFF9D
:10136000FFFFFFFFFFFFFFFFFFFFFFFFFFFFFFFF8D
:10137000FFFFFFFFFFFFFFFFFFFFFFFFFFFFFFFF7D
:10138000FFFFFFFFFFFFFFFFFFFFFFFFFFFFFFFF6D
:10139000FFFFFFFFFFFFFFFFF8FF409A0000000084
:1013A000000000000000000000000000000000003D
:1013B000000000000000000000005302FFFFFFFFDC
:1013C000FFFFFFFFFFFFFFFFFFFFFFFFFFFFFFFF2D
:1013D000FFFFF8FF2069000000000000000000008F
:1013E00000000000000000000000000000000000FD
:1013F00000000000000000000000000000000000ED
:1014000000000000000000000000000000000000DC
:1014100000000000000000000000D84CFFFFFFFFAC
:10142000FFFFFFFFFFFFFFFFFFFFFFFFFFFFFFFFCC
:10143000FFFFFFFFFFFFFFFFFFFFFFFFFFFFFFFFBC
:10144000FFFFFFFFFFFFFFFFFFFFFFFFFFFFFFFFAC
:10145000FFFFFFFFFFFFFFFFFFFFFFFFFFFFF8FFA3
:1014600020690000000000000000000000000000F3
:10147000000000000000000000000000000000006C
:10148000000000000000000000000000000000005C
:10149000000000000000000000000000000000004C
:1014A000000000000000000000000000000000003C
:1014B000000000000000000000000000000000002C
:1014C000000000000000000000000000000000001C
:1014D0005302FFFFFFFFFFFFFFFFFFFFFFFFFFFFC5
:1014E000FFFFFFFFFFFFFFFFFFFFFFFFFFFFFFFF0C
:1014F000FFFFFFFFFFFFFFFFFFFFFFFFFFFFFFFFFC
:10150000FFFFFFFFFFFFFFFFFFFFFFFFFFFFFFFFEB
:10151000FFFFFFFFFFFFFFFFFFFFFFFFF8FF206957
:1015200000000000000000000000000000000000BB
:101530000000000000000000000000005302FFFF58
:10154000FFFFFFFFFFFFFFFFFFFFFFFFFFFFFFFFAB
:10155000FFFFFFFFF8FF206900000000000000000F
:10156000000000000000000000000000000000007B
:10157000000000000000000000000000000000006B
:10158000000000000000000000000000000000005B
:1015900000000000000000000000D84CFFFFFFFF2B
:1015A000FFFFFFFFFFFFFFFFFFFFFFFFFFFFFFFF4B
:1015B000FFFFFFFFFFFFFFFFFFFFFFFFFFFFFFFF3B
:1015C000FFFFFFFFFFFFFFFFFFFFFFFFFFFFFFFF2B
:1015D000FFFFFFFFFFFFFFFFFFFFFFFFFFFFFFFF1B
:1015E000FFFF409A00000000000000000000000023
:1015F00000000000000000000000000000000000EB
:1016000000000000000000000000000000000000DA
:1016100000000000000000000000000000000000CA
:1016200000000000000000000000000000000000BA
:1016300000000000000000000000000000000000AA
:10164000000000000000000000000000000000009A
:1016500000005302FFFFFFFFFFFFFFFFFFFFFFFF41
:10166000FFFFFFFFFFFFFFFFFFFFFFFFFFFFFFFF8A
:10167000FFFFFFFFFFFFFFFFFFFFFFFFFFFFFFFF7A
:10168000FFFFFFFFFFFFFFFFFFFFFFFFFFFFFFFF6A
:10169000FFFFFFFFFFFFFFFFFFFFFFFFFFFFFFFF5A
:1016A000F3FF004800000000000000000000000000
:1016B00000000000000000000000000000005302D5
:1016C000FFFFFFFFFFFFFFFFFFFFFFFFFFFFFFFF2A
:1016D000FFFFFFFFFFFFF8FF206900000000000090
:1016E00000000000000000000000000000000000FA
:1016F00000000000000000000000000000000000EA
:1017000000000000000000000000000000000000D9
:1017100000000000000000000000D84CFFFFFFFFA9
:10172000FFFFFFFFFFFFFFFFFFFFFFFFFFFFFFFFC9
:10173000FFFFFFFFFFFFFFFFFFFFFFFFFFFFFFFFB9
:10174000FFFFFFFFFFFFFFFFFFFFFFFFFFFFFFFFA9
:10175000FFFFFFFFFFFFFFFFFFFFFFFFFFFFFFFF99
:10176000FFFFFFFF409A00000000000000000000A3
:101770000000000000000000000000000000000069
:101780000000000000000000000000000000000059
:101790000000000000000000000000000000000049
:1017A0000000000000000000000000000000000039
:1017B0000000000000000000000000000000000029
:1017C0000000000000000000000000000000000019
:1017D000000000005302FFFFFFFFFFFFFFFFFFFFBE
:1017E000FFFFFFFFFFFFFFFFFFFFFFFFFFFFFFFF09
:1017F000FFFFFFFFFFFFFFFFFFFFFFFFFFFFFFFFF9
:10180000FFFFFFFFFFFFFFFFFFFFFFFFFFFFFFFFE8
:10181000FFFFFFFFFFFFFFFFFFFFFFFFFFFFFFFFD8
:10182000FFFFFFFF64C30000000000000000000095
:1018300000000000000000000000000000000000A8
:101840005302FFFFFFFFFFFFFFFFFFFFFFFFFFFF51
:10185000FFFFFFFFFFFFFFFFF8FF20690000000010
:101860000000000000000000000000000000000078
:101870000000000000000000000000000000000068
:101880000000000000000000000000000000000058
:10189000000000000000000000007823FFFFFFFFB1
:1018A000FFFFFFFFFFFFFFFFFFFFFFFFFFFFFFFF48
:1018B000FFFFFFFFFFFFFFFFFFFFFFFFFFFFFFFF38
:1018C000FFFFFFFFFFFFFFFFFFFFFFFFFFFFFFFF28
:1018D000FFFFFFFFFFFFFFFFFFFFFFFFFFFFFFFF18
:1018E000FFFFFFFFFFFF409A000000000000000024
:1018F00000000000000000000000000000000000E8
:1019000000000000000000000000000000000000D7
:1019100000000000000000000000000000000000C7
:1019200000000000000000000000000000000000B7
:1019300000000000000000000000000000000000A7
:101940000000000000000000000000000000000097
:101950000000000000005302FFFFFFFFFFFFFFFF3A
:10196000FFFFFFFFFFFFFFFFFFFFFFFFFFFFF3FF93
:10197000004800000000000000000000000000001F
:10198000040024216D4B3F9EFFFFFFFFFFFFFFFF81
:10199000FFFFFFFFFFFFFFFFFFFFFFFFFFFFFFFF57
:1019A000FFFFFFFFFFFFF3FF004800000000000003
:1019B0000000000000000000000000000000000027
:1019C00000005302FFFFFFFFFFFFFFFFFFFFFFFFCE
:1019D000FFFFFFFFFFFFFFFFFFFFF8FF2069000091
:1019E00000000000000000000000000000000000F7
:1019F00000000000000000000000000000000000E7
:101A000000000000000000000000000000000000D6
:101A1000000000000000000000002D01FFC7FFFFD4
:101A2000FFFFFFFFFFFFFFFFFFFFFFFFFFFFFFFFC6
:101A3000FFFFFFFFFFFFFFFFFFFFFFFFFFFF38FE7E
:101A4000699B2449002000000000000000002421C0
:101A50004D22D86CFFC7FFFFFFFFFFFFFFFFFFFF17
:101A6000FFFFFFFFFFFFFFFF409A000000000000A4
:101A70000000000000000000000000000000000066
:101A80000000000000000000000000000000000056
:101A90000000000000000000000000000000000046
:101AA0000000000000000000000000000000000036
:101AB0000000000000000000000000000000000026
:101AC0000000000000000000000000000000000016
:101AD00000000000000000005302FFFFFFFFFFFFB7
:101AE000FFFFFFFFFFFFFFFFFFFFFFFFFFFFFFFF06
:101AF000F3FF0048000000000000000000000000AC
:101B0000000000000000000000002901D86CFFFF69
:101B1000FFFFFFFFFFFFFFFFFFFFFFFFFFFFFFFFD5
:101B2000FFFFFFFFFFFFFFFFFFFF64C30000000098
:101B300000000000000000000000000000000000A5
:101B4000000000005302FFFFFFFFFFFFFFFFFFFF4A
:101B5000FFFFFFFFFFFFFFFFFFFFFFFFF8FF206911
:101B60000000000000000000000000000000000075
:101B70000000000000000000000000000000000065
:101B80000000000000000000000000000000000055
:101B90000000000000000000000004003F6EFFFF96
:101BA000FFFFFFFFFFFFFFFFFFFFFFFFFFFFFFFF45
:101BB000FFFFFFFFFFFFFFFFFFFFFFFF33C62049CF
:101BC0000000000000000000000000000000000015
:101BD00000000000000000002921389EFFFFFFFFE9
:101BE000FFFFFFFFFFFFFFFFFFFF409A0000000025
:101BF00000000000000000000000000000000000E5
:101C000000000000000000000000000000000000D4
:101C100000000000000000000000000000000000C4
:101C200000000000000000000000000000000000B4
:101C300000000000000000000000000000000000A4
:101C40000000000000000000000000000000000094
:101C5000000000000000000000005302FFFFFFFF33
:101C6000FFFFFFFFFFFFFFFFFFFFFFFFFFFFFFFF84
:101C7000FFFFF3FF0048000000000000000000002C
:101C80000000000000000000000000000000000054
:101C90007823FFFFFFFFFFFFFFFFFFFFFFFFFFFFB7
:101CA000FFFFFFFFFFFFFFFFFFFFFFFF2DFE0020F5
:101CB0000000000000000000000000000000000024
:101CC0000000000000005302FFFFFFFFFFFFFFFFC7
:101CD000FFFFFFFFFFFFFFFFFFFFFFFFFFFFF8FF1B
:101CE000206900000000000000000000000000006B
:101CF00000000000000000000000000000000000E4
:101D000000000000000000000000000000000000D3
:101D10000000000000000000000000007823FFFF2A
:101D2000FFFFFFFFFFFFFFFFFFFFFFFFFFFFFFFFC3
:101D3000FFFFFFFFFFFFFFFFFFFFF8FF449A0000D8
:101D40000000000000000000000000000000000093
:101D50000000000000000000000000000000290159
:101D6000D86CFFFFFFFFFFFFFFFFFFFF409A00005F
:101D70000000000000000000000000000000000063
:101D80000000000000000000000000000000000053
:101D90000000000000000000000000000000000043
:101DA0000000000000000000000000000000000033
:101DB0000000000000000000000000000000000023
:101DC0000000000000000000000000000000000013
:101DD0000000000000000000000000005302FFFFB0
:101DE000FFFFFFFFFFFFFFFFFFFFFFFFFFFFFFFF03
:101DF000FFFFFFFFF3FF00480000000000000000AD
:101E000000000000000000000000000000000000D2
:101E100000000000DF4CFFFFFFFFFFFFFFFFFFFFA1
:101E2000FFFFFFFFFFFFFFFFFFFFFFFFFFFFF3FFCE
:101E3000004800000000000000000000000000005A
:101E400000000000000000005302FFFFFFFFFFFF43
:101E5000FFFFFFFFFFFFFFFFFFFFFFFFFFFFFFFF92
:101E6000F8FF2069000000000000000000000000F2
:101E70000000000000000000000000000000000062
:101E80000000000000000000000000000000000052
:101E90000000000000000000000000000900FF9F9B
:101EA000FFFFFFFFFFFFFFFFFFFFFFFFFFFFFFFF42
:101EB000FFFFFFFFFFFFFFFFFFFFF8FF20690000AC
:101EC0000000000000000000000000000000000012
:101ED0000000000000000000000000000000000002
:101EE000000000004D223F9EFFFFFFFFF8FF20692A
:101EF00000000000000000000000000000000000E2
:101F000000000000000000000000000000000000D1
:101F100000000000000000000000000000000000C1
:101F200000000000000000000000000000000000B1
:101F300000000000000000000000000000000000A1
:101F40000000000000000000000000000000000091
:101F5000000000000000000000000000000053022C
:101F6000FFFFFFFFFFFFFFFFFFFFFFFFFFFFFFFF81
:101F7000FFFFFFFFFFFFF3FF00480000000000002D
:101F80000000000000000000000000000000000051
:101F90000000000000002D01FFC7FFFFFFFFFFFF53
:101FA000FFFFFFFFFFFFFFFFFFFFFFFFFFFFFFFF41
:101FB000F8FF2069000000000000000000000000A1
:101FC000000000000000000000005302FFFFFFFFC0
:101FD000FFFFFFFFFFFFFFFFFFFFFFFFFFFFFFFF11
:101FE000FFFFF8FF20690000000000000000000073
:101FF00000000000000000000000000000000000E1
:1020000000000000000000000000000000000000D0
:102010000000000000000000000000000000782325
:10202000FFFFFFFFFFFFFFFFFFFFFFFFFFFFFFFFC0
:10203000FFFFFFFFFFFFFFFFFFFFF8FF206900002A
:102040000000000000000000000000000000000090
:102050000000000000000000000000000000000080
:1020600000000000000000000400D84CFFFFC9C4BD
:102070000000000000000000000000000000000060
:102080000000000000000000000000000000000050
:102090000000000000000000000000000000000040
:1020A0000000000000000000000000000000000030
:1020B0000000000000000000000000000000000020
:1020C0000000000000000000000000000000000010
:1020D0000000000000000000000000000000000000
:1020E0005302FFFFFFFFFFFFFFFFFFFFFFFFFFFFA9
:1020F000FFFFFFFFFFFFFFFFF3FF004800000000AE
:1021000000000000000000000000000000000000CF
:10211000000000000000000004003F6EFFFFFFFF12
:10212000FFFFFFFFFFFFFFFFFFFFFFFFFFFFFFFFBF
:10213000FFFFFFFF409A00000000000000000000C9
:102140000000000000000000000000005302FFFF3C
:10215000FFFFFFFFFFFFFFFFFFFFFFFFFFFFFFFF8F
:10216000FFFFFFFFF8FF20690000000000000000F3
:10217000000000000000000000000000000000005F
:10218000000000000000000000000000000000004F
:102190000000000000000000000000000000090036
:1021A000FF9FFFFFFFFFFFFFFFFFFFFFFFFFFFFF9F
:1021B000FFFFFFFFFFFFFFFFFFFFFFFF409A000051
:1021C000000000000000000000000000000000000F
:1021D00000000000000000000000000000000000FF
:1021E00000000000000000000000000000000000EF
:1021F00000000000000000000000000000000000DF
:1022000000000000000000000000000000000000CE
:1022100000000000000000000000000000000000BE
:1022200004004D22D89C3FC6FFFFFFFFFFFFFFFFCA
:1022300038FE33C6699B202100000000000000002A
:10224000000000000000000000000000000000008E
:10225000000000000000000000000000000000007E
:1022600000005302FFFFFFFFFFFFFFFFFFFFFFFF25
:10227000FFFFFFFFFFFFFFFFFFFFF3FF004800002E
:10228000000000000000000000000000000000004E
:102290000000000000000000000000007823FFFFA5
:1022A000FFFFFFFFFFFFFFFFFFFFFFFFFFFFFFFF3E
:1022B000FFFFFFFFFFFF64C30000000000000000FD
:1022C00000000000000000000000000000005302B9
:1022D000FFFFFFFFFFFFFFFFFFFFFFFFFFFFFFFF0E
:1022E000FFFFFFFFFFFFF8FF206900000000000074
:1022F00000000000000000000000000000000000DE
:1023000000000000000000000000000000000000CD
:1023100000000000000000000000000000000000BD
:102320007823FFFFFFFFFFFFFFFFFFFFFFFFFFFF20
:10233000FFFFFFFFFFFFFFFFFFFFFFFFC9FC0000E4
:10234000000000000000000000000000000000008D
:10235000000000000000000000000000000000007D
:10236000000000000000000000000000000000006D
:102370000000000000000000000000002901D86CEF
:102380003FC6FFFFFFFFFFFFFFFFF8FF33C6446AB2
:102390000000000000000000000000000000290113
:1023A000389EFFFFFFFFFFFFFFFFFFFFFFFFFFFF65
:1023B000FFFFFFFFFFFFFFFFFFFF38FE449A000013
:1023C000000000000000000000000000000000000D
:1023D00000000000000000000000000000000000FD
:1023E000000000005302FFFFFFFFFFFFFFFFFFFFA2
:1023F000FFFFFFFFFFFFFFFFFFFFFFFFF3FF0048AF
:1024000000000000000000000000000000000000CC
:102410000000000000000000000000000000530267
:10242000FFFFFFFFFFFFFFFFFFFFFFFFFFFFFFFFBC
:10243000FFFFFFFFFFFFFFFF64C30000000000007D
:10244000000000000000000000000000000000008C
:102450005302FFFFFFFFFFFFFFFFFFFFFFFFFFFF35
:10246000FFFFFFFFFFFFFFFFF8FF206900000000F4
:10247000000000000000000000000000000000005C
:10248000000000000000000000000000000000004C
:10249000000000000000000000000000000000003C
:1024A00004003F6EFFFFFFFFFFFFFFFFFFFFFFFF87
:1024B000FFFFFFFFFFFFFFFFFFFFFFFFF3FF0048EE
:1024C000000000000000000000000000000000000C
:1024D00000000000000000000000000000000000FC
:1024E00000000000000000000000000000000000EC
:1024F00000000000000000000000000004003F6E2B
:10250000FFFFFFFFFFFFFFFFFFFFFFFFFFFFFFFFDB
:10251000F8FF206900000000000000002901D86CCD
:10252000FFFFFFFFFFFFFFFFFFFFFFFFFFFFFFFFBB
:10253000FFFFFFFFFFFFFFFFFFFFFFFFFFFFFFFFAB
:1025400033FE2049000000000000000000000000F1
:10255000000000000000000000000000000000007B
:102560000000000000005302FFFFFFFFFFFFFFFF1E
:10257000FFFFFFFFFFFFFFFFFFFFFFFFFFFFF3FF77
:102580000048000000000000000000000000000003
:10259000000000000000000000000000000000003B
:1025A0005302FFFFFFFFFFFFFFFFFFFFFFFFFFFFE4
:1025B000FFFFFFFFFFFFFFFFFFFF64C300000000FE
:1025C000000000000000000000000000000000000B
:1025D00000005302FFFFFFFFFFFFFFFFFFFFFFFFB2
:1025E000FFFFFFFFFFFFFFFFFFFFF8FF2069000075
:1025F00000000000000000000000000000000000DB
:1026000000000000000000000000000000000000CA
:1026100000000000000000000000000000000000BA
:1026200000002D01FFC7FFFFFFFFFFFFFFFFFFFFC0
:10263000FFFFFFFFFFFFFFFFFFFFFFFFFFFF64C381
:10264000000000000000000000000000000000008A
:10265000000000000000000000000000000000007A
:10266000000000000000000000000000000000006A
:102670000000000000000000000000000000090051
:10268000FF9FFFFFFFFFFFFFFFFFFFFFFFFFFFFFBA
:10269000FFFFF8FF20690000000000005322FFC781
:1026A000FFFFFFFFFFFFFFFFFFFFFFFFFFFFFFFF3A
:1026B000FFFFFFFFFFFFFFFFFFFFFFFFFFFFFFFF2A
:1026C000FFFFFFFFF8FF409A00000000000000003D
:1026D00000000000000000000000000000000000FA
:1026E00000000000000000005302FFFFFFFFFFFF9B
:1026F000FFFFFFFFFFFFFFFFFFFFFFFFFFFFFFFFEA
:10270000F3FF00480000000000000000000000008F
:1027100000000000000000000000000000000000B9
:1027200000005302FFFFFFFFFFFFFFFFFFFFFFFF60
:10273000FFFFFFFFFFFFFFFFFFFFFFFF409A0000CB
:102740000000000000000000000000000000000089
:10275000000000005302FFFFFFFFFFFFFFFFFFFF2E
:10276000FFFFFFFFFFFFFFFFFFFFFFFFF8FF2069F5
:102770000000000000000000000000000000000059
:102780000000000000000000000000000000000049
:102790000000000000000000000000000000000039
:1027A000000000007823FFFFFFFFFFFFFFFFFFFF98
:1027B000FFFFFFFFFFFFFFFFFFFFFFFFFFFFF8FF30
:1027C0002069000000000000000000000000000080
:1027D00000000000000000000000000000000000F9
:1027E00000000000000000000000000000000000E9
:1027F00000000000000000000000000000000000D9
:102800000900FF9FFFFFFFFFFFFFFFFFFFFFFFFF2D
:10281000FFFFFFFFF8FF206900000000D84CFFFF1A
:10282000FFFFFFFFFFFFFFFFFFFFFFFFFFFFFFFFB8
:10283000FFFFFFFFFFFFFFFFFFFFFFFFFFFFFFFFA8
:10284000FFFFFFFFFFFFFFFFF8FF409A00000000BF
:102850000000000000000000000000000000000078
:10286000000000000000000000005302FFFFFFFF17
:10287000FFFFFFFFFFFFFFFFFFFFFFFFFFFFFFFF68
:10288000FFFFF3FF00480000000000000000000010
:102890000000000000000000000000000000000038
:1028A000000000005302FFFFFFFFFFFFFFFFFFFFDD
:1028B000FFFFFFFFFFFFFFFFFFFFFFFFFFFF409A4C
:1028C0000000000000000000000000000000000008
:1028D0000000000000005302FFFFFFFFFFFFFFFFAB
:1028E000FFFFFFFFFFFFFFFFFFFFFFFFFFFFF8FFFF
:1028F000206900000000000000000000000000004F
:1029000000000000000000000000000000000000C7
:1029100000000000000000000000000000000000B7
:102920000000000004003F6EFFFFFFFFFFFFFFFFFE
:10293000FFFFFFFFFFFFFFFFFFFFFFFFFFFFFFFFA7
:10294000C9FC0000000000000000000000000000C2
:102950000000000000000000000000000000000077
:102960000000000000000000000000000000000067
:102970000000000000000000000000000000000057
:1029800000000900FF9FFFFFFFFFFFFFFFFFFFFFAA
:10299000FFFFFFFFFFFFF8FF206904003F6EFFFF0E
:1029A000FFFFFFFFFFFFFFFFFFFFFFFFFFFFFFFF37
:1029B000FFFFFFFFFFFFFFFFFFFFFFFFFFFFFFFF27
:1029C000FFFFFFFFFFFFFFFFFFFFFFFFF3FF0048D9
:1029D00000000000000000000000000000000000F7
:1029E0000000000000000000000000005302FFFF94
:1029F000FFFFFFFFFFFFFFFFFFFFFFFFFFFFFFFFE7
:102A0000FFFFFFFFF3FF0048000000000000000090
:102A100000000000000000000000000000000000B6
:102A2000000000000000DF4CFFFFFFFFFFFFFFFF83
:102A3000FFFFFFFFFFFFFFFFFFFFFFFFFFFFF8FFAD
:102A400020690000000000000000000000000000FD
:102A500000000000000000005302FFFFFFFFFFFF27
:102A6000FFFFFFFFFFFFFFFFFFFFFFFFFFFFFFFF76
:102A7000F8FF2069000000000000000000000000D6
:102A80000000000000000000000000000000000046
:102A90000000000000000000000000000000000036
:102AA0000000000000002D01FFC7FFFFFFFFFFFF38
:102AB000FFFFFFFFFFFFFFFFFFFFFFFFFFFFFFFF26
:102AC000FFFF409A0000000000000000000000002E
:102AD00000000000000000000000000000000000F6
:102AE00000000000000000000000000000000000E6
:102AF00000000000000000000000000000000000D6
:102B0000000000000900FF9FFFFFFFFFFFFFFFFF26
:102B1000FFFFFFFFFFFFFFFFF8FF24693F6EFFFF8E
:102B2000FFFFFFFFFFFFFFFFFFFFFFFFFFFFFFFFB5
:102B3000FFFFFFFFFFFFFFFFFFFFFFFFFFFFFFFFA5
:102B4000FFFFFFFFFFFFFFFFFFFFFFFFFFFFFFFF95
:102B5000C9FC0000000000000000000000000000B0
:102B60000000000000000000000000000000530210
:102B7000FFFFFFFFFFFFFFFFFFFFFFFFFFFFFFFF65
:102B8000FFFFFFFFFFFFF3FF004800000000000011
:102B90000000000000000000000000000000000035
:102BA00000000000000004003F6EFFFFFFFFFFFF7A
:102BB000FFFFFFFFFFFFFFFFFFFFFFFFFFFFFFFF25
:102BC000F3FF0048000000000000000000000000CB
:102BD000000000000000000000005302FFFFFFFFA4
:102BE000FFFFFFFFFFFFFFFFFFFFFFFFFFFFFFFFF5
:102BF000FFFFF8FF20690000000000000000000057
:102C000000000000000000000000000000000000C4
:102C100000000000000000000000000000000000B4
:102C200000000000000000005302FFFFFFFFFFFF55
:102C3000FFFFFFFFFFFFFFFFFFFFFFFFFFFFFFFFA4
:102C4000FFFFF8FF20690000000000000000000006
:102C50000000000000000000000000000000000074
:102C60000000000000000000000000000000000064
:102C70000000000000000000000000000000000054
:102C80000000000000000900FF9FFFFFFFFFFFFFA3
:102C9000FFFFFFFFFFFFFFFFFFFFFFFF3FC6FFFF3D
:102CA000FFFFFFFFFFFFFFFFFFFFFFFFFFFFFFFF34
:102CB000FFFFFFFFFFFFFFFFFFFFFFFFFFFFFFFF24
:102CC000FFFFFFFFFFFFFFFFFFFFFFFFFFFFFFFF14
:102CD000FFFFF8FF20690000000000000000000076
:102CE00000000000000000000000000000000000E4
:102CF0005302FFFFFFFFFFFFFFFFFFFFFFFFFFFF8D
:102D0000FFFFFFFFFFFFFFFFF3FF00480000000091
:102D100000000000000000000000000000000000B3
:102D200000000000000000005302FFFFFFFFFFFF54
:102D3000FFFFFFFFFFFFFFFFFFFFFFFFFFFFFFFFA3
:102D4000FFFFC9FC000000000000000000000000C0
:102D50000000000000000000000000005302FFFF20
:102D6000FFFFFFFFFFFFFFFFFFFFFFFFFFFFFFFF73
:102D7000FFFFFFFFF8FF20690000000000000000D7
:102D80000000000000000000000000000000000043
:102D90000000000000000000000000000000000033
:102DA000000000000000000000007823FFFFFFFF8C
:102DB000FFFFFFFFFFFFFFFFFFFFFFFFFFFFFFFF23
:102DC000FFFFFFFF2DFE00200000000000000000BC
:102DD00000000000000000000000000000000000F3
:102DE00000000000000000000000000000000000E3
:102DF00000000000000000000000000000000000D3
:102E000000000000000000000900FF9FFFFFFFFF1F
:102E1000FFFFFFFFFFFFFFFFFFFFFFFFFFFFFFFFC2
:102E2000FFFFFFFFFFFFFFFFFFFFFFFFFFFFFFFFB2
:102E3000FFFFFFFFFFFFFFFFFFFFFFFFFFFFFFFFA2
:102E4000FFFFFFFFFFFFFFFFFFFFFFFFFFFFFFFF92
:102E5000FFFFFFFFFFFFC9FC0000000000000000B3
:102E60000000000000000000000000000000000062
:102E700000005302FFFFFFFFFFFFFFFFFFFFFFFF09
:102E8000FFFFFFFFFFFFFFFFFFFFF3FF0048000012
:102E90000000000000000000000000000000000032
:102EA00000000000000000000900FF9FFFFFFFFF7F
:102EB000FFFFFFFFFFFFFFFFFFFFFFFFFFFFFFFF22
:102EC000FFFFFFFF409A000000000000000000002C
:102ED000000000000000000000000000000053029D
:102EE000FFFFFFFFFFFFFFFFFFFFFFFFFFFFFFFFF2
:102EF000FFFFFFFFFFFFF8FF206900000000000058
:102F000000000000000000000000000000000000C1
:102F100000000000000000000000000000000000B1
:102F2000000000000000000000000000DF4CFFFF78
:102F3000FFFFFFFFFFFFFFFFFFFFFFFFFFFFFFFFA1
:102F4000FFFFFFFFFFFFC9FC0000000000000000C2
:102F50000000000000000000000000000000000071
:102F60000000000000000000000000000000000061
:102F70000000000000000000000000000000000051
:102F8000000000000000000000000900FF9FFFFF9C
:102F9000FFFFFFFFFFFFFFFFFFFFFFFFFFFFFFFF41
:102FA000FFFFFFFFFFFFFFFFFFFFFFFFFFFFFFFF31
:102FB000FFFFFFFFFFFFFFFFFFFFFFFFFFFFFFFF21
:102FC000FFFFFFFFFFFFFFFFFFFFFFFFFFFFFFFF11
:102FD000FFFFFFFFFFFFFFFFF3FF004800000000BF
:102FE00000000000000000000000000000000000E1
:102FF000000000005302FFFFFFFFFFFFFFFFFFFF86
:10300000FFFFFFFFFFFFFFFFFFFFFFFFF3FF004892
:1030100000000000000000000000000000000000B0
:10302000000000000000000029013F9EFFFFFFFF9D
:10303000FFFFFFFFFFFFFFFFFFFFFFFFFFFFFFFFA0
:10304000FFFFFFFF2DFE0020000000000000000039
:103050000000000000000000000000000000000070
:103060005302FFFFFFFFFFFFFFFFFFFFFFFFFFFF19
:10307000FFFFFFFFFFFFFFFFF8FF206900000000D8
:103080000000000000000000000000000000000040
:103090000000000000000000000000000000000030
:1030A00000000000000000000000000004003F6E6F
:1030B000FFFFFFFFFFFFFFFFFFFFFFFFFFFFFFFF20
:1030C000FFFFFFFFFFFFFFFF64C3000000000000E1
:1030D00000000000000000000000000000000000F0
:1030E00000000000000000000000000000000000E0
:1030F00000000000000000000000000000000000D0
:103100000000000000000000000000000900FF9F18
:10311000FFFFFFFFFFFFFFFFFFFFFFFFFFFFFFFFBF
:10312000FFFFFFFFFFFFFFFFFFFFFFFFFFFFFFFFAF
:10313000FFFFCDC424490000000000002921D86C05
:10314000FFFFFFFFFFFFFFFFFFFFFFFFFFFFFFFF8F
:10315000FFFFFFFFFFFFFFFFFFFFFFFF409A0000A1
:10316000000000000000000000000000000000005F
:103170000000000000005302FFFFFFFFFFFFFFFF02
:10318000FFFFFFFFFFFFFFFFFFFFFFFFFFFFF3FF5B
:1031900000480000000000000000000000000000E7
:1031A00000000000000000005322FFC7FFFFFFFFE8
:1031B000FFFFFFFFFFFFFFFFFFFFFFFFFFFFFFFF1F
:1031C000FFFFFFFFFFFF409A00000000000000002B
:1031D00000000000000000000000000000000000EF
:1031E00000005302FFFFFFFFFFFFFFFFFFFFFFFF96
:1031F000FFFFFFFFFFFFFFFFFFFFF8FF2069000059
:1032000000000000000000000000000000000000BE
:1032100000000000000000000000000000000000AE
:103220000000000000000000000000000000090095
:10323000FF9FFFFFFFFFFFFFFFFFFFFFFFFFFFFFFE
:10324000FFFFFFFFFFFFFFFFFFFF409A00000000AE
:10325000000000000000000000000000000000006E
:10326000000000000000000000000000000000005E
:10327000000000000000000000000000000000004E
:103280000000000000000000000000000000090035
:10329000FF9FFFFFFFFFFFFFFFFFFFFFFFFFFFFF9E
:1032A000FFFFFFFFFFFFFFFFFFFFFFFFFFFFFFFF2E
:1032B0002DFE20490000000000000000000000007A
:1032C00000004D22FFC7FFFFFFFFFFFFFFFFFFFFD3
:1032D000FFFFFFFFFFFFFFFFFFFFFFFFFFFFC9FC37
:1032E00000000000000000000000000000000000DE
:1032F00000000000000000005302FFFFFFFFFFFF7F
:10330000FFFFFFFFFFFFFFFFFFFFFFFFFFFFFFFFCD
:10331000F3FF004800000000000000000000000073
:10332000000024012921736BFFC7FFFFFFFFFFFF90
:10333000FFFFFFFFFFFFFFFFFFFFFFFFFFFFFFFF9D
:10334000FFFFFFFFFFFFC9FC0000000000000000BE
:10335000000000000000000000000000000000006D
:10336000000000005302FFFFFFFFFFFFFFFFFFFF12
:10337000FFFFFFFFFFFFFFFFFFFFFFFFF8FF2069D9
:10338000000000000000000000000000000000003D
:10339000000000000000000000000000000000002D
:1033A000000000000000000000000000000000001D
:1033B0000900FF9FFFFFFFFFFFFFFFFFFFFFFFFF72
:1033C000FFFFFFFFFFFFFFFFFFFFF8FF2069000087
:1033D00000000000000000000000000000000000ED
:1033E00000000000000000000000000000000000DD
:1033F00000000000000000000000000000000000CD
:1034000000000000000000000000000000000000BC
:103410000900FF9FFFFFFFFFFFFFFFFFFFFFFFFF11
:10342000FFFFFFFFFFFFFFFFFFFFFFFFFFFFFFFFAC
:10343000C9C40020000000000000000000000000DF
:103440000000000000005302FFFFFFFFFFFFFFFF2F
:10345000FFFFFFFFFFFFFFFFFFFFFFFFFFFFFFFF7C
:103460002DFE002000000000000000000000000011
:10347000000000000000000000005302FFFFFFFFFB
:10348000FFFFFFFFFFFFFFFFFFFFFFFFFFFFFFFF4C
:10349000FFFFFFFFFFFFFFFFFFFFFFFFFFFFFFFF3C
:1034A000FFFFFFFFFFFFFFFFFFFFFFFFFFFFFFFF2C
:1034B000FFFFFFFFFFFFFFFFFFFFFFFFFFFFFFFF1C
:1034C000FFFFFFFFFFFF2DFE0020000000000000B7
:1034D00000000000000000000000000000000000EC
:1034E0000000000000005302FFFFFFFFFFFFFFFF8F
:1034F000FFFFFFFFFFFFFFFFFFFFFFFFFFFFF8FFE3
:103500002069000000000000000000000000000032
:1035100000000000000000000000000000000000AB
:10352000000000000000000000000000000000009B
:1035300000002D01FFC7FFFFFFFFFFFFFFFFFFFFA1
:10354000FFFFFFFFFFFFFFFFFFFFFFFFF8FF206907
:10355000000000000000000000000000000000006B
:10356000000000000000000000000000000000005B
:10357000000000000000000000000000000000004B
:10358000000000000000000000000000000000003B
:1035900000000900FF9FFFFFFFFFFFFFFFFFFFFF8E
:1035A000FFFFFFFFFFFFFFFFFFFFFFFFFFFFFFFF2B
:1035B00064C30000000000000000000000000000E4
:1035C00000000000000000000000DF4CFFFFFFFFD4
:1035D000FFFFFFFFFFFFFFFFFFFFFFFFFFFFFFFFFB
:1035E000FFFFF3FF004800000000000000000000A3
:1035F0000000000000000000000000005302FFFF78
:10360000FFFFFFFFFFFFFFFFFFFFFFFFFFFFFFFFCA
:10361000FFFFFFFFFFFFFFFFFFFFFFFFFFFFFFFFBA
:10362000FFFFFFFFFFFFFFFFFFFFFFFFFFFFFFFFAA
:10363000FFFFFFFFFFFFFFFFFFFFFFFFFFFFFFFF9A
:10364000FFFFFFFFFFFF33FE004800000000000007
:10365000000000000000000000000000000000006A
:1036600000000000000000005302FFFFFFFFFFFF0B
:10367000FFFFFFFFFFFFFFFFFFFFFFFFFFFFFFFF5A
:10368000F8FF2069000000000000000000000000BA
:10369000000000000000000000000000000000002A
:1036A000000000000000000000000000000000001A
:1036B000000000002D01FFC7FFFFFFFFFFFFFFFF1E
:1036C000FFFFFFFFFFFFFFFFFFFFFFFFFFFFF3FF16
:1036D00000480000000000000000000000000000A2
:1036E00000000000000000000000000000000000DA
:1036F00000000000000000000000000000000000CA
:1037000000000000000000000000000000000000B9
:10371000000000000900FF9FFFFFFFFFFFFFFFFF0A
:10372000FFFFFFFFFFFFFFFFFFFFFFFFFFFFFFFFA9
:1037300064C3000000000000000000000000000062
:103740000000000000000000000000005302FFFF26
:10375000FFFFFFFFFFFFFFFFFFFFFFFFFFFFFFFF79
:10376000FFFFFFFFF3FF0048000000000000000023
:1037700000000000000000000000000000005302F4
:10378000FFFFFFFFFFFFFFFFFFFFFFFFFFFFFFFF49
:10379000FFFFFFFFFFFFFFFFFFFFFFFFFFFFFFFF39
:1037A000FFFFFFFFFFFFFFFFFFFFFFFFFFFFFFFF29
:1037B000FFFFFFFFFFFFFFFFFFFFFFFFFFFFFFFF19
:1037C000FFFFFFFFFFFF2DFE0020000000000000B4
:1037D00000000000000000000000000000000000E9
:1037E000000000000000000000005302FFFFFFFF88
:1037F000FFFFFFFFFFFFFFFFFFFFFFFFFFFFFFFFD9
:10380000FFFFF8FF2069000000000000000000003A
:1038100000000000000000000000000000000000A8
:103820000000000000000000000000000000000098
:103830000000000000005302FFFFFFFFFFFFFFFF3B
:10384000FFFFFFFFFFFFFFFFFFFFFFFFFFFFFFFF88
:10385000F3FF00480000000000000000000000002E
:103860000000000000000000000000000000000058
:103870000000000000000000000000000000000048
:103880000000000000000000000000000000000038
:103890000000000000000900FF9FFFFFFFFFFFFF87
:1038A000FFFFFFFFFFFFFFFFFFFFFFFFFFFFFFFF28
:1038B000C9FC000000000000000000000000000043
:1038C00000000000000000000000000000000900EF
:1038D000FF9FFFFFFFFFFFFFFFFFFFFFFFFFFFFF58
:1038E000FFFFFFFFFFFFF8FF20690000000000005E
:1038F00000000000000000000000000000000000C8
:103900005302FFFFFFFFFFFFFFFFFFFFFFFFFFFF70
:10391000FFFFFFFFFFFFFFFFFFFFFFFFFFFFFFFFB7
:10392000FFFFFFFFFFFFFFFFFFFFFFFFFFFFFFFFA7
:10393000FFFFFFFFFFFFFFFFFFFFFFFFFFFFFFFF97
:10394000FFFFFFFFF8FF649B000000000000000085
:103950000000000000000000000000000000000067
:103960000000000000000000000000005302FFFF04
:10397000FFFFFFFFFFFFFFFFFFFFFFFFFFFFFFFF57
:10398000FFFFFFFFF8FF20690000000000000000BB
:103990000000000000000000000000000000000027
:1039A0000000000000000000000000000000000017
:1039B00000000000000000005302FFFFFFFFFFFFB8
:1039C000FFFFFFFFFFFFFFFFFFFFFFFFFFFFFFFF07
:1039D000FFFFF3FF004800000000000000000000AF
:1039E00000000000000000000000000000000000D7
:1039F00000000000000000000000000000000000C7
:103A000000000000000000000000000000000000B6
:103A100000000000000000000900FF9FFFFFFFFF03
:103A2000FFFFFFFFFFFFFFFFFFFFFFFFFFFFFFFFA6
:103A30002DFE00200000000000000000000000003B
:103A40000000000000000000000000000000000076
:103A500004003F6EFFFFFFFFFFFFFFFFFFFFFFFFC1
:103A6000FFFFFFFFFFFFFFFFF8FF206900000000DE
:103A70000000000000000000000000000000000046
:103A800000005302FFFFFFFFFFFFFFFFFFFFFFFFED
:103A9000FFFFFFFFFFFFFFFFFFFFFFFFFFFFFFFF36
:103AA000FFFFFFFFFFFFFFFFFFFFFFFFFFFFFFFF26
:103AB000FFFFFFFFFFFFFFFFFFFFFFFFFFFFFFFF16
:103AC000FFFFF8FFC9C40020000000000000000054
:103AD00000000000000000000000000000000000E6
:103AE0000000000000000000000000000000530281
:103AF000FFFFFFFFFFFFFFFFFFFFFFFFFFFFFFFFD6
:103B0000FFFFFFFFFFFFF8FF20690000000000003B
:103B100000000000000000000000000000000000A5
:103B20000000000000000000000000000000000095
:103B3000000000000000000000005302FFFFFFFF34
:103B4000FFFFFFFFFFFFFFFFFFFFFFFFFFFFFFFF85
:103B5000FFFFFFFFF3FF004800000000000000002F
:103B60000000000000000000000000000000000055
:103B70000000000000000000000000000000000045
:103B80000000000000000000000000000000000035
:103B9000000000000000000000000900FF9FFFFF80
:103BA000FFFFFFFFFFFFFFFFFFFFFFFFFFFFFFFF25
:103BB000FFFF2DFE002000000000000000000000BC
:103BC00000000000000000000000000000000000F5
:103BD00000000000DF4CFFFFFFFFFFFFFFFFFFFFC4
:103BE000FFFFFFFFFFFFFFFFFFFFF8FF206900005F
:103BF00000000000000000000000000000000000C5
:103C0000000000005302FFFFFFFFFFFFFFFFFFFF69
:103C1000FFFFFFFFFFFFFFFFFFFFFFFFFFFFFFFFB4
:103C2000FFFFFFFFFFFFFFFFFFFFFFFFFFFFFFFFA4
:103C3000FFFFFFFFFFFFFFFFFFFFFFFFFFFFFFFF94
:103C4000F8FF449A0020000000000000000000007F
:103C50000000000000000000000000000000000064
:103C60000000000000000000000000000000000054
:103C70005302FFFFFFFFFFFFFFFFFFFFFFFFFFFFFD
:103C8000FFFFFFFFFFFFFFFFF8FF206900000000BC
:103C90000000000000000000000000000000000024
:103CA0000000000000000000000000000000000014
:103CB0000000000000000000000000005302FFFFB1
:103CC000FFFFFFFFFFFFFFFFFFFFFFFFFFFFFFFF04
:103CD000FFFFFFFFFFFFF3FF0048000000000000B0
:103CE00000000000000000000000000000000000D4
:103CF00000000000000000000000000000000000C4
:103D000000000000000000000000000000000000B3
:103D10000000000000000000000000000900FF9FFC
:103D2000FFFFFFFFFFFFFFFFFFFFFFFFFFFFFFFFA3
:103D3000FFFFFFFF2DFE002000000000000000003C
:103D40000000000000000000000000000000000073
:103D50000000000000007823FFFFFFFFFFFFFFFFD0
:103D6000FFFFFFFFFFFFFFFFFFFFFFFFF8FF2069DF
:103D70000000000000000000000000000000000043
:103D80000000000000005302FFFFFFFFFFFFFFFFE6
:103D9000FFFFFFFFFFFFFFFFFFFFFFFFFFFFFFFF33
:103DA000FFFFFFFFFFFFFFFFFFFFFFFFFFFFFFFF23
:103DB000FFFFFFFFFFFFFFFFFFFFFFFFFFFFFFFF13
:103DC000FFFFFFFF33FE446A000000000000000018
:103DD00000000000000000000000000000000000E3
:103DE00000000000000000000000000000000000D3
:103DF00000005302FFFFFFFFFFFFFFFFFFFFFFFF7A
:103E0000FFFFFFFFFFFFFFFFFFFFF8FF206900003C
:103E100000000000000000000000000000000000A2
:103E20000000000000000000000000000000000092
:103E300000000000000000000000000000002D0154
:103E4000FFC7FFFFFFFFFFFFFFFFFFFFFFFFFFFFBA
:103E5000FFFFFFFFFFFFFFFFF8FF206900000000EA
:103E60000000000000000000000000000000000052
:103E70000000000000000000000000000000000042
:103E80000000000000000000000000000000000032
:103E90000000000000000000000000000000090019
:103EA000FF9FFFFFFFFFFFFFFFFFFFFFFFFFFFFF82
:103EB000FFFFFFFFFFFF2DFE0020000000000000BD
:103EC00000000000000000000000000000000000F2
:103ED00000000000000000007823FFFFFFFFFFFF4D
:103EE000FFFFFFFFFFFFFFFFFFFFFFFFFFFFFFFFE2
:103EF000409A0000000000000000000000000000E8
:103F000000000000000000005302FFFFFFFFFFFF62
:103F1000FFFFFFFFFFFFFFFFFFFFFFFFFFFFFFFFB1
:103F2000FFFFFFFFFFFFFFFFFFFFFFFFFFFFFFFFA1
:103F3000FFFFFFFFFFFFFFFFFFFFFFFFFFFFFFFF91
:103F4000FFFFFFFFFFFFFFFFFFFF64C30000000054
:103F50000000000000000000000000000000000061
:103F60000000000000000000000000000000000051
:103F7000000000005302FFFFFFFFFFFFFFFFFFFFF6
:103F8000FFFFFFFFFFFFFFFFFFFFFFFFF8FF2069BD
:103F90000000000000000000000000000000000021
:103FA0000000000000000000000000000000000011
:103FB0000000000000000000000000000000000001
:103FC0002D01FFC7FFFFFFFFFFFFFFFFFFFFFFFF09
:103FD000FFFFFFFFFFFFFFFFFFFFF8FF206900006B
:103FE00000000000000000000000000000000000D1
:103FF00000000000000000000000000000000000C1
:1040000000000000000000000000000000000000B0
:1040100000000000000000000000000000000000A0
:104020000900FF9FFFFFFFFFFFFFFFFFFFFFFFFFF5
:10403000FFFFFFFFFFFFFFFF2DFE0020000000003D
:104040000000000000000000000000000000000070
:10405000000000000000000000007823FFFFFFFFC9
:10406000FFFFFFFFFFFFFFFFFFFFFFFFFFFFFFFF60
:10407000FFFF409A00000000000000000000000068
:10408000000000000000000000005302FFFFFFFFDF
:10409000FFFFFFFFFFFFFFFFFFFFFFFFFFFFFFFF30
:1040A000FFFFFFFFFFFFFFFFFFFFFFFFFFFFFFFF20
:1040B000FFFFFFFFFFFFFFFFFFFFFFFFFFFFFFFF10
:1040C000FFFFFFFFFFFFFFFFFFFFFFFFFFFFC9C471
:1040D00000000000000000000000000000000000E0
:1040E00000000000000000000000000000000000D0
:1040F0000000000000005302FFFFFFFFFFFFFFFF73
:10410000FFFFFFFFFFFFFFFFFFFFFFFFFFFFF8FFC6
:104110002069000000000000000000000000000016
:10412000000000000000000000000000000000008F
:10413000000000000000000000000000000000007F
:1041400000002D01FFC7FFFFFFFFFFFFFFFFFFFF85
:10415000FFFFFFFFFFFFFFFFFFFFFFFFFFFF409A93
:10416000000000000000000000000000000000004F
:10417000000000000000000000000000000000003F
:10418000000000000000000000000000000000002F
:10419000000000000000000000000000000000001F
:1041A00000000900FF9FFFFFFFFFFFFFFFFFFFFF72
:1041B000FFFFFFFFFFFFFFFFFFFF2DFE00200000BE
:1041C00000000000000000000000000000000000EF
:1041D0000000000000000000000000007823FFFF46
:1041E000FFFFFFFFFFFFFFFFFFFFFFFFFFFFFFFFDF
:1041F000FFFFFFFF409A00000000000000000000E9
:104200000000000000000000000000005302FFFF5B
:10421000FFFFFFFFFFFFFFFFFFFFFFFFFFFFFFFFAE
:10422000FFFFFFFFF3FF0048000000000000000058
:1042300004004D22389EFFFFFFFFFFFFFFFFFFFF3F
:10424000FFFFFFFFFFFFFFFFFFFFFFFFFFFFFFFF7E
:10425000FFFF64C300000000000000000000000039
:10426000000000000000000000000000000000004E
:1042700000000000000000005302FFFFFFFFFFFFEF
:10428000FFFFFFFFFFFFFFFFFFFFFFFFFFFFFFFF3E
:10429000F8FF20690000000000000000000000009E
:1042A000000000000000000000000000000000000E
:1042B00000000000000000000000000000000000FE
:1042C000000000000900FF9FFFFFFFFFFFFFFFFF4F
:1042D000FFFFFFFFFFFFFFFFFFFFFFFFFFFFFFFFEE
:1042E000409A0000000000000000000000000000F4
:1042F00000000000000000000000000000000000BE
:1043000000000000000000000000000000000000AD
:10431000000000000000000000000000000000009D
:10432000000000000900FF9FFFFFFFFFFFFFFFFFEE
:10433000FFFFFFFFFFFFFFFFFFFFFFFF2DFE00203E
:10434000000000000000000000000000000000006D
:1043500000000000000000000000000000007823C2
:10436000FFFFFFFFFFFFFFFFFFFFFFFFFFFFFFFF5D
:10437000FFFFFFFFFFFF409A000000000000000069
:1043800000000000000000000000000000005302D8
:10439000FFFFFFFFFFFFFFFFFFFFFFFFFFFFFFFF2D
:1043A000FFFFFFFFFFFFF3FF0048000000000000D9
:1043B00000000000000000004D22FFC7FFFFFFFFCC
:1043C000FFFFFFFFFFFFFFFFFFFFFFFFFFFFFFFFFD
:1043D000FFFFFFFFF8FF2069000000000000000061
:1043E00000000000000000000000000000000000CD
:1043F000000000000000000000005302FFFFFFFF6C
:10440000FFFFFFFFFFFFFFFFFFFFFFFFFFFFFFFFBC
:10441000FFFFF8FF2069000000000000000000001E
:10442000000000000000000000000000000000008C
:10443000000000000000000000000000000000007C
:104440000000000000000900FF9FFFFFFFFFFFFFCB
:10445000FFFFFFFFFFFFFFFFFFFFFFFFFFFFFFFF6C
:10446000FFFF64C300000000000000000000000027
:10447000000000000000000000000000000000003C
:10448000000000000000000000000000000000002C
:10449000000000000000000000000000000000001C
:1044A0000000000000000900FF9FFFFFFFFFFFFF6B
:1044B000FFFFFFFFFFFFFFFFFFFFFFFFFFFF2DFEDF
:1044C00000200000000000000000000000000000CC
:1044D00000000000000000000000000000000000DC
:1044E0007823FFFFFFFFFFFFFFFFFFFFFFFFFFFF3F
:1044F000FFFFFFFFFFFFFFFF409A000000000000EA
:1045000000000000000000000000000000000000AB
:104510005302FFFFFFFFFFFFFFFFFFFFFFFFFFFF54
:10452000FFFFFFFFFFFFFFFFF3FF00480000000059
:104530000000000000000000000000002901FF9FB3
:10454000FFFFFFFFFFFFFFFFFFFFFFFFFFFFFFFF7B
:10455000FFFFFFFFFFFFFFFF2DFE00200000000018
:10456000000000000000000000000000000000004B
:104570000000000000000000000000005302FFFFE8
:10458000FFFFFFFFFFFFFFFFFFFFFFFFFFFFFFFF3B
:10459000FFFFFFFFF8FF206900000000000000009F
:1045A000000000000000000000000000000000000B
:1045B00000000000000000000000000000000000FB
:1045C000000000000000000004003F6EFFFFFFFF3E
:1045D000FFFFFFFFFFFFFFFFFFFFFFFFFFFFFFFFEB
:1045E000FFFFFFFFC9FC000000000000000000000A
:1045F00000000000000000000000000000000000BB
:1046000000000000000000000000000000000000AA
:10461000000000000000000000000000000000009A
:1046200000000000000000000900FF9FFFFFFFFFE7
:10463000FFFFFFFFFFFFFFFFFFFFFFFFFFFFFFFF8A
:104640002DFE00200000000000000000000000001F
:10465000000000000000000000000000000000005A
:1046600000007823FFFFFFFFFFFFFFFFFFFFFFFFBB
:10467000FFFFFFFFFFFFFFFFFFFF409A000000006A
:10468000000000000000000000000000000000002A
:1046900000005302FFFFFFFFFFFFFFFFFFFFFFFFD1
:1046A000FFFFFFFFFFFFFFFFFFFFF3FF00480000DA
:1046B00000000000000000000000000000000000FA
:1046C0002D01FFC7FFFFFFFFFFFFFFFFFFFFFFFF02
:1046D000FFFFFFFFFFFFFFFFFFFFFFFF64C30000BF
:1046E00000000000000000000000000000000000CA
:1046F0000000000000000000000000000000530265
:10470000FFFFFFFFFFFFFFFFFFFFFFFFFFFFFFFFB9
:10471000FFFFFFFFFFFFF8FF20690000000000001F
:104720000000000000000000000000000000000089
:104730000000000000000000000000000000000079
:10474000000000000000000000000000DF4CFFFF40
:10475000FFFFFFFFFFFFFFFFFFFFFFFFFFFFFFFF69
:10476000FFFFFFFFFFFFF3FF004800000000000015
:104770000000000000000000000000000000000039
:104780000000000000000000000000000000000029
:104790000000000000000000000000000000000019
:1047A000000000000000000000000900FF9FFFFF64
:1047B000FFFFFFFFFFFFFFFFFFFFFFFFFFFFFFFF09
:1047C000FFFF2DFE002000000000000000000000A0
:1047D00000000000000000000000000000000000D9
:1047E000000000007823FFFFFFFFFFFFFFFFFFFF38
:1047F000FFFFFFFFFFFFFFFFFFFFFFFF409A0000EB
:1048000000000000000000000000000000000000A8
:10481000000000005302FFFFFFFFFFFFFFFFFFFF4D
:10482000FFFFFFFFFFFFFFFFFFFFFFFFF3FF00485A
:104830000000000000000000000000000000000078
:10484000000000007823FFFFFFFFFFFFFFFFFFFFD7
:10485000FFFFFFFFFFFFFFFFFFFFFFFFFFFFF3FF74
:104860000048000000000000000000000000000000
:104870000000000000000000000000000000000038
:104880005302FFFFFFFFFFFFFFFFFFFFFFFFFFFFE1
:10489000FFFFFFFFFFFFFFFFF8FF206900000000A0
:1048A0000000000000000000000000000000000008
:1048B00000000000000000000000000000000000F8
:1048C000000000000000000000000000000078234D
:1048D000FFFFFFFFFFFFFFFFFFFFFFFFFFFFFFFFE8
:1048E000FFFFFFFFFFFFFFFFF8FF20690000000050
:1048F00000000000000000000000000000000000B8
:1049000000000000000000000000000000000000A7
:104910000000000000000000000000000000000097
:104920000000000000000000000000000900FF9FE0
:10493000FFFFFFFFFFFFFFFFFFFFFFFFFFFFFFFF87
:10494000FFFFFFFF2DFE0020000000000000000020
:104950000000000000000000000000000000000057
:104960000000000000007823FFFFFFFFFFFFFFFFB4
:10497000FFFFFFFFFFFFFFFFFFFFFFFFFFFF409A6B
:104980000000000000000000000000000000000027
:104990000000000000005302FFFFFFFFFFFFFFFFCA
:1049A000FFFFFFFFFFFFFFFFFFFFFFFFFFFFF3FF23
:1049B00000480000000000000000000000000000AF
:1049C0000000000000000900FF9FFFFFFFFFFFFF46
:1049D000FFFFFFFFFFFFFFFFFFFFFFFFFFFFFFFFE7
:1049E000FFFF64C3000000000000000000000000A2
:1049F00000000000000000000000000000000000B7
:104A000000005302FFFFFFFFFFFFFFFFFFFFFFFF5D
:104A1000FFFFFFFFFFFFFFFFFFFFF8FF2069000020
:104A20000000000000000000000000000000000086
:104A30000000000000000000000000000000000076
:104A40000000000000000000000000000000000066
:104A50005302FFFFFFFFFFFFFFFFFFFFFFFFFFFF0F
:104A6000FFFFFFFFFFFFFFFFFFFFFFFF64C300002B
:104A70000000000000000000000000000000000036
:104A80000000000000000000000000000000000026
:104A90000000000000000000000000000000000016
:104AA00000000000000000000000000000000900FD
:104AB000FF9FFFFFFFFFFFFFFFFFFFFFFFFFFFFF66
:104AC000FFFFFFFFFFFF2DFE0020000000000000A1
:104AD00000000000000000000000000000000000D6
:104AE00000000000000000007823FFFFFFFFFFFF31
:104AF000FFFFFFFFFFFFFFFFFFFFFFFFFFFFFFFFC6
:104B0000409A0000000000000000000000000000CB
:104B100000000000000000005302FFFFFFFFFFFF46
:104B2000FFFFFFFFFFFFFFFFFFFFFFFFFFFFFFFF95
:104B3000F3FF00480000000000000000000000003B
:104B4000000000000000000000007823FFFFFFFFCE
:104B5000FFFFFFFFFFFFFFFFFFFFFFFFFFFFFFFF65
:104B6000FFFFFFFFF3FF004800000000000000000F
:104B70000000000000000000000000000000000035
:104B8000000000005302FFFFFFFFFFFFFFFFFFFFDA
:104B9000FFFFFFFFFFFFFFFFFFFFFFFFF8FF2069A1
:104BA0000000000000000000000000000000000005
:104BB00000000000000000000000000000000000F5
:104BC00000000000000000000000000000000000E5
:104BD00000000900FF9FFFFFFFFFFFFFFFFFFFFF38
:104BE000FFFFFFFFFFFFFFFFFFFFFFFFFFFF2DFEA8
:104BF0000020000000000000000000000000000095
:104C000000000000000000000000000000000000A4
:104C10000000000000000000000000000000000094
:104C20000000000000000000000000000000000084
:104C30000900FF9FFFFFFFFFFFFFFFFFFFFFFFFFD9
:104C4000FFFFFFFFFFFFFFFF2DFE00200000000021
:104C50000000000000000000000000000000000054
:104C6000000000000000000000007823FFFFFFFFAD
:104C7000FFFFFFFFFFFFFFFFFFFFFFFFFFFFFFFF44
:104C8000FFFF409A0000000000000000000000004C
:104C9000000000000000000000005302FFFFFFFFC3
:104CA000FFFFFFFFFFFFFFFFFFFFFFFFFFFFFFFF14
:104CB000FFFFF3FF004800000000000000000000BC
:104CC0000000000000000000000000000900FF9F3D
:104CD000FFFFFFFFFFFFFFFFFFFFFFFFFFFFFFFFE4
:104CE000FFFFFFFFFFFFFFFF409A000000000000F2
:104CF00000000000000000000000000000000000B4
:104D00000000000000005302FFFFFFFFFFFFFFFF56
:104D1000FFFFFFFFFFFFFFFFFFFFFFFFFFFFF8FFAA
:104D200020690000000000000000000000000000FA
:104D30000000000000000000000000000000000073
:104D40000000000000000000000000000000000063
:104D50000000000004003F6EFFFFFFFFFFFFFFFFAA
:104D6000FFFFFFFFFFFFFFFFFFFFFFFFFFFFFFFF53
:104D7000FFFF409A0000000000000000000000005B
:104D80000000000000000000000000000000000023
:104D90000000000000000000000000000000000013
:104DA0000000000000000000000000000000000003
:104DB00000000900FF9FFFFFFFFFFFFFFFFFFFFF56
:104DC000FFFFFFFFFFFFFFFFFFFF2DFE00200000A2
:104DD00000000000000000000000000000000000D3
:104DE0000000000000000000000000007823FFFF2A
:104DF000FFFFFFFFFFFFFFFFFFFFFFFFFFFFFFFFC3
:104E0000FFFFFFFF409A00000000000000000000CC
:104E10000000000000000000000000005302FFFF3F
:104E2000FFFFFFFFFFFFFFFFFFFFFFFFFFFFFFFF92
:104E3000FFFFFFFFF3FF004800000000000000003C
:104E40000000000000000000000000000000000062
:104E50007823FFFFFFFFFFFFFFFFFFFFFFFFFFFFC5
:104E6000FFFFFFFFFFFFFFFFFFFF2DFE0020000001
:104E70000000000000000000000000000000000032
:104E800000000000000000005302FFFFFFFFFFFFD3
:104E9000FFFFFFFFFFFFFFFFFFFFFFFFFFFFFFFF22
:104EA000F8FF206900000000000000000000000082
:104EB00000000000000000000000000000000000F2
:104EC00000000000000000000000000000000000E2
:104ED00000000000000000007823FFFFFFFFFFFF3D
:104EE000FFFFFFFFFFFFFFFFFFFFFFFFFFFFFFFFD2
:104EF000FFFFFFFF2DFE002000000000000000006B
:104F000000000000000000000000000000000000A1
:104F10000000000000000000000000000000000091
:104F20000000000000000000000000000000000081
:104F3000000000000900FF9FFFFFFFFFFFFFFFFFD2
:104F4000FFFFFFFFFFFFFFFFFFFFFFFF2DFE002022
:104F50000000000000000000000000000000000051
:104F600000000000000000000000000000007823A6
:104F7000FFFFFFFFFFFFFFFFFFFFFFFFFFFFFFFF41
:104F8000FFFFFFFFFFFF409A00000000000000004D
:104F900000000000000000000000000000005302BC
:104FA000FFFFFFFFFFFFFFFFFFFFFFFFFFFFFFFF11
:104FB000FFFFFFFFFFFFF3FF0048000000000000BD
:104FC00000000000000000000000000000000000E1
:104FD00000002D01FFC7FFFFFFFFFFFFFFFFFFFFE7
:104FE000FFFFFFFFFFFFFFFFFFFFFFFFF8FF20694D
:104FF00000000000000000000000000000000000B1
:10500000000000000000000000005302FFFFFFFF4F
:10501000FFFFFFFFFFFFFFFFFFFFFFFFFFFFFFFFA0
:10502000FFFFF8FF20690000000000000000000002
:105030000000000000000000000000000000000070
:105040000000000000000000000000000000000060
:10505000000000000000000000002D01FFC7FFFF5E
:10506000FFFFFFFFFFFFFFFFFFFFFFFFFFFFFFFF50
:10507000FFFFFFFFFFFFFFFF409A0000000000005E
:105080000000000000000000000000000000000020
:105090000000000000000000000000000000000010
:1050A0000000000000000000000000000000000000
:1050B0000000000000000900FF9FFFFFFFFFFFFF4F
:1050C000FFFFFFFFFFFFFFFFFFFFFFFFFFFF2DFEC3
:1050D00000200000000000000000000000000000B0
:1050E00000000000000000000000000000000000C0
:1050F0007823FFFFFFFFFFFFFFFFFFFFFFFFFFFF23
:10510000FFFFFFFFFFFFFFFF409A000000000000CD
:10511000000000000000000000000000000000008F
:105120005302FFFFFFFFFFFFFFFFFFFFFFFFFFFF38
:10513000FFFFFFFFFFFFFFFFF3FF0048000000003D
:10514000000000000000000000000000000000005F
:10515000000000000000DF4CFFFFFFFFFFFFFFFF2C
:10516000FFFFFFFFFFFFFFFFFFFFFFFFFFFFFFFF4F
:10517000C9FC00000000000000000000000000006A
:105180000000000000000000000000005302FFFFCC
:10519000FFFFFFFFFFFFFFFFFFFFFFFFFFFFFFFF1F
:1051A000FFFFFFFFF8FF2069000000000000000083
:1051B00000000000000000000000000000000000EF
:1051C00000000000000000000000000000000000DF
:1051D00000000000000000000000000004003F6E1E
:1051E000FFFFFFFFFFFFFFFFFFFFFFFFFFFFFFFFCF
:1051F000FFFFFFFFFFFFFFFFFFFFF3FF004800007F
:10520000000000000000000000000000000000009E
:10521000000000000000000000000000000000008E
:10522000000000000000000000000000000000007E
:1052300000000000000000000900FF9FFFFFFFFFCB
:10524000FFFFFFFFFFFFFFFFFFFFFFFFFFFFFFFF6E
:105250002DFE002000000000000000000000000003
:10526000000000000000000000000000000000003E
:1052700000007823FFFFFFFFFFFFFFFFFFFFFFFF9F
:10528000FFFFFFFFFFFFFFFFFFFF409A000000004E
:10529000000000000000000000000000000000000E
:1052A00000005302FFFFFFFFFFFFFFFFFFFFFFFFB5
:1052B000FFFFFFFFFFFFFFFFFFFFF3FF00480000BE
:1052C00000000000000000000000000000000000DE
:1052D00000000000000000005302FFFFFFFFFFFF7F
:1052E000FFFFFFFFFFFFFFFFFFFFFFFFFFFFFFFFCE
:1052F000FFFFF3FF00480000000000000000000076
:105300000000000000000000000000000000530248
:10531000FFFFFFFFFFFFFFFFFFFFFFFFFFFFFFFF9D
:10532000FFFFFFFFFFFFF8FF206900000000000003
:10533000000000000000000000000000000000006D
:10534000000000000000000000000000000000005D
:10535000000000000000000000000000000000004D
:105360005302FFFFFFFFFFFFFFFFFFFFFFFFFFFFF6
:10537000FFFFFFFFFFFFFFFFFFFFFFFFFFFF2DFE10
:1053800000200000000000000000000000000000FD
:10539000000000000000000000000000000000000D
:1053A0000000000000000000000000000000532288
:1053B000FFC7F3FF0048000000000900FF9FFFFF48
:1053C000FFFFFFFFFFFFFFFFFFFFFFFFFFFFFFFFED
:1053D000FFFF2DFE00200000000000000000000084
:1053E00000000000000000000000000000000000BD
:1053F000000000007823FFFFFFFFFFFFFFFFFFFF1C
:10540000FFFFFFFFFFFFFFFFFFFFFFFF409A0000CE
:10541000000000000000000000000000000000008C
:10542000000000005302FFFFFFFFFFFFFFFFFFFF31
:10543000FFFFFFFFFFFFFFFFFFFFFFFFF3FF00483E
:10544000000000000000000000000000000000005C
:105450000000000000000000000004003F6EFFFF9D
:10546000FFFFFFFFFFFFFFFFFFFFFFFFFFFFFFFF4C
:10547000FFFFFFFFFFFF64C300000000000000000B
:10548000000000000000000000000000000000001C
:105490005302FFFFFFFFFFFFFFFFFFFFFFFFFFFFC5
:1054A000FFFFFFFFFFFFFFFFF8FF20690000000084
:1054B00000000000000000000000000000000000EC
:1054C00000000000000000000000000000000000DC
:1054D00000000000000000000000000000000000CC
:1054E000000004003F6EFFFFFFFFFFFFFFFFFFFF15
:1054F000FFFFFFFFFFFFFFFFFFFFFFFFFFFFFFFFBC
:10550000FFFF2DFE00200000000000000000000052
:10551000000000000000000000000000000000008B
:105520000000000000000000000000002901D86C0D
:10553000FFFFFFFFFFFF409A000000000900FF9FF0
:10554000FFFFFFFFFFFFFFFFFFFFFFFFFFFFFFFF6B
:10555000FFFFFFFF2DFE0020000000000000000004
:10556000000000000000000000000000000000003B
:105570000000000000007823FFFFFFFFFFFFFFFF98
:10558000FFFFFFFFFFFFFFFFFFFFFFFFFFFF409A4F
:10559000000000000000000000000000000000000B
:1055A0000000000000005302FFFFFFFFFFFFFFFFAE
:1055B000FFFFFFFFFFFFFFFFFFFFFFFFFFFFF3FF07
:1055C0000048000000000000000000000000000093
:1055D0000000000000000000000000000000782330
:1055E000FFFFFFFFFFFFFFFFFFFFFFFFFFFFFFFFCB
:1055F000FFFFFFFFFFFFFFFFF3FF00480000000079
:10560000000000000000000000000000000000009A
:1056100000005302FFFFFFFFFFFFFFFFFFFFFFFF41
:10562000FFFFFFFFFFFFFFFFFFFFF8FF2069000004
:10563000000000000000000000000000000000006A
:10564000000000000000000000000000000000005A
:10565000000000000000000000000000000000004A
:105660000000000000005302FFFFFFFFFFFFFFFFED
:10567000FFFFFFFFFFFFFFFFFFFFFFFFFFFFFFFF3A
:10568000FFFFFFFFFFFF33FE204900000000000086
:10569000000000000000000000000000000000000A
:1056A000000000000000000000000400734BFFC772
:1056B000FFFFFFFFFFFFFFFF64C3000000000900C2
:1056C000FF9FFFFFFFFFFFFFFFFFFFFFFFFFFFFF4A
:1056D000FFFFFFFFFFFF2DFE002000000000000085
:1056E00000000000000000000000000000000000BA
:1056F00000000000000000007823FFFFFFFFFFFF15
:10570000FFFFFFFFFFFFFFFFFFFFFFFFFFFFFFFFA9
:10571000409A0000000000000000000000000000AF
:1057200000000000000000005302FFFFFFFFFFFF2A
:10573000FFFFFFFFFFFFFFFFFFFFFFFFFFFFFFFF79
:10574000F3FF00480000000000000000000000001F
:105750000000000000000000000000000000000049
:105760000900FF9FFFFFFFFFFFFFFFFFFFFFFFFF9E
:10577000FFFFFFFFFFFFFFFFFFFFFFFF409A00005B
:105780000000000000000000000000000000000019
:10579000000000005302FFFFFFFFFFFFFFFFFFFFBE
:1057A000FFFFFFFFFFFFFFFFFFFFFFFFF8FF206985
:1057B00000000000000000000000000000000000E9
:1057C00000000000000000000000000000000000D9
:1057D00000000000000000000000000000000000C9
:1057E000000000000000000004003F6EFFFFFFFF0C
:1057F000FFFFFFFFFFFFFFFFFFFFFFFFFFFFFFFFB9
:10580000FFFFFFFFFFFFFFFFFFFFFFFFC9C42021D6
:105810000000000000000000000000000000000088
:1058200000000000000000002401D84CFFC7FFFF6B
:10583000FFFFFFFFFFFFFFFFFFFF64C3000000004B
:105840000900FF9FFFFFFFFFFFFFFFFFFFFFFFFFBD
:10585000FFFFFFFFFFFFFFFF2DFE00200000000005
:105860000000000000000000000000000000000038
:10587000000000000000000000007823FFFFFFFF91
:10588000FFFFFFFFFFFFFFFFFFFFFFFFFFFFFFFF28
:10589000FFFF409A00000000000000000000000030
:1058A000000000000000000000005302FFFFFFFFA7
:1058B000FFFFFFFFFFFFFFFFFFFFFFFFFFFFFFFFF8
:1058C000FFFFF3FF004800000000000000000000A0
:1058D00000000000000000000000000000000000C8
:1058E00000000000DF4CFFFFFFFFFFFFFFFFFFFF97
:1058F000FFFFFFFFFFFFFFFFFFFFFFFFFFFF2DFE8B
:105900000020000000000000000000000000000077
:105910000000000000005302FFFFFFFFFFFFFFFF3A
:10592000FFFFFFFFFFFFFFFFFFFFFFFFFFFFFFFF87
:10593000FFFFFFFFFFFFFFFFFFFFFFFFFFFFFFFF77
:10594000FFFFFFFFFFFFFFFFFFFFFFFFFFFFFFFF67
:10595000FFFFFFFFFFFFF8FF2069000000000000CD
:105960000000000000000000000000002D01FFC743
:10597000FFFFFFFFFFFFFFFFFFFFFFFFFFFFFFFF37
:10598000FFFFFFFFFFFFFFFFFFFFFFFFFFFFFFFF27
:10599000FFFF38FE699B2449002000000000000042
:1059A000000024214922736BFFC7FFFFFFFFFFFFA9
:1059B000FFFFFFFFFFFFFFFFFFFFFFFFC9FC00002E
:1059C00000000900FF9FFFFFFFFFFFFFFFFFFFFF3A
:1059D000FFFFFFFFFFFFFFFFFFFF2DFE0020000086
:1059E00000000000000000000000000000000000B7
:1059F0000000000000000000000000007823FFFF0E
:105A0000FFFFFFFFFFFFFFFFFFFFFFFFFFFFFFFFA6
:105A1000FFFFFFFF409A00000000000000000000B0
:105A20000000000000000000000000005302FFFF23
:105A3000FFFFFFFFFFFFFFFFFFFFFFFFFFFFFFFF76
:105A4000FFFFFFFFF3FF0048000000000000000020
:105A50000000000000000000000000000000000046
:105A60000000000000005302FFFFFFFFFFFFFFFFE9
:105A7000FFFFFFFFFFFFFFFFFFFFFFFFFFFFFFFF36
:105A8000F8FF206900000000000000000000000096
:105A900000000000000000005302FFFFFFFFFFFFB7
:105AA000FFFFFFFFFFFFFFFFFFFFFFFFFFFFFFFF06
:105AB000FFFFFFFFFFFFFFFFFFFFFFFFFFFFFFFFF6
:105AC000FFFFFFFFFFFFFFFFFFFFFFFFFFFFFFFFE6
:105AD000FFFFFFFFFFFFFFFFFFFFC9FC000000000B
:105AE00000000000000000000000000000000000B6
:105AF0007823FFFFFFFFFFFFFFFFFFFFFFFFFFFF19
:105B0000FFFFFFFFFFFFFFFFFFFFFFFFFFFFFFFFA5
:105B1000FFFFFFFFFFFFFFFFFFFFFFFFFFFFFFFF95
:105B2000FFFFFFFFFFFFFFFFFFFFFFFFFFFFFFFF85
:105B3000FFFFFFFFFFFFFFFFFFFFFFFFFFFFC9FCAE
:105B4000000000000900FF9FFFFFFFFFFFFFFFFFB6
:105B5000FFFFFFFFFFFFFFFFFFFFFFFF2DFE002006
:105B60000000000000000000000000000000000035
:105B7000000000000000000000000000000078238A
:105B8000FFFFFFFFFFFFFFFFFFFFFFFFFFFFFFFF25
:105B9000FFFFFFFFFFFF409A000000000000000031
:105BA00000000000000000000000000000005302A0
:105BB000FFFFFFFFFFFFFFFFFFFFFFFFFFFFFFFFF5
:105BC000FFFFFFFFFFFFF3FF0048000000000000A1
:105BD00000000000000000000000000000000000C5
:105BE000000000000000000004003F6EFFFFFFFF08
:105BF000FFFFFFFFFFFFFFFFFFFFFFFFFFFFFFFFB5
:105C0000FFFFFFFFC9FC00000000000000000000D3
:105C1000000000000000000000005302FFFFFFFF33
:105C2000FFFFFFFFFFFFFFFFFFFFFFFFFFFFFFFF84
:105C3000FFFFFFFFFFFFFFFFFFFFFFFFFFFFFFFF74
:105C4000FFFFFFFFFFFFFFFFFFFFFFFFFFFFFFFF64
:105C5000FFFFFFFFFFFFFFFFFFFFFFFFF3FF004816
:105C60000000000000000000000000000000000034
:105C700000000000DF4CFFFFFFFFFFFFFFFFFFFF03
:105C8000FFFFFFFFFFFFFFFFFFFFFFFFFFFFFFFF24
:105C9000FFFFFFFFFFFFFFFFFFFFFFFFFFFFFFFF14
:105CA000FFFFFFFFFFFFFFFFFFFFFFFFFFFFFFFF04
:105CB000FFFFFFFFFFFFFFFFFFFFFFFFFFFFFFFFF4
:105CC00064C3000000000900FF9FFFFFFFFFFFFF0C
:105CD000FFFFFFFFFFFFFFFFFFFFFFFFFFFF2DFEA7
:105CE0000020000000000000000000000000000094
:105CF00000000000000000000000000000000000A4
:105D00007823FFFFFFFFFFFFFFFFFFFFFFFFFFFF06
:105D1000FFFFFFFFFFFFFFFF409A000000000000B1
:105D20000000000000000000000000000000000073
:105D30005302FFFFFFFFFFFFFFFFFFFFFFFFFFFF1C
:105D4000FFFFFFFFFFFFFFFFF3FF00480000000021
:105D50000000000000000000000000000000000043
:105D60000000000000000000000000007823FFFF9A
:105D7000FFFFFFFFFFFFFFFFFFFFFFFFFFFFFFFF33
:105D8000FFFFFFFFFFFFF3FF0048000000000000DF
:105D90000000000000000000000000005302FFFFB0
:105DA000FFFFFFFFFFFFFFFFFFFFFFFFFFFFFFFF03
:105DB000FFFFFFFFFFFFFFFFFFFFFFFFFFFFFFFFF3
:105DC000FFFFFFFFFFFFFFFFFFFFFFFFFFFFFFFFE3
:105DD000FFFFFFFFFFFFFFFFFFFFFFFFFFFFF3FFDF
:105DE000004800000000000000000000000000006B
:105DF00000000000000004003F6EFFFFFFFFFFFFF8
:105E0000FFFFFFFFFFFFFFFFFFFFFFFFFFFFFFFFA2
:105E1000FFFFFFFFFFFFFFFFFFFFFFFFFFFFFFFF92
:105E2000FFFFFFFFFFFFFFFFFFFFFFFFFFFFFFFF82
:105E3000FFFFFFFFFFFFFFFFFFFFFFFFFFFFFFFF72
:105E4000FFFF64C3000000000900FF9FFFFFFFFF8A
:105E5000FFFFFFFFFFFFFFFFFFFFFFFFFFFFFFFF52
:105E60002DFE0020000000000000000000000000E7
:105E70000000000000000000000000000000000022
:105E800000007823FFFFFFFFFFFFFFFFFFFFFFFF83
:105E9000FFFFFFFFFFFFFFFFFFFF409A0000000032
:105EA00000000000000000000000000000000000F2
:105EB00000005302FFFFFFFFFFFFFFFFFFFFFFFF99
:105EC000FFFFFFFFFFFFFFFFFFFFF3FF00480000A2
:105ED00000000000000000000000000000000000C2
:105EE00000000000000000000000000000000900A9
:105EF000FF9FFFFFFFFFFFFFFFFFFFFFFFFFFFFF12
:105F0000FFFFFFFFFFFFFFFFFFFF64C30000000074
:105F1000000000000000000000000000000053022C
:105F2000FFFFFFFFFFFFFFFFFFFFFFFFFFFFFFFF81
:105F3000FFFFFFFFFFFFFFFFFFFFFFFFFFFFFFFF71
:105F4000FFFFFFFFFFFFFFFFFFFFFFFFFFFFFFFF61
:105F5000FFFFFFFFFFFFFFFFFFFFFFFFFFFFFFFF51
:105F6000F3FF0048000000000000000000000000F7
:105F70000000000000000000000004003F6EFFFF72
:105F8000FFFFFFFFFFFFFFFFFFFFFFFFFFFFFFFF21
:105F9000FFFFFFFFFFFFFFFFFFFFFFFFFFFFFFFF11
:105FA000FFFFFFFFFFFFFFFFFFFFFFFFFFFFFFFF01
:105FB000FFFFFFFFFFFFFFFFFFFFFFFFFFFFFFFFF1
:105FC000FFFFFFFF409A000000000900FF9FFFFF56
:105FD000FFFFFFFFFFFFFFFFFFFFFFFFFFFFFFFFD1
:105FE000FFFF2DFE00200000000000000000000068
:105FF00000000000000000000000000000000000A1
:10600000000000007823FFFFFFFFFFFFFFFFFFFFFF
:10601000FFFFFFFFFFFFFFFFFFFFFFFF409A0000B2
:106020000000000000000000000000000000000070
:10603000000000005302FFFFFFFFFFFFFFFFFFFF15
:10604000FFFFFFFFFFFFFFFFFFFFFFFFF3FF004822
:106050000000000000000000000000000000000040
:106060000000000000000000000000000000000030
:106070000000DF4CFFFFFFFFFFFFFFFFFFFFFFFF01
:10608000FFFFFFFFFFFFFFFFFFFFFFFF2DFE0020D1
:106090000000000000000000000000000000000000
:1060A0005302FFFFFFFFFFFFFFFFFFFFFFFFFFFFA9
:1060B000FFFFFFFFFFFFFFFFFFFFFFFFFFFFFFFFF0
:1060C000FFFFFFFFFFFFFFFFFFFFFFFFFFFFFFFFE0
:1060D000FFFFFFFFFFFFFFFFFFFFFFFFFFFFFFFFD0
:1060E000FFFFF3FF00480000000000000000000078
:1060F000000000000000000000000000000004009C
:10610000D84CFFFFFFFFFFFFFFFFFFFFFFFFFFFF79
:10611000FFFFFFFFFFFFFFFFFFFFFFFFFFFFFFFF8F
:10612000FFFFFFFFFFFFFFFFFFFFFFFFFFFFFFFF7F
:10613000FFFFFFFFFFFFFFFFFFFFFFFFFFFFFFFF6F
:10614000FFFFFFFFF3FF0048000000000900FF9F72
:10615000FFFFFFFFFFFFFFFFFFFFFFFFFFFFFFFF4F
:10616000FFFFFFFF2DFE00200000000000000000E8
:10617000000000000000000000000000000000001F
:106180000000000000007823FFFFFFFFFFFFFFFF7C
:10619000FFFFFFFFFFFFFFFFFFFFFFFFFFFF409A33
:1061A00000000000000000000000000000000000EF
:1061B0000000000000005302FFFFFFFFFFFFFFFF92
:1061C000FFFFFFFFFFFFFFFFFFFFFFFFFFFFF3FFEB
:1061D0000048000000000000000000000000000077
:1061E00000000000000000000000000000000000AF
:1061F000000000005302FFFFFFFFFFFFFFFFFFFF54
:10620000FFFFFFFFFFFFFFFFFFFFFFFFFFFFF8FFA5
:1062100020690000000000000000000000000000F5
:1062200000002D01FFC7FFFFFFFFFFFFFFFFFFFF84
:10623000FFFFFFFFFFFFFFFFFFFFFFFFFFFFFFFF6E
:10624000FFFFFFFFFFFFFFFFFFFFFFFFFFFFFFFF5E
:10625000FFFFFFFFFFFFFFFFFFFFFFFFFFFFFFFF4E
:10626000FFFFFFFFF3FF00480000000000000000F8
:10627000000000000000000000000000000000001E
:10628000000000005322FFC7FFFFFFFFFFFFFFFFDB
:10629000FFFFFFFFFFFFFFFFFFFFFFFFFFFFFFFF0E
:1062A000FFFFFFFFFFFFFFFFFFFFFFFFFFFFFFFFFE
:1062B000FFFFFFFFFFFFFFFFFFFFFFFFFFFFFFFFEE
:1062C000FFFFFFFFF8FF2069000000000000090049
:1062D000FF9FFFFFFFFFFFFFFFFFFFFFFFFFFFFF2E
:1062E000FFFFFFFFFFFF2DFE002000000000000069
:1062F000000000000000000000000000000000009E
:1063000000000000000000007823FFFFFFFFFFFFF8
:10631000FFFFFFFFFFFFFFFFFFFFFFFFFFFFFFFF8D
:10632000409A000000000000000000000000000093
:1063300000000000000000005302FFFFFFFFFFFF0E
:10634000FFFFFFFFFFFFFFFFFFFFFFFFFFFFFFFF5D
:10635000F3FF004800000000000000000000000003
:10636000000000000000000000000000000000002D
:1063700000000000000004003F6EFFFFFFFFFFFF72
:10638000FFFFFFFFFFFFFFFFFFFFFFFFFFFFFFFF1D
:10639000FFFF64C3000000000000000000000000D8
:1063A000000000002D01FFC7FFFFFFFFFFFFFFFF01
:1063B000FFFFFFFFFFFFFFFFFFFFFFFFFFFFFFFFED
:1063C000FFFFFFFFFFFFFFFFFFFFFFFFFFFFFFFFDD
:1063D000FFFFFFFFFFFFFFFFFFFFFFFFFFFFFFFFCD
:1063E000FFFFFFFFFFFF2DFE002000000000000068
:1063F000000000000000000000000000000000009D
:1064000000000000000000002901D86CFFFFFFFF22
:10641000FFFFFFFFFFFFFFFFFFFFFFFFFFFFFFFF8C
:10642000FFFFFFFFFFFFFFFFFFFFFFFFFFFFFFFF7C
:10643000FFFFFFFFFFFFFFFFFFFFFFFFFFFFFFFF6C
:10644000FFFFFFFFC9C400200000000000000000A3
:1064500004003F6EFFFFFFFFFFFFFFFFFFFFFFFF97
:10646000FFFFFFFFFFFFFFFF2DFE002000000000E9
:10647000000000000000000000000000000000001C
:10648000000000000000000000007823FFFFFFFF75
:10649000FFFFFFFFFFFFFFFFFFFFFFFFFFFFFFFF0C
:1064A000F8FF20690000000000000000000000006C
:1064B000000000000000000000005302FFFFFFFF8B
:1064C000FFFFFFFFFFFFFFFFFFFFFFFFFFFFFFFFDC
:1064D000FFFF2DFE00200000000000000000000073
:1064E00000000000000000000000000000000000AC
:1064F000000000000000000000007823FFFFFFFF05
:10650000FFFFFFFFFFFFFFFFFFFFFFFFFFFFFFFF9B
:10651000FFFFFFFF64C30000000000000000000058
:106520000000000000000000DF4CFFFFFFFFFFFF46
:10653000FFFFFFFFFFFFFFFFFFFFFFFFFFFFFFFF6B
:10654000FFFFFFFFFFFFFFFFFFFFFFFFFFFFFFFF5B
:10655000FFFFFFFFFFFFFFFFFFFFFFFFFFFFFFFF4B
:10656000FFFFFFFFFFFFFFFFC9FC0000000000006E
:10657000000000000000000000000000000000001B
:1065800000000000000000000000000000002901E1
:10659000D86CFFFFFFFFFFFFFFFFFFFFFFFFFFFFC5
:1065A000FFFFFFFFFFFFFFFFFFFFFFFFFFFFFFFFFB
:1065B000FFFFFFFFFFFFFFFFFFFFFFFFFFFFFFFFEB
:1065C000FFFFC9C4202100000000000000000000FF
:1065D000000000002901D86C38C6FFFFFFFFFFFF55
:1065E000FFFFFFFFFFFF38C6699B2021000000006E
:1065F000000000000000000000000000000000009B
:1066000000000000000000000000000000004D221B
:10661000389EFFC7FFFFFFFFFFFFFFFFFFFF38FEB2
:1066200033C6446A000000000000000000000000C3
:106630000000000000000000000000000000292110
:10664000D86C38C6FFFFFFFFFFFFFFFFFFFFF8FF1B
:1066500038C6699B00200000000000000000000018
:10666000000000000000000000000000000000002A
:1066700000000000000000000000000000005322A5
:1066800038C6FFC7FFFFFFFFFFFFFFFFFFFFFFFF52
:10669000F8FF38C6699B00200000000000000000E1
:1066A000000000000000000000000400D84CFFC7FC
:1066B000FFFFFFFFFFFFFFFFFFFFFFFFFFFFFFFFEA
:1066C000FFFFFFFFFFFFFFFFFFFFFFFFFFFFFFFFDA
:1066D000FFFFFFFFFFFFFFFFFFFFFFFFFFFFFFFFCA
:1066E000FFFFFFFFFFFFFFFFF8FF20690000000032
:1066F000000000000000000000000000000000009A
:106700000000000000000000000000000000000089
:106710000000000004004D223F9EFFFFFFFFFFFF2F
:10672000FFFFFFFFFFFFFFFFFFFFFFFFFFFFFFFF79
:10673000FFFFFFFFFFFFFFFFFFFFFFFFFFFFCDC4D6
:10674000446A00000000000000000000000000009B
:106750000000000000000000000000000000000039
:106760000000000000000000000000000000000029
:106770000000000000000000000000000000000019
:106780000000000000000000000000000000000009
:1067900000000000000000000000000000000000F9
:1067A00000000000000000000000000000000000E9
:1067B00000000000000000000000000000000000D9
:1067C00000000000000000000000000000000000C9
:1067D00000000000000000000000000000000000B9
:1067E00000000000000000000000000000000000A9
:1067F0000000000000000000000000000000000099
:106800000000000000000000000000000000000088
:106810000000000000000000000000000000000078
:106820000000000000000000000000000000000068
:106830000000000000000000000000000000000058
:106840000000000000000000000000000000000048
:106850000000000000000000000000000000000038
:106860000000000000000000000000000000000028
:106870000000000000000000000000000000000018
:106880000000000000000000000000000000000008
:1068900000000000000000000000000000002921AE
:1068A0006D4BD39C38C63FC6FFFFFFFFFFFFFFFFC6
:1068B000FFFFF8FF38C633C6CD9C444A20210000B4
:1068C00000000000000000000000000000000000C8
:1068D00000000000000000000000000000000000B8
:1068E00000000000000000000000000000000000A8
:1068F0000000000000000000000000000000000098
:106900000000000000000000000000000000000087
:106910000000000000000000000000000000000077
:106920000000000000000000000000000000000067
:106930000000000000000000000000000000000057
:106940000000000000000000000000000000000047
:106950000000000000000000000000000000000037
:106960000000000000000000000000000000000027
:106970000000000000000000000000000000000017
:106980000000000000000000000000000000000007
:1069900000000000000000000000000000000000F7
:1069A00000000000000000000000000000000000E7
:1069B00000000000000000000000000000000000D7
:1069C00000000000000000000000000000000000C7
:1069D00000000000000000000000000000000000B7
:1069E00000000000000000000000000000000000A7
:1069F0000000000000000000000000000000000097
:106A00000000000000000000000000000000000086
:106A10000000000000000000000000000000000076
:106A20000000000000000000000000000000000066
:106A30000000000000000000000000000000000056
:106A40000000000000000000000000000000000046
:106A50000000000000000404011020408002010832
:106A60000802040000000000920E493CB10AC93C33
:106A70002BC3163D2EFB483D752B7B3D04A9963D4F
:106A800080B6AF3D36BDC83D2FBCE13D73B2FA3D87
:106A900087CF093E8340163EB5AB223EA2102F3E63
:106AA000CF6E3B3EC2C5473E0115543E135C603E6F
:106AB0007F9A6C3ECCCF783EC07D823E938E883EDE
:106AC000229A8E3E32A0943E86A09A3EE59AA03E3F
:106AD000128FA63ED47CAC3EEF63B23E2A44B83E51
:106AE000491DBE3E15EFC33E53B9C93ECA7BCF3EDA
:106AF0004136D53E80E8DA3E4F92E03E7533E63EC1
:106B0000BBCBEB3EEA5AF13ECBE0F63E275DFC3EC6
:106B1000E4E7003F3D9C033F824B063F9BF5083F67
:106B20006B9A0B3FDA390E3FCDD3103F2A68133FE3
:106B3000D9F6153FC07F183FC6021B3FD17F1D3FCE
:106B4000CBF61F3F9967223F25D2243F5636273F79
:106B50001594293F4AEB2B3FDE3B2E3FBB85303F50
:106B6000C9C8323FF304353F233A373F4268393FC3
:106B70003B8F3B3FF9AE3D3F67C73F3F70D8413F3A
:106B800001E2433F03E4453F65DE473F12D1493F01
:106B9000F8BB4B3F029F4D3F207A4F3F3D4D513F49
:106BA0004918533F31DB543FE595563F5348583F12
:106BB0006AF2593F1A945B3F532D5D3F05BE5E3F1D
:106BC0002146603F97C5613F5A3C633F59AA643FE5
:106BD000880F663FD86B673F3CBF683FA7096A3F95
:106BE0000C4B6B3F5E836C3F93B26D3F9ED86E3F04
:106BF00073F56F3F0809713F5213723F4714733F9B
:106C0000DD0B743F0BFA743FC6DE753F07BA763F63
:106C1000C58B773FF853783F9812793F9DC7793FEE
:106C200002737A3FBE147B3FCDAC7B3F283B7C3F59
:106C3000C9BF7C3FAC3A7D3FCCAB7D3F23137E3F49
:106C4000B0707E3F6DC47E3F580E7F3F6D4E7F3FDC
:106C5000AB847F3F0FB17F3F97D37F3F43EC7F3FB4
:106C600011FB7F3F0000803F11FB7F3F43EC7F3FE4
:106C700097D37F3F0FB17F3FAB847F3F6D4E7F3F08
:106C8000580E7F3F6DC47E3FB0707E3F23137E3F22
:106C9000CCAB7D3FAC3A7D3FC9BF7C3F283B7C3FBE
:106CA000CDAC7B3FBE147B3F02737A3F9DC7793FDB
:106CB0009812793FF853783FC58B773F07BA763FF4
:106CC000C6DE753F0BFA743FDD0B743F4714733F0C
:106CD0005213723F0809713F73F56F3F9ED86E3FA4
:106CE00093B26D3F5E836C3F0C4B6B3FA7096A3FCD
:106CF0003CBF683FD86B673F880F663F59AA643F27
:106D00005A3C633F97C5613F2146603F05BE5E3FE9
:106D1000532D5D3F1A945B3F6AF2593F5348583FE9
:106D2000E595563F31DB543F4918533F3D4D513FA8
:106D3000207A4F3F029F4D3FF8BB4B3F12D1493F56
:106D400065DE473F03E4453F01E2433F70D8413FE2
:106D500067C73F3FF9AE3D3F3B8F3B3F4268393FFE
:106D6000233A373FF304353FC9C8323FBB85303F34
:106D7000DE3B2E3F4AEB2B3F1594293F5636273FEB
:106D800025D2243F9967223FCBF61F3FD17F1D3F7D
:106D9000C6021B3FC07F183FD9F6153F2A68133F34
:106DA000CDD3103FDA390E3F6B9A0B3F9BF5083F6E
:106DB000824B063F3D9C033FE4E7003F275DFC3EDE
:106DC000CBE0F63EEA5AF13EBBCBEB3E7533E63EF6
:106DD0004F92E03E80E8DA3E4136D53ECA7BCF3E58
:106DE00053B9C93E15EFC33E491DBE3E2A44B83EC5
:106DF000EF63B23ED47CAC3E128FA63EE59AA03E35
:106E000086A09A3E32A0943E229A8E3E938E883E71
:106E1000C07D823ECCCF783E7F9A6C3E135C603E54
:106E20000115543EC2C5473ECF6E3B3EA2102F3ED9
:106E3000B5AB223E8340163E87CF093E73B2FA3D82
:106E40002FBCE13D36BDC83D80B6AF3D04A9963D9F
:106E5000752B7B3D2EFB483D2BC3163DB10AC93C2B
:106E6000920E493C00000000920E49BCB10AC9BC18
:106E70002BC316BD2EFB48BD752B7BBD04A996BD4B
:106E800080B6AFBD36BDC8BD2FBCE1BD73B2FABD83
:106E900087CF09BE834016BEB5AB22BEA2102FBE5F
:106EA000CF6E3BBEC2C547BE011554BE135C60BE6B
:106EB0007F9A6CBECCCF78BEC07D82BE938E88BEDA
:106EC000229A8EBE32A094BE86A09ABEE59AA0BE3B
:106ED000128FA6BED47CACBEEF63B2BE2A44B8BE4D
:106EE000491DBEBE15EFC3BE53B9C9BECA7BCFBED6
:106EF0004136D5BE80E8DABE4F92E0BE7533E6BEBD
:106F0000BBCBEBBEEA5AF1BECBE0F6BE275DFCBEC2
:106F1000E4E700BF3D9C03BF824B06BF9BF508BF63
:106F20006B9A0BBFDA390EBFCDD310BF2A6813BFDF
:106F3000D9F615BFC07F18BFC6021BBFD17F1DBFCA
:106F4000CBF61FBF996722BF25D224BF563627BF75
:106F5000159429BF4AEB2BBFDE3B2EBFBB8530BF4C
:106F6000C9C832BFF30435BF233A37BF426839BFBF
:106F70003B8F3BBFF9AE3DBF67C73FBF70D841BF36
:106F800001E243BF03E445BF65DE47BF12D149BFFD
:106F9000F8BB4BBF029F4DBF207A4FBF3D4D51BF45
:106FA000491853BF31DB54BFE59556BF534858BF0E
:106FB0006AF259BF1A945BBF532D5DBF05BE5EBF19
:106FC000214660BF97C561BF5A3C63BF59AA64BFE1
:106FD000880F66BFD86B67BF3CBF68BFA7096ABF91
:106FE0000C4B6BBF5E836CBF93B26DBF9ED86EBF00
:106FF00073F56FBF080971BF521372BF471473BF97
:10700000DD0B74BF0BFA74BFC6DE75BF07BA76BF5F
:10701000C58B77BFF85378BF981279BF9DC779BFEA
:1070200002737ABFBE147BBFCDAC7BBF283B7CBF55
:10703000C9BF7CBFAC3A7DBFCCAB7DBF23137EBF45
:10704000B0707EBF6DC47EBF580E7FBF6D4E7FBFD8
:10705000AB847FBF0FB17FBF97D37FBF43EC7FBFB0
:1070600011FB7FBF000080BF11FB7FBF43EC7FBFE0
:1070700097D37FBF0FB17FBFAB847FBF6D4E7FBF04
:10708000580E7FBF6DC47EBFB0707EBF23137EBF1E
:10709000CCAB7DBFAC3A7DBFC9BF7CBF283B7CBFBA
:1070A000CDAC7BBFBE147BBF02737ABF9DC779BFD7
:1070B000981279BFF85378BFC58B77BF07BA76BFF0
:1070C000C6DE75BF0BFA74BFDD0B74BF471473BF08
:1070D000521372BF080971BF73F56FBF9ED86EBFA0
:1070E00093B26DBF5E836CBF0C4B6BBFA7096ABFC9
:1070F0003CBF68BFD86B67BF880F66BF59AA64BF23
:107100005A3C63BF97C561BF214660BF05BE5EBFE5
:10711000532D5DBF1A945BBF6AF259BF534858BFE5
:10712000E59556BF31DB54BF491853BF3D4D51BFA4
:10713000207A4FBF029F4DBFF8BB4BBF12D149BF52
:1071400065DE47BF03E445BF01E243BF70D841BFDE
:1071500067C73FBFF9AE3DBF3B8F3BBF426839BFFA
:10716000233A37BFF30435BFC9C832BFBB8530BF30
:10717000DE3B2EBF4AEB2BBF159429BF563627BFE7
:1071800025D224BF996722BFCBF61FBFD17F1DBF79
:10719000C6021BBFC07F18BFD9F615BF2A6813BF30
:1071A000CDD310BFDA390EBF6B9A0BBF9BF508BF6A
:1071B000824B06BF3D9C03BFE4E700BF275DFCBEDA
:1071C000CBE0F6BEEA5AF1BEBBCBEBBE7533E6BEF2
:1071D0004F92E0BE80E8DABE4136D5BECA7BCFBE54
:1071E00053B9C9BE15EFC3BE491DBEBE2A44B8BEC1
:1071F000EF63B2BED47CACBE128FA6BEE59AA0BE31
:1072000086A09ABE32A094BE229A8EBE938E88BE6D
:10721000C07D82BECCCF78BE7F9A6CBE135C60BE50
:10722000011554BEC2C547BECF6E3BBEA2102FBED5
:10723000B5AB22BE834016BE87CF09BE73B2FABD7E
:107240002FBCE1BD36BDC8BD80B6AFBD04A996BD9B
:10725000752B7BBD2EFB48BD2BC316BDB10AC9BC27
:10726000920E49BC000000800000000000000000F9
:107270004FBB610567ACDD3F182D4454FB21E93F4E
:107280009BF681D20B73EF3F182D4454FB21F93F3D
:10729000E2652F227F2B7A3C075C143326A6813CC3
:1072A000BDCBF07A8807703C075C143326A6913C6E
:1072B000C4EB98999999C9BF711623FEC671BCBFDA
:1072C0006D9A74AFF2B0B3BF9AFDDE522DDEADBF42
:1072D0002F6C6A2C44B4A2BF0D5555555555D53F5A
:1072E000FF8300922449C23F6E204CC5CD45B73F75
:1072F000513DD0A0660DB13FEB0D76244B7BA93FED
:1073000011DA22E33AAD903F472300004D230000FD
:107310006B2300006D230000230000004D46000099
:107320006B4600006D4600006E460000704600008F
:1073300075460000460000004D4800006B48000004
:107340006D4800006E4800007548000048000000CD
:107350000000000054696D657220706F77657220BF
:107360006F666620000000004C6F772063686172D2
:10737000676500005475726E206F6666000000003D
:10738000CDE8E7EAE8E920E7E0F0FFE400000000EC
:10739000CDE8E7FCEAE8E920E7E0F0FFE4000000E0
:1073A000D1EFF0E0F6FEE2E0E220F2E0E9ECE5F019
:1073B00000000000D1F0E0E1EEF2E0EB20F2E0E9C5
:1073C000ECE5F00020C2E8ECE8EAE0FEF1FC0000A9
:1073D000C2FBEAEBFEF7E0FEF1FC000049302000C2
:1073E000553020004931200055312000493220001D
:1073F0005532200049332000553320004934200005
:1074000055342000493520005535200049362000EC
:10741000553620004937200055372000556B7261E2
:10742000696E69616E2000004578742E2073657462
:1074300074696E6773200000C4EEEF2E20EDE0F15A
:10744000F2F0EEE9EAE82000200000004E6F742020
:10745000666F7220636F6D6D65726369616C207514
:1074600073652100E8F1EFEEEBFCE7EEE2E0EDE81A
:10747000FF210000E2E8EAEEF0E8F1F2E0EDEDFFD6
:10748000210000004272696768746E657373203171
:107490003030202500000000DFF0EAEEF1F2FC20A1
:1074A00031303020250000004272696768746E65D3
:1074B0007373203530202500DFF0EAEEF1F2FC2076
:1074C00035302025000000004272696768746E65DF
:1074D0007373203520250000DFF0EAEEF1F2FC2086
:1074E000352025004272696768746E6573732032B7
:1074F00035202500DFF0EAEEF1F2FC2032352025C0
:1075000000000000DFF1EAF0E0E269F1F2FC203176
:1075100030302500DFF1EAF0E0E269F1F2FC2035DD
:1075200030250000DFF1EAF0E0E269F1F2FC2035FD
:1075300025000000DFF1EAF0E0E269F1F2FC203220
:1075400035250000554152542028426C7565746FF2
:107550006F746829000000004269742077696474C0
:1075600068206F6620696E642E000000536C69709D
:10757000206176672E00000044697361626C6520AB
:107580006D6F74696F6E206465746563742E00009E
:10759000D0EEE7F0FFE4ED69F1F2FC2069EDE42EB6
:1075A00000000000D0E0E7F0FFE4EDEEF2FC20E8A0
:1075B000EDE42E00CEF2EAEB2E20E4E5F2E5EAF26D
:1075C0002E20E4E2E8E62E00C2EAEB2E00000000E6
:1075D000C7F3ECECE5F020E2EAEB2E00C0E2F2EEBD
:1075E000EFEEE2EEF0EEF220E2EAEB2E0000000019
:1075F000C2FBEAEB2E000000D2E0E9ECE5F020E26D
:10760000FBEAEB2E00000000C7F3ECECE5F020E213
:10761000FBEAEB2E00000000C0E2F2EEEFEEE2EE3D
:10762000F0EEF220E2FBEAEB2E000000D3EBFCF2DE
:10763000F0E020E5EAEEEDEEEC2E0000D3EBFCF2FC
:10764000F0E020FDEAEEEDEEEC2E0000CAEEE2E7FF
:10765000EDE8E920F1E5F0E5E4ED2E00C7F3ECE517
:10766000F020F3E269ECEAED2E000000D2E0E9EC54
:10767000E5F020E2E8ECEAED2E000000C7F3ECE5CF
:10768000F020E2E8ECEAED2E00000000D1EAEEEB9B
:10769000FCE72EF1F02E0000C4EEE4E0F2EA2E202A
:1076A000EDE0EBE0F8F22E005230203130300000F7
:1076B00052302035300000005365742052300000F5
:1076C000C7E0E4E0F2E8205230000000C7E0E4E068
:1076D000F2FC2052300000004650532031000000E0
:1076E0004F6E2031202B203200000000D3E269ECE5
:1076F000EAEDF3F2E82031202B203200C2EAEB2041
:1077000031202B2032000000465053203200000070
:1077100046505320340000005348313130360000C9
:107720005353443133303600477261746974756461
:10773000653A0000616E64207375676765737469EC
:107740006F6E733A00000000417574686F72733A8F
:1077500000000000CFEEE4FFEAE03A00C0E2F2EE03
:10776000F0E83A004920EFF0EEEFEEE7E8F669E9DD
:107770003A000000E820EFF0E5E4EBEEE6E5EDE8A6
:10778000E93A0000C0E2F2EEF0FB3A00C1EBE0E3C0
:10779000EEE4E0F0EDEEF1F2FC3A00005553420069
:1077A000CFEEEAE0E7E0F2E8204C202F2043000093
:1077B00053686F77204C2F4300000000CFEEEAE0C3
:1077C000E7E0F2FC204C2F43000000004F4646004B
:1077D0005365742049000000E7E0E4E0F2E8204946
:1077E00000000000C7E0E4E0F2FC204900000000D7
:1077F0005365742052554900D269EBFCEAE82052E7
:1078000055490000C7E0E4E0F2E820525549000085
:10781000D2EEEBFCEAEE205255490000C7E0E4E06E
:10782000F2FC205255490000536574204C000000C2
:1078300053686F727420736574204C00C7E0ECEAE3
:10784000EDF3F2E520736574204C0000C7E0ECEA2C
:10785000EDF3F2FBE920736574204C00C2F1F2E015
:10786000EDEEE2E8F2E8204C00000000D3F1F2E097
:10787000EDEEE2E8F2FC204C0000000053657420BD
:1078800052000000E7E0E4E0F2E8205200000000CF
:10789000C2F1F2E0EDEEE2E8F2E820520000000072
:1078A000C7E0E4E0F2FC205200000000D3F1F2E077
:1078B000EDEEE2E8F2FC2052000000004175746F2A
:1078C00020502F5300000000536574204650530091
:1078D000C7E0E4E0F2E8204650530000C7E0E4E0EF
:1078E000F2FC204650530000536574205500000000
:1078F000E7E0E4E0F2E8205500000000C7E0E4E043
:10790000F2FC205500000000506572666F726D61D8
:107910006E6365204D435500416D706C69747564EC
:107920006520312E3030205600000000416D706C13
:10793000697475646520302E3333205600000000D2
:10794000702D7020315600005652454620335600A7
:107950005652454620332E3356000000702D7020BD
:10796000312E355600000000536F756E6400000024
:10797000506572666F726D616E6365004C616E6713
:1079800075616765000000004175746F2D726F743A
:107990006174650053617665000000004F66660003
:1079A0004175746F20726F74617465206F66660034
:1079B0004175746F20706F776572206F6666000086
:1079C00042757A7A6572206F6666000044414320F2
:1079D0006F6E2F6F666600004175746F206F6E2F9B
:1079E0006F66660053686F7720522E696D6167007D
:1079F000CFEEEAE0E7E0F2E820522E696D61670021
:107A0000CFEEEAE0E7E0F2FC20522E696D616700FC
:107A1000456E676C697368003C2D2D4261636B0095
:107A200045636F6E6F6D6963616C000050617261D8
:107A30006C6C656C00000000523020313030204FFB
:107A40006D000000313030204F6D000031204F6D4F
:107A5000000000003130204D4F6D000031303020EB
:107A60006B4F6D005231203130206B4F6D000000A4
:107A70003130206B4F6D000031206B4F6D000000E6
:107A800042757A7A6572204F6E0000004F6E0000DA
:107A90004B68616E000000005275737369616E007F
:107AA000426C61636B6D616E000000004F70656E2B
:107AB0000000000054696D6572203130206D696EE0
:107AC0000000000054696D65722032206D696E00FF
:107AD00054696D65722035206D696E004175746F53
:107AE00020726F74617465206F6E0000416363756E
:107AF0006D756C6174696F6E00000000496E666F91
:107B0000726D6174696F6E0043616C696272617459
:107B1000696F6E004175746F00000000466C6970FB
:107B200000000000525549202B20416D70000000DC
:107B30004F66662054696D6572000000416363659D
:107B40006C65726F6D6574657200000053657474C6
:107B5000696E67730000000053637265656E207381
:107B6000657474696E67730046696C74657273003E
:107B70004272696768746E657373000034206469CB
:107B80006769747300000000352064696769747365
:107B9000000000004164647265737320666F722098
:107BA000636F6D6D656E74730000000052657365E0
:107BB000740000004571756976616C656E742063B0
:107BC0006972637569740000496E766572740000AD
:107BD00053686F727400000053657175656E746947
:107BE000616C6C7900000000525549206F6E6C7911
:107BF00000000000556C7472612045636F6E6F6DFC
:107C00007900000031303020487A000031303020D7
:107C10006B487A00323030206B487A003130206B6C
:107C2000487A000031206B487A000000C0ECEFEB8E
:107C300069F2F3E4E020312E303020C20000000071
:107C4000C0ECEFEBE8F2F3E4E020312E303020C25C
:107C500000000000C0ECEFEB69F2F3E4E020302E0E
:107C6000333320C200000000C0ECEFEBE8F2F3E495
:107C7000E020302E333320C200000000CFF0EEE4CD
:107C8000F3EAF2E8E2ED2E20CCCA0000CFF0EEE8F5
:107C9000E7E2EEE4E8F22E20CCCA0000536574203F
:107CA000D1000000C2F1F2E0EDEEE2E8F2E820D10E
:107CB00000000000D3F1F2E0EDEEE2E8F2FC20D1AA
:107CC00000000000CCEEE2E000000000CAE0EBE8BB
:107CD000E1F0EEE2EAE00000C0EDE3EB69E9F1FC7F
:107CE000EAE00000D0EEF169E9F1FCEAE000000012
:107CF000D3EAF0E069EDF1FCEAE00000CDE0F1F25A
:107D0000F0EEE9EAE820FDEAF0E0EDE00000000036
:107D1000D2E0E9ECE5F020313020F5E2000000008F
:107D2000D2E0E9ECE5F0203220F5E200D2E0E9EC27
:107D3000E5F0203520F5E2003C2D2DCDE0E7E0E434
:107D400000000000CDE0EAEEEFEBE5EDE8E5000035
:107D5000C0E2F2EEE2FBEAEBFEF7E5EDE8E500005B
:107D6000C7E0ECEAEDF3F2E500000000CDE0F1F24F
:107D7000F0EEE9EAE8000000D469EBFCF2F0E8007C
:107D80003420F6E8F4F0E80049EDE2E5F0F2F3E241
:107D9000E0F2E800C7E1E5F0E5E3F2E8000000000A
:107DA000D1EAE8EDF3F2E800D3E269ECEAEDF3F2B0
:107DB000E8000000C2E8ECEAEDF3F2E800000000A1
:107DC000CFE5F0E5E2E5F0EDF3F2E800C0EDE3EB3E
:107DD000E8E9F1EAE8E90000D3EAF0E0E8EDF1EAE9
:107DE000E8E90000D0F3F1F1EAE8E900C0E4F0E5E9
:107DF000F120E4EBFF20E7E0ECE5F7E0EDE8E90057
:107E0000D0EEE769ECEAEDF3F2E8E900C7E0ECEA6E
:107E1000EDF3F2FBE9000000D0E0E7EEECEAEDF371
:107E2000F2FBE900CEEA0000C0E2F2EE20F3E269E4
:107E3000ECEA2FE2E8ECEA0044414320F3E269EC8B
:107E4000EAED2FE2E8ECEA00C7E2F3EA0000000006
:107E5000DFE7FBEA00000000C2EAEB00C2FBEAEB4E
:107E60000000000044414320E2EAEB2FE2FBEAEB92
:107E700000000000C0E2F2EE20E2EAEB2FE2FBEAB3
:107E8000EB000000C0E2F2EEEFEEE2EEF0EEF220E8
:107E9000F3E2EC00C0E2F2EEEFEEE2EEF0EEF22002
:107EA000E2E8EC00C0E2F2EEF0E5E6E8EC0000000B
:107EB000D5E0ED00C1EBE5EAECE0ED00D2E0E9EC65
:107EC000E5F020313020ECE8ED000000D2E0E9ECF4
:107ED000E5F0203220ECE8ED00000000D2E0E9EC13
:107EE000E5F0203520ECE8ED00000000CDE520E4D1
:107EF000EBFF20EAEEECECE5F0F7E5F1EAEEE3EE7D
:107F000000000000CDE520E4EBFF20EAEEECE5F018
:107F1000F669E9EDEEE3EE00CFF0EEE4F3EAF2E825
:107F2000E2EDEE00CFEEF1EB69E4EEE2EDEE000003
:107F3000C5EAEEEDEEEC69F7EDEE0000DDEAEEED00
:107F4000EEECE8F7EDEE0000CFE0F0E0EBE5EBFC67
:107F5000EDEE0000CFE0F0E0EBEBE5EBFCEDEE004A
:107F6000CFEEF1EBE5E4EEE2E0F2E5EBFCEDEE0066
:107F7000CFF0EEE8E7E2EEE4E8F2E5EBFCEDEE0050
:107F8000C0E2F2EE00000000C0EAF1E5EBE5F0EE41
:107F9000ECE5F2F0000000003520F6E8F4F0000017
:107FA000C0E2F2EEEFEEE2EEF0EEF200CDE0EBE05A
:107FB000F8F2F3E22E20E5EAF0E0EDF30000000035
:107FC000C2E8ECEA2EE4E5F2E5EA2EF0F3F5F30080
:107FD000D4E8EBFCF2F0FB003420F6E8F4F0FB0010
:107FE000C0E4F0E5F1E020E4EBFF20E7E0F3E2E0BD
:107FF000E6E5EDFC00000000C8EDE2E5F0F2E8F097
:10800000EEE2E0F2FC000000D1EEF5F0E0EDE8F287
:10801000FC000000D1E1F0EEF1E8F2FC000000000D
:10802000DFF1EAF0E0E269F1F2FC0000DFF0EAEEF5
:10803000F1F2FC00CFE5F0E5E2E5F0EDF3F2FC0053
:1080400049EDF4EEF0ECE0F669FF0000D1F5E5EC67
:10805000E020E7E0ECE5F9E5EDE8FF00C8EDF4EE3F
:10806000F0ECE0F6E8FF0000CAE0EB69E1F0F3E2D3
:10807000E0EDEDFF00000000CDE0EBE0F8F2F3E210
:10808000E0EDEDFF00000000C0E2F2EEE2E8ECEA15
:10809000EDE5EDEDFF000000CDE0EAEEEFE8F7E5FD
:1080A000EDEDFF00D1F5E5ECE020E7E0EC69F9E566
:1080B000EDEDFF000A0000000000000000000000DD
:1080C00000000000000000000000000000000000B0
:1080D00000000000000000000000000000000000A0
:1080E000000000000000000000000000000004008C
:1080F0000000000000FE6700FE67000000000000B6
:10810000000000000000000000000000000000006F
:10811000000000000000000000000000000000005F
:108120000000000000000000070000000000003E0A
:1081300000003E00000000003E00003E0000000085
:10814000000000000000000000000000000000002F
:10815000000000000000000000000000000000001F
:1081600000000F000000000000E06300F86F001C3A
:108170007C000C700006600006000006000006008F
:10818000000660000C70001C7C00F86F00E06300CB
:1081900000000000000000000000000006000000D9
:1081A0001C00002200002200002200001C00000031
:1081B00000000000000000000000000000000000BF
:1081C00000000000000000000000000000000000AF
:1081D0000000000000000F0000000000007C000014
:1081E000FE0000820000824000FE38007C06008015
:1081F0000100603E001C7F00024100004100007F42
:1082000000003E0000000000000000000000000030
:108210000D000000000000001E00003F003C710047
:10822000FE6100C66000C663007E67003C3E000041
:108230003800007F00002700000000000000000060
:10824000000000000000000000000400000000002A
:10825000003E00003E0000000000000000000000A2
:10826000000000000000000000000000000000000E
:1082700000000000000000000000000000000000FE
:108280000000000007000000000000803F00F0FF39
:108290000178C0030E000E0200080000000000007C
:1082A00000000000000000000000000000000000CE
:1082B00000000000000000000000000000000600B8
:1082C00000000200080E000E78C003F0FF01803F9E
:1082D000000000000000000000000000000000009E
:1082E000000000000000000000000000000000008E
:1082F0000000000000000000070000000000000C6B
:1083000000006800001E00006800000C0000000073
:10831000000000000000000000000000000000005D
:10832000000000000000000000000000000000004D
:1083300000000B000000800100800100800100802F
:108340000100F81F00F81F0080010080010080017B
:10835000008001000000000000000000000000009C
:108360000000000000000000000000000400000009
:1083700000000000600200E00100000000000000BA
:1083800000000000000000000000000000000000ED
:1083900000000000000000000000000000000000DD
:1083A00000000000000006000000000000000600C1
:1083B00000060000060000060000000000000000AB
:1083C00000000000000000000000000000000000AD
:1083D000000000000000000000000000000000009D
:1083E00004000000000000006000006000000000C9
:1083F000000000000000000000000000000000007D
:10840000000000000000000000000000000000006C
:1084100000000000000000000000060000000060F6
:1084200000001C00C003003800000600000000002F
:10843000000000000000000000000000000000003C
:10844000000000000000000000000000000000002C
:10845000000000000A000000000000F00F00FC3FD8
:10846000000E70000660000660000E7000FC3F0009
:10847000F00F0000000000000000000000000000FD
:1084800000000000000000000000000000000800E4
:1084900000000000000000001800001800001C0090
:1084A00000FE7F00FE7F00000000000000000000D2
:1084B00000000000000000000000000000000000BC
:1084C00000000000000000000A000000000000188A
:1084D00060001C70000E7800066C000666008E635B
:1084E00000FC610078600000000000000000000057
:1084F000000000000000000000000000000000007C
:1085000000000A0000000000001818001C38000ECF
:108510007000866100866100CE73007C3F00381ECB
:10852000000000000000000000000000000000004B
:108530000000000000000000000000000A00000031
:10854000000E00000F00C00D00F00C00380C00FE03
:108550007F00FE7F00000C00000C00000000000007
:10856000000000000000000000000000000000000B
:108570000000000000000A000000000000E01900F8
:10858000FE3900DE7000C66000C66000C67100865D
:108590003F00001F0000000000000000000000007D
:1085A00000000000000000000000000000000000CB
:1085B0000A000000000000F00F00FC3F009E710068
:1085C000C66000C66000C671008C3F00081F000036
:1085D000000000000000000000000000000000009B
:1085E000000000000000000000000A000000000081
:1085F00000060000060000066000067C00863F00C2
:10860000F603007E00000E000000000000000000E5
:10861000000000000000000000000000000000005A
:10862000000000000A000000000000381C007C3E32
:1086300000C67300866100866100C673007C3E0040
:10864000381C0000000000000000000000000000D6
:1086500000000000000000000000000000000A0010
:108660000000000000F81000FC31008E630006637B
:10867000000663008E7900FC3F00F00F0000000050
:1086800000000000000000000000000000000000EA
:108690000000000000000000040000000000006076
:1086A00060006060000000000000000000000000AA
:1086B00000000000000000000000000000000000BA
:1086C00000000000000000000000000000000000AA
:1086D00000000400000000000060600260E0010093
:1086E000000000000000000000000000000000008A
:1086F000000000000000000000000000000000007A
:108700000000000000000000000000000B0000005E
:10871000000000000100800300800300C00600C0CC
:108720000600600C00600C00600C003018000000B7
:108730000000000000000000000000000000000039
:108740000000000000000B000000000000600600B8
:1087500060060060060060060060060060060060BB
:108760000600600600600600000000000000000037
:1087700000000000000000000000000000000000F9
:108780000B000000000000301800600C00600C00BE
:10879000600C00C00600C0060080030080030000DB
:1087A00001000000000000000000000000000000C8
:1087B000000000000000000000000A0000000000AF
:1087C000001800001C00000E0000066E00066F007E
:1087D0008E0300FC00007800000000000000000094
:1087E0000000000000000000000000000000000089
:1087F0000000000013000000000000003F00E0FF48
:1088000000F0C0031800030C3F06847F04E66108F3
:10881000626008623008627C08E27F08E263082434
:10882000600C0C3004183800F01F00C007000E0068
:108830000000006000007800001F00C00700F8067C
:10884000003E06000606003E0600F80600C00700CF
:10885000001F000078000060000000000000000021
:1088600000000000000000000C000000000000FEFE
:108870007F00FE7F00866100866100866100866160
:1088800000CE6100FC7300783F00001E0000000075
:1088900000000000000000000000000000000000D8
:1088A00000000D000000000000E00700F81F001CA1
:1088B00038000E700006600006600006600006606A
:1088C000000C30001C3800181800000000000000E8
:1088D0000000000000000000000000000D0000008B
:1088E000000000FE7F00FE7F0006600006600006BC
:1088F00060000660000660000C30001C3800F81FA5
:1089000000E0070000000000000000000000000080
:108910000000000000000D000000000000FE7F00CD
:10892000FE7F0086610086610086610086610086A8
:1089300061008661008661008661000660000000BB
:108940000000000000000000000000000000000027
:108950000D000000000000FE7F00FE7F0086010089
:1089600086010086010086010086010086010086DE
:108970000100860100060000000000000000000069
:10898000000000000000000000000E0000000000D9
:1089900000E00700F81F001C38000C3000066000E3
:1089A0000660000660000663000663000C33001CCE
:1089B0007F00187F000000000000000000000000A1
:1089C000000000000E000000000000FE7F00FE7F9F
:1089D0000080010080010080010080010080010012
:1089E000800100800100800100FE7F00FE7F00000A
:1089F0000000000000000000000000000000040073
:108A00000000000000FE7F00FE7F0000000000006C
:108A10000000000000000000000000000000000056
:108A20000000000000000000000000000000000046
:108A30000000000000000000090000000018000015
:108A40003800006000006000006000007000FE3F21
:108A500000FE1F00000000000000000000000000F9
:108A60000000000000000000000000000000000006
:108A700000000C000000000000FE7F00FE7F008070
:108A80000100C00000E00100300700180E000C38A3
:108A9000000670000240000000000000000000001E
:108AA0000000000000000000000000000B000000BB
:108AB000000000FE7F00FE7F0000600000600000FC
:108AC00060000060000060000060000060000000C6
:108AD0000000000000000000000000000000000096
:108AE00000000000000010000000000000FE7F00F9
:108AF000FE7F001E0000FC0000E00300001F0000DD
:108B00007C00007C00001F00E00300FC00001E0051
:108B100000FE7F00FE7F000000000000000000005B
:108B20000E000000000000FE7F00FE7F000C000031
:108B3000380000700000C00100800300000E00003B
:108B40001C00003000FE7F00FE7F000000000000DF
:108B5000000000000000000000000F000000000006
:108B600000E00700F81F001C38000C300006600011
:108B70000660000660000660000660000C30001C05
:108B80003800F81F00E007000000000000000000AF
:108B9000000000000C000000000000FE7F00FE7FCF
:108BA0000086010086010086010086010086010022
:108BB000CE0100FC00007800000000000000000072
:108BC00000000000000000000000000000000F0096
:108BD0000000000000E00700F81F001C38000C3007
:108BE00000066000066000066000066800067C0063
:108BF0000C30001C3800F87F00E0C70000000000C7
:108C000000000000000000000D000000000000FE59
:108C10007F00FE7F0086010086010086010086013C
:108C200000860300860700CE3E00FC7800784000F6
:108C30000000000000000000000000000000000034
:108C400000000C0000000000007818007C3800CE06
:108C50007000C660008661008661008661000E7348
:108C6000001C3F00181E0000000000000000000073
:108C70000000000000000000000000000D000000E7
:108C8000060000060000060000060000060000FEC8
:108C90007F00FE7F000600000600000600000600C0
:108CA00000060000000000000000000000000000BE
:108CB0000000000000000D000000000000FE0F009A
:108CC000FE3F000030000060000060000060000017
:108CD0006000006000003000FE3F00FE0F0000005A
:108CE0000000000000000000000000000000000084
:108CF0000E0000000600003E0000F80000C0070063
:108D0000001F00007800006000007800001F00C015
:108D10000700F800003E0000060000000000000010
:108D2000000000000000000000001300000006002A
:108D3000003E0000F80300C03F00007C00007E0001
:108D4000C00F00FC01003E00003E0000FC0100C01E
:108D50000F00007E00007C00C03F00F803003E00D2
:108D6000000600000F0000000240000660000C300A
:108D700000181800300C00600600C00300C003009B
:108D8000600600300C001818000C3000066000026D
:108D900040000000000000000000000000000D0086
:108DA00000000200000E00001C0000700000E00047
:108DB00000807F00807F00E000007000001C000049
:108DC0000E00000200000000000000000000000093
:108DD00000000000000000000C0000000000000681
:108DE0007000067800066C00066600866300C661A7
:108DF000006660003660001E60000E60000000002B
:108E00000000000000000000000000000000000062
:108E1000000006000000000000FEFF0FFEFF0F062E
:108E2000000C06000C000000000000000000000024
:108E30000000000000000000000000000000000032
:108E4000000000000000000000000000060000001C
:108E5000060000380000C00300001C000060000095
:108E60000000000000000000000000000000000002
:108E700000000000000000000000000000000000F2
:108E80000000000000000500000006000C06000CB9
:108E9000FEFF0FFEFF0F00000000000000000000BA
:108EA00000000000000000000000000000000000C2
:108EB00000000000000000000000000000000000B2
:108EC000090000000000004000007000003C0000AD
:108ED0000E00003C00007000004000000000000098
:108EE0000000000000000000000000000000000082
:108EF000000000000000000000000B000000000067
:108F00000200000200000200000200000200000255
:108F10000000020000020000020000020000000049
:108F20000000000000000000000000000000000041
:108F30000000000006000000000000020000060023
:108F4000000E00000800000000000000000000000B
:108F50000000000000000000000000000000000011
:108F600000000000000000000000000000000A00F7
:108F70000000000000803800C07C00606600606671
:108F800000606600602600E07F00C07F00000000F7
:108F900000000000000000000000000000000000D1
:108FA00000000000000000000B000000000000FEB8
:108FB0007F00FE7F00C03000606000606000606085
:108FC00000E07000C03F00801F00000000000000B3
:108FD0000000000000000000000000000000000091
:108FE00000000A000000000000801F00C03F00E0F9
:108FF0007000606000606000606000C03000801041
:109000000000000000000000000000000000000060
:109010000000000000000000000000000B00000045
:10902000000000801F00C03F00E070006060006032
:109030006000606000C03000FE7F00FE7F00000026
:109040000000000000000000000000000000000020
:109050000000000000000B000000000000801F0066
:10906000C03F00E07600606600606600606600E079
:109070006600C037008017000000000000000000FC
:1090800000000000000000000000000000000000E0
:1090900005000000600000FC7F00FE7F006600000D
:1090A00000000000000000000000000000000000C0
:1090B00000000000000000000000000000000000B0
:1090C000000000000000000000000B000000000095
:1090D00000801F06C03F0EE0700C60600C60600CEA
:1090E00060600CC0300EE0FF07E0FF0300000000EE
:1090F0000000000000000000000000000000000070
:10910000000000000B000000000000FE7F00FE7F5A
:1091100000C00000600000600000600000E000008F
:10912000C07F00807F000000000000000000000001
:10913000000000000000000000000000000004002B
:109140000000000000E67F00E67F00000000000055
:10915000000000000000000000000000000000000F
:1091600000000000000000000000000000000000FF
:1091700000000000000000000400000000000CE6F9
:10918000FF0FE6FF070000000000000000000000E5
:1091900000000000000000000000000000000000CF
:1091A00000000000000000000000000000000000BF
:1091B00000000A000000000000FE7F00FE7F0000AB
:1091C0000600000700801F00C038006060002040DB
:1091D000000000000000000000000000000000008F
:1091E000000000000000000000000000040000007B
:1091F000000000FE7F00FE7F000000000000000075
:10920000000000000000000000000000000000005E
:10921000000000000000000000000000000000004E
:1092200000000000000010000000000000E07F00CF
:10923000E07F00C00000600000600000600000C02F
:109240007F00807F00C000006000006000006000C0
:1092500000C07F00807F00000000000000000000D0
:109260000B000000000000E07F00E07F00C0000075
:10927000600000600000600000E00000C07F00802F
:109280007F0000000000000000000000000000005F
:10929000000000000000000000000B0000000000C3
:1092A00000801F00C03F00E0700060600060600050
:1092B000606000E07000C03F00801F000000000000
:1092C000000000000000000000000000000000009E
:1092D000000000000B000000000000E0FF0FE0FFB6
:1092E0000FC03000606000606000606000E07000EF
:1092F000C03F00801F0000000000000000000000D0
:1093000000000000000000000000000000000B0052
:109310000000000000801F00C03F00E0700060609F
:1093200000606000606000C03000E0FF0FE0FF0FF1
:10933000000000000000000000000000000000002D
:10934000000000000000000007000000000000E036
:109350007F00E07F00C000006000006000000000AF
:1093600000000000000000000000000000000000FD
:1093700000000000000000000000000000000000ED
:10938000000009000000000000C03100E073006030
:109390006300606600606600E07C00C03C00000086
:1093A00000000000000000000000000000000000BD
:1093B00000000000000000000000000005000000A8
:1093C000600000F83F00F87F0060600000000000CF
:1093D000000000000000000000000000000000008D
:1093E000000000000000000000000000000000007D
:1093F0000000000000000B000000000000E01F0063
:10940000E03F0000700000600000600000600000AD
:109410003000E07F00E07F0000000000000000005E
:10942000000000000000000000000000000000003C
:109430000A000000600000E00300800F00003C0014
:10944000007000003C00800F00E00300600000009E
:10945000000000000000000000000000000000000C
:10946000000000000000000000000F00000060008D
:1094700000E00300801F00007C00007800801F00D7
:10948000E00100E00100801F00007800007C008007
:109490001F00E0030060000000000000000000006A
:1094A000000000000B000000204000606000C030A1
:1094B00000801900000F00000F00801900C030006C
:1094C000606000204000000000000000000000007C
:1094D00000000000000000000000000000000A0082
:1094E0000000600000E0030C800F0C00FC0700F09F
:1094F00003003C00800F00E003006000000000005B
:10950000000000000000000000000000000000005B
:1095100000000000000000000900000000000060E2
:109520007000607800606C00606600606300E0615D
:1095300000E06000000000000000000000000000EB
:10954000000000000000000000000000000000001B
:109550000000080000000000000000001C000022C5
:1095600000002200002200001C000000000000009B
:1095700000000000000000000000000000000000EB
:1095800000000000000000000000000004000000D7
:10959000000000FEFF0FFEFF0F00000000000000B3
:1095A00000000000000000000000000000000000BB
:1095B00000000000000000000000000000000000AB
:1095C0000000000000000E0000000000000000008D
:1095D000000000F00100F807000C0E00000C00F87D
:1095E000FF01FCFF010C0C001C0E00F80700F0014D
:1095F000000000000000000000000000000000006B
:109600000B0000000000000C000006000006000037
:109610000600000E00000C00000C00000C0000060C
:10962000000000000000000000000000000000003A
:109630000000000000000000000006000000FE7FA7
:1096400000024000024000024000FE7F00000000D7
:10965000000000000000000000000000000000000A
:1096600000000000000000000000000000000000FA
:10967000000000000B0000000000000000000000DF
:1096800000000000000000000000000000000000DA
:1096900000000000000000000000000000000000CA
:1096A00000000000000000000000000000000000BA
:1096B00000000000000000000000000000000000AA
:1096C0000000000000000000000400000000000096
:1096D0000000E0FF0C00E0FF0C00000000000000B4
:1096E000000000000000000000000000000000007A
:1096F000000000000000000000000000000000006A
:109700000000000000000000000000000000000059
:109710000000000000000000000000000000060043
:10972000000000E0030000E003000000000000E093
:10973000030000E003000000000000000000000043
:109740000000000000000000000000000000000019
:109750000000000000000000000000000000000009
:1097600000000000000000000000000000000000F9
:109770000000000C00C0000000C60E0000F60F0044
:1097800000FF0100E0CF0000E0C6000000C60E00B0
:1097900000F60F0000FF0100E0CF0000E0C600006F
:1097A00000060000000000000000000000000000B3
:1097B00000000000000000000000000000000000A9
:1097C00000000000000000000B0000000080870186
:1097D00000C08F0700C01C0E0060180C0060F83F2E
:1097E00000F81F0C0060300C00E0300600C0F107EC
:1097F0000080E10300000000000000000000000005
:109800000000000000000000000000000000000058
:109810000000000000000000000000000012000036
:10982000000080070000C00F00006018000020103A
:10983000080060180400C00F03008087000000606B
:10984000000000100000000C000000C2030080E1D6
:10985000070040300C002010080000300C0000E031
:10986000070000C00300000000000000000000002E
:1098700000000C0000000000C0030000E00700C072
:10988000330E00E01F0C00601C0C00603C0C00E07C
:10989000EF0C00C0C307000080030000E00F0000D1
:1098A0006004000000000000000000000000000054
:1098B00000000000000000000000000000000000A8
:1098C000000000000000000300000000E0030000B2
:1098D000E0030000000000000000000000000000A5
:1098E0000000000000000000000000000000000078
:1098F0000000000000000000000000000000000068
:109900000000000000000000000000000000000057
:109910000000000000000000000000000600000041
:109920000000F8070000FE1F0080077800E000C07C
:109930000120000001000000000000000000000005
:109940000000000000000000000000000000000017
:109950000000000000000000000000000000000007
:1099600000000000000000000000000000000000F7
:10997000000520000001E000C0018007780000FE23
:109980001F0000F8070000000000000000000000B9
:1099900000000000000000000000000000000000C7
:1099A00000000000000000000000000000000000B7
:1099B00000000000000000000000000000000000A7
:1099C00000000000000008C00000008004000080CB
:1099D000060000E0030000E00300008006000080B5
:1099E000040000C0000000000000000000000000B3
:1099F0000000000000000000000000000000000067
:109A00000000000000000000000000000000000056
:109A100000000000000000000000000B000000003B
:109A20000030000000300000003000000030000076
:109A300000FF030000FF03000030000000300000C2
:109A400000300000003000000000000000000000B6
:109A50000000000000000000000000000000000006
:109A600000000000000000000000000000000000F6
:109A700004000000000000000000004C0000003C5A
:109A800000000000000000000000000000000000D6
:109A900000000000000000000000000000000000C6
:109AA00000000000000000000000000000000000B6
:109AB00000000000000000000000000000000000A6
:109AC0000000000000060000000000C0000000C010
:109AD000000000C0000000C0000000C00000000046
:109AE0000000000000000000000000000000000076
:109AF0000000000000000000000000000000000066
:109B00000000000000000000000000000000000055
:109B10000000000000000000000004000000000041
:109B200000000000000C0000000C0000000000001D
:109B30000000000000000000000000000000000025
:109B40000000000000000000000000000000000015
:109B50000000000000000000000000000000000005
:109B600000000000000000000000000000000006EF
:109B7000000008000000070000E00000001C0000DA
:109B800080030000600000000000000000000000F2
:109B900000000000000000000000000000000000C5
:109BA00000000000000000000000000000000000B5
:109BB00000000000000000000000000000000000A5
:109BC000000000000B0000000000FE010080FF0309
:109BD00000C001070060000C0060000C0060000C79
:109BE0000060000C00C001070080FF030000FE01C0
:109BF0000000000000000000000000000000000065
:109C00000000000000000000000000000000000054
:109C1000000000000000000000080000000000003C
:109C200000000003000000030000000300008001AA
:109C30000000E0FF0F00E0FF0F0000000000000048
:109C40000000000000000000000000000000000014
:109C50000000000000000000000000000000000004
:109C600000000000000000000000000000000B00E9
:109C700000000080010C00C0010E00E0000F006039
:109C8000800D0060C00C0060600C0060200C00E0E3
:109C9000380C00C01F0C0080070C00000000000002
:109CA00000000000000000000000000000000000B4
:109CB00000000000000000000000000000000000A4
:109CC0000000000B0000000080010300C00107003D
:109CD000E0000E0060000C0060180C0060180C0022
:109CE000E01C0C00C03F060080F7070000C0030026
:109CF0000000000000000000000000000000000064
:109D00000000000000000000000000000000000053
:109D100000000000000000000B00E0000000F00068
:109D20000000D8000000CC000000C6000080C30086
:109D300000C0C10000E0FF0F00E0FF0F0000C00006
:109D40000000C00000000000000000000000000053
:109D50000000000000000000000000000000000003
:109D6000000000000000000000000000000B0000E8
:109D7000000000000300001E0700E01F0E00E00DC1
:109D80000C00600C0C00600C0C00600C0C00601CE3
:109D9000060060F8070000F001000000000000006D
:109DA00000000000000000000000000000000000B3
:109DB00000000000000000000000000000000000A3
:109DC00000000B0000000000FE000080FF0300C048
:109DD000190700E00C0E00600C0C00600C0C006019
:109DE0000C0C00E01C0600C0F9070080E101000037
:109DF0000000000000000000000000000000000063
:109E00000000000000000000000000000000000052
:109E1000000000000000000B0000000060000000D7
:109E2000600000006000080060000E0060C00700D5
:109E300060F00100603C0000600F0000E0030000E3
:109E4000E000000000000000000000000000000032
:109E50000000000000000000000000000000000002
:109E60000000000000000000000000000B000000E7
:109E70000000C0030080E30700C0370E00603C0C08
:109E80000060180C0060180C00603C0C00C0370E1D
:109E90000080E3070000C003000000000000000095
:109EA00000000000000000000000000000000000B2
:109EB00000000000000000000000000000000000A2
:109EC000000B00000000000F0300C03F0700C0703F
:109ED0000E0060600C0060600C0060600C00E060D0
:109EE0000E00C031070080FF030000FE00000000EC
:109EF0000000000000000000000000000000000062
:109F00000000000000000000000000000000000051
:109F1000000000000000040000000000000000003D
:109F2000060C0000060C000000000000000000000D
:109F30000000000000000000000000000000000021
:109F40000000000000000000000000000000000011
:109F50000000000000000000000000000000000001
:109F600000000000000000000000000400000000ED
:109F70000000000000064C0000063C00000000004D
:109F800000000000000000000000000000000000D1
:109F900000000000000000000000000000000000C1
:109FA00000000000000000000000000000000000B1
:109FB00000000000000000000000000000000000A1
:109FC0000B000000000030000000300000007800AE
:109FD000000078000000CC000000CC0000008601EA
:109FE000000086010000860100000303000000005D
:109FF0000000000000000000000000000000000061
:10A000000000000000000000000000000000000050
:10A0100000000000000B0000000000C6000000C6A9
:10A02000000000C6000000C6000000C6000000C618
:10A03000000000C6000000C6000000C6000000C608
:10A040000000000000000000000000000000000010
:10A050000000000000000000000000000000000000
:10A06000000000000000000000000B0000000000E5
:10A070000303000086010000860100008601000045
:10A08000CC000000CC000000780000007800000048
:10A090003000000030000000000000000000000060
:10A0A00000000000000000000000000000000000B0
:10A0B0000000000000000000000000000000000A96
:10A0C0000000000080010000C0010000E00000006E
:10A0D0006000000060E00C0060F00C00E038000060
:10A0E000C00F00008007000000000000000000001A
:10A0F0000000000000000000000000000000000060
:10A10000000000000000000000000000000000004F
:10A1100000000000140000000000F0070000FC1F19
:10A1200000000F38008003600080E1C300C0F887A2
:10A1300000401C8E01200E0C0120060C0120060C94
:10A14000012006060120CE0F0120FC0F01607E8C4D
:10A150000140028C00C00006008083070000FF035E
:10A160000000FC0000000000000D00000C0000805A
:10A170000F0000E0030000FC000000DF0000E0C36F
:10A180000000E0C00000E0C3000000DF000000FCB1
:10A19000000000E0030000800F0000000C00000041
:10A1A00000000000000000000000000000000000AF
:10A1B00000000000000000000000000000000C0093
:10A1C000000000E0FF0F00E0FF0F0060180C0060CF
:10A1D000180C0060180C0060180C0060180C00E0EF
:10A1E0001C0C00C03F060080F7070000E0030000E1
:10A1F000000000000000000000000000000000005F
:10A20000000000000000000000000000000000004E
:10A210000000000D0000000000FE000080FF0300B1
:10A22000C0830700C000060060000C0060000C0046
:10A2300060000C0060000C00E0000E00C000060092
:10A240008083030000830100000000000000000084
:10A2500000000000000000000000000000000000FE
:10A2600000000000000000000D00000000E0FF0FF3
:10A2700000E0FF0F0060000C0060000C0060000CAC
:10A280000060000C0060000C0060000C00C00006C4
:10A2900000C081070080FF030000FE0000000000F6
:10A2A00000000000000000000000000000000000AE
:10A2B000000000000000000000000000000C000092
:10A2C0000000E0FF0F00E0FF0F0060180C006018B6
:10A2D0000C0060180C0060180C0060180C0060186E
:10A2E0000C0060180C0060180C0060000C000000EE
:10A2F000000000000000000000000000000000005E
:10A30000000000000000000000000000000000004D
:10A3100000000C00000000E0FF0F00E0FF0F0060F5
:10A32000180000601800006018000060180000604D
:10A33000180000601800006018000060180000603D
:10A34000000000000000000000000000000000000D
:10A3500000000000000000000000000000000000FD
:10A36000000000000000000E0000000000FE0000E1
:10A3700000FF0300C0830700C0000600E0000C00DF
:10A3800060000C0060000C0060300C0060300C00BD
:10A39000E0300600C031060080F30F0000F30F002C
:10A3A00000000000000000000000000000000000AD
:10A3B0000000000000000000000000000D00000090
:10A3C00000E0FF0F00E0FF0F000018000000180081
:10A3D000000018000000180000001800000018001D
:10A3E000000018000000180000E0FF0F00E0FF0F61
:10A3F000000000000000000000000000000000005D
:10A40000000000000000000000000000000000004C
:10A41000000300000000E0FF0F00E0FF0F0000005D
:10A42000000000000000000000000000000000002C
:10A43000000000000000000000000000000000001C
:10A44000000000000000000000000000000000000C
:10A4500000000000000000000000000000000000FC
:10A460000000000000000900000000008003000060
:10A4700080070000000E0000000C0000000C00002F
:10A48000000E00E0FF0700E0FF03000000000000F6
:10A4900000000000000000000000000000000000BC
:10A4A00000000000000000000000000000000000AC
:10A4B00000000000000000000000000D000000008F
:10A4C000E0FF0F00E0FF0F00003000000018000068
:10A4D000001C0000003E00000063000080C101007D
:10A4E000C08003006000060020000C00000008008F
:10A4F000000000000000000000000000000000005C
:10A50000000000000000000000000000000000004B
:10A510000C00000000E0FF0F00E0FF0F0000000C47
:10A520000000000C0000000C0000000C0000000CFB
:10A530000000000C0000000C0000000C0000000CEB
:10A54000000000000000000000000000000000000B
:10A5500000000000000000000000000000000000FB
:10A5600000000000001000000000E0FF0F00E0FF0E
:10A570000F00E0010000C00F0000003E000000F0EE
:10A58000010000C00F0000000E0000C00F0000F02E
:10A590000100003E0000C00F0000E0010000E0FFED
:10A5A0000F00E0FF0F0000000000000000000000AE
:10A5B000000000000000000000000D00000000E0AE
:10A5C000FF0F00E0FF0F00C001000080030000004B
:10A5D0000E0000001C00000070000000E000000001
:10A5E00080030000000700E0FF0F00E0FF0F000005
:10A5F000000000000000000000000000000000005B
:10A600000000000000000000000000000000000E3C
:10A610000000000000FE000080FF0300C083070070
:10A62000C000060060000C0060000C0060000C0020
:10A6300060000C0060000C00C0000600C083070032
:10A6400080FF030000FE000000000000000000008A
:10A6500000000000000000000000000000000000FA
:10A66000000000000C00000000E0FF0F00E0FF0F02
:10A67000006030000060300000603000006030009A
:10A68000006030000060300000E0180000C01F00D3
:10A6900000800F000000000000000000000000002B
:10A6A00000000000000000000000000000000000AA
:10A6B0000000000000000000000E0000000000FE8E
:10A6C000000080FF0300C0830700C0000600600098
:10A6D0000C0060000C0060000C0060000D00608049
:10A6E0000F00C0000600C083070080FF0F0000FEBF
:10A6F0001800000000000000000000000000000042
:10A7000000000000000000000000000000000D003C
:10A71000000000E0FF0F00E0FF0F0060300000606D
:10A7200030000060300000603000006030000060E9
:10A73000700000E0D80000C09F0700800F0F0000ED
:10A740000008000000000000000000000000000001
:10A7500000000000000000000000000000000000F9
:10A760000000000C0000000080870100C08F07007F
:10A77000C00C060060180E0060180C0060180C0079
:10A7800060180C0060300C00C0300600C0E3070009
:10A7900000C30300000000000000000000000000F3
:10A7A00000000000000000000000000000000000A9
:10A7B00000000000000000000C60000000600000CD
:10A7C00000600000006000000060000000E0FF0F7B
:10A7D00000E0FF0F0060000000600000006000006B
:10A7E00000600000006000000000000000000000A9
:10A7F0000000000000000000000000000000000059
:10A80000000000000000000000000000000D00003B
:10A810000000E0FF0100E0FF07000000070000006B
:10A820000E0000000C0000000C0000000C000000F6
:10A830000C0000000E0000000700E0FF0700E0FF32
:10A840000100000000000000000000000000000007
:10A8500000000000000000000000000000000000F8
:10A8600000000D60000000E0030000800F00000009
:10A870007C000000F0010000800F0000000E0000CE
:10A88000800F0000F00100007C0000800F0000E05D
:10A890000300006000000000000000000000000055
:10A8A00000000000000000000000000000000000A8
:10A8B000000000000000001360000000E00700003E
:10A8C000803F000000F8030000C00F0000800F0070
:10A8D00000F80300007F0000E0070000E000000037
:10A8E000E0070000007F000000F8030000800F0078
:10A8F00000C00F0000F80300803F0000E0070000E8
:10A900006000000000000000000000000D200008B2
:10A910000060000C00C00006008083030000C70137
:10A9200000006C000000380000006C000000C7014F
:10A930000080830300C000060060000C00200008B7
:10A940000000000000000000000000000000000007
:10A9500000000000000000000000000000000000F7
:10A96000000E20000000E0000000C0010000000315
:10A970000000000E0000001C000000F00F0000F0BE
:10A980000F00001C0000000E000000030000C001CA
:10A990000000E000000020000000000000000000B7
:10A9A00000000000000000000000000000000000A7
:10A9B0000000000000000B0000000060000E0060BE
:10A9C000000F0060800D0060E00C0060700C006003
:10A9D0001C0C00600E0C0060030C00E0010C00E099
:10A9E000000C00000000000000000000000000005B
:10A9F0000000000000000000000000000000000057
:10AA00000000000000000000000000050000000041
:10AA1000E0FFFF01E0FFFF016000800160008001B6
:10AA20000000000000000000000000000000000026
:10AA30000000000000000000000000000000000016
:10AA40000000000000000000000000000000000006
:10AA500000000000000000000000000000000000F6
:10AA60000620000000C0010000000E000000700081
:10AA7000000080030000000C000000000000000047
:10AA800000000000000000000000000000000000C6
:10AA900000000000000000000000000000000000B6
:10AAA00000000000000000000000000000000000A6
:10AAB0000000000000046000800160008001E0FFF1
:10AAC000FF01E0FFFF0100000000000000000000A7
:10AAD0000000000000000000000000000000000076
:10AAE0000000000000000000000000000000000066
:10AAF0000000000000000000000000000000000056
:10AB0000000000000000000000000900000000003C
:10AB100004000000070000C0030000E0000000E0A7
:10AB2000000000C003000000070000000400000057
:10AB30000000000000000000000000000000000015
:10AB40000000000000000000000000000000000005
:10AB50000000000000000000000000000000000CE9
:10AB600000004000000040000000400000004000E5
:10AB700000004000000040000000400000004000D5
:10AB800000004000000040000000400000004000C5
:10AB900000000000000000000000000000000000B5
:10ABA00000000000000000000000000000000000A5
:10ABB0000000000005000000002000000060000010
:10ABC00000E0000000800000000000000000000025
:10ABD0000000000000000000000000000000000075
:10ABE0000000000000000000000000000000000065
:10ABF0000000000000000000000000000000000055
:10AC00000000000000000000000A000000000088B2
:10AC1000070000CC0F0000E60C0000660C00006688
:10AC20000C0000660C000066060000FC0F0000F837
:10AC30000F00000000000000000000000000000005
:10AC40000000000000000000000000000000000004
:10AC500000000000000000000000000000000A00EA
:10AC6000000000E0FF0F00E0FF0F00000C060000F6
:10AC7000060C0000060C0000060C00000E0E000082
:10AC8000FC070000F80300000000000000000000C6
:10AC900000000000000000000000000000000000B4
:10ACA00000000000000000000000000000000000A4
:10ACB0000000000A0000000000F8030000FC07008C
:10ACC000000E0E0000060C0000060C0000060C0032
:10ACD000000E0E00001C070000180300000000001A
:10ACE0000000000000000000000000000000000064
:10ACF0000000000000000000000000000000000054
:10AD000000000000000000000A0000000000F8033E
:10AD10000000FC0700000E0E0000060C0000060CF0
:10AD20000000060C00000C0600E0FF0F00E0FF0F23
:10AD30000000000000000000000000000000000013
:10AD40000000000000000000000000000000000003
:10AD5000000000000000000000000000000A0000E9
:10AD6000000000F8030000FC0700006E0E00006603
:10AD70000C0000660C0000660C00006E0E00007CEB
:10AD80000700007803000000000000000000000041
:10AD900000000000000000000000000000000000B3
:10ADA00000000000000000000000000000000000A3
:10ADB00000000500060000C0FF0F00E0FF0F00606C
:10ADC0000600006006000000000000000000000017
:10ADD0000000000000000000000000000000000073
:10ADE0000000000000000000000000000000000063
:10ADF0000000000000000000000000000000000053
:10AE0000000000000000000A0000000000F8C3007D
:10AE100000FCC701000E8E0100068C0100068C01AB
:10AE200000068C01000CC60100FEFF0000FE3F0082
:10AE30000000000000000000000000000000000012
:10AE40000000000000000000000000000000000002
:10AE50000000000000000000000000000A000000E8
:10AE600000E0FF0F00E0FF0F00000C0000000600F4
:10AE7000000006000000060000000E000000FC0FAD
:10AE80000000F80F000000000000000000000000BB
:10AE900000000000000000000000000000000000B2
:10AEA00000000000000000000000000000000000A2
:10AEB00000030000000060FE0F0060FE0F000000B5
:10AEC0000000000000000000000000000000000082
:10AED0000000000000000000000000000000000072
:10AEE0000000000000000000000000000000000062
:10AEF0000000000000000000000000000000000052
:10AF0000000000000000030000800160FEFF0160FF
:10AF1000FEFF000000000000000000000000000034
:10AF20000000000000000000000000000000000021
:10AF30000000000000000000000000000000000011
:10AF40000000000000000000000000000000000001
:10AF500000000000000000000000000A00000000E7
:10AF6000E0FF0F00E0FF0F00006000000070000035
:10AF700000D80000008C03000006070000020C004F
:10AF800000000800000000000000000000000000B9
:10AF900000000000000000000000000000000000B1
:10AFA00000000000000000000000000000000000A1
:10AFB0000300000000E0FF0F00E0FF0F00000000B2
:10AFC0000000000000000000000000000000000081
:10AFD0000000000000000000000000000000000071
:10AFE0000000000000000000000000000000000061
:10AFF0000000000000000000000000000000000051
:10B0000000000000000F0000000000FE0F0000FE26
:10B010000F00000C00000006000000060000000603
:10B02000000000FE0F0000FC0F00000C00000006F6
:10B030000000000600000006000000FE0F0000FCFB
:10B040000F000000000000000000000000000000F1
:10B05000000000000000000000000A0000000000E6
:10B06000FE0F0000FE0F00000C00000006000000B4
:10B0700006000000060000000E000000FC0F0000AB
:10B08000F80F0000000000000000000000000000B9
:10B0900000000000000000000000000000000000B0
:10B0A0000000000000000000000000000000000A96
:10B0B0000000000000F8030000FC0700000E0E0076
:10B0C00000060C0000060C0000060C00000E0E002E
:10B0D00000FC070000F80300000000000000000072
:10B0E0000000000000000000000000000000000060
:10B0F0000000000000000000000000000000000050
:10B10000000000000A0000000000FEFF0100FEFF3A
:10B1100001000C060000060C0000060C0000060CE6
:10B1200000000E0E0000FC070000F8030000000005
:10B13000000000000000000000000000000000000F
:10B1400000000000000000000000000000000000FF
:10B150000000000000000000000A0000000000F8ED
:10B16000030000FC0700000E0E0000060C000006A5
:10B170000C0000060C00000C060000FEFF0100FEA3
:10B18000FF010000000000000000000000000000BF
:10B1900000000000000000000000000000000000AF
:10B1A0000000000000000000000000000000060099
:10B1B00000000000FE0F0000FE0F00000C00000069
:10B1C0000600000006000000000000000000000073
:10B1D000000000000000000000000000000000006F
:10B1E000000000000000000000000000000000005F
:10B1F000000000000000000000000000000000004F
:10B200000000000900000000003C0600003C0600B1
:10B2100000660C0000660C0000660C0000C60C0006
:10B2200000CC0700008C03000000000000000000BC
:10B23000000000000000000000000000000000000E
:10B2400000000000000000000000000000000000FE
:10B2500000000000000000000500060000C0FF071D
:10B2600000C0FF0F0000060C0000060C00000000EC
:10B2700000000000000000000000000000000000CE
:10B2800000000000000000000000000000000000BE
:10B2900000000000000000000000000000000000AE
:10B2A000000000000000000000000000000A000094
:10B2B000000000FE030000FE070000000E0000007A
:10B2C0000C0000000C0000000C000000060000FE56
:10B2D0000F0000FE0F000000000000000000000052
:10B2E000000000000000000000000000000000005E
:10B2F000000000000000000000000000000000004E
:10B3000000000A00060000003E000000F8000000F7
:10B31000C0030000000F0000000F0000C003000089
:10B32000F80000003E0000000600000000000000E1
:10B33000000000000000000000000000000000000D
:10B3400000000000000000000000000000000000FD
:10B35000000000000000000E00060000003E00009B
:10B3600000F8030000C00F0000800F0000F801008B
:10B37000003E0000003E000000F8010000800F00C9
:10B3800000C00F0000F80300003E000000060000AF
:10B3900000000000000000000000000000000000AD
:10B3A0000000000000000000000000000A00020889
:10B3B0000000060C00001C070000B8030000E000BD
:10B3C0000000E0000000B80300001C070000060CAD
:10B3D0000000020800000000000000000000000063
:10B3E000000000000000000000000000000000005D
:10B3F000000000000000000000000000000000004D
:10B40000000A00060000003E800100F8800100C034
:10B41000C30100007F0000001F0000C0030000F80F
:10B420000000003E000000060000000000000000D8
:10B43000000000000000000000000000000000000C
:10B4400000000000000000000000000000000000FC
:10B45000000000000000090000000000060E0000CF
:10B46000060F0000860D0000C60C0000660C0000F0
:10B47000360C00001E0C00000E0C00000000000046
:10B4800000000000000000000000000000000000BC
:10B4900000000000000000000000000000000000AC
:10B4A0000000000000000000000000070000000095
:10B4B00000C0000000E00100C0FFFF00E01FFF012E
:10B4C00060008001600080010000000000000000BA
:10B4D000000000000000000000000000000000006C
:10B4E000000000000000000000000000000000005C
:10B4F000000000000000000000000000000000004C
:10B500000300000000E0FFFF01E0FFFF010000007A
:10B51000000000000000000000000000000000002B
:10B52000000000000000000000000000000000001B
:10B53000000000000000000000000000000000000B
:10B5400000000000000000000000000000000000FB
:10B550000000000000066000800160008001E01F24
:10B56000FF01C0FFFF0000E0010000C0000000007C
:10B5700000000000000000000000000000000000CB
:10B5800000000000000000000000000000000000BB
:10B5900000000000000000000000000000000000AB
:10B5A000000000000000000000000B00000000C0D0
:10B5B000000000600000006000000060000000600B
:10B5C000000000C0000000C0000000C0000000C07B
:10B5D000000000600000000000000000000000000B
:10B5E000000000000000000000000000000000005B
:10B5F0000000000000000000000000000000000645
:10B6000000000000F0FF0F0010000800100008000C
:10B6100010000800F0FF0F00000000000000000014
:10B62000000000000000000000000000000000001A
:10B63000000000000000000000000000000000000A
:10B6400000000000000000000000000000000000FA
:10B65000000000000D00000C0000800F0000E0035F
:10B660000000FC000000DF0000E0C30000E0C000BC
:10B6700000E0C3000000DF000000FC000000E00369
:10B680000000800F0000000C00000000000000001F
:10B6900000000000000000000000000000000000AA
:10B6A0000000000000000000000C00000000E0FFAF
:10B6B0000F00E0FF0F0060180C0060180C0060180D
:10B6C0000C0060180C0060180C0060180C00603052
:10B6D000060000F0070000E003000000000000008A
:10B6E000000000000000000000000000000000005A
:10B6F00000000000000000000000000000000C003E
:10B70000000000E0FF0F00E0FF0F0060180C006079
:10B71000180C0060180C0060180C0060180C00E099
:10B720001C0C00C03F060080F7070000E00300008B
:10B730000000000000000000000000000000000009
:10B7400000000000000000000000000000000000F9
:10B750000000000B00000000E0FF0F00E0FF0F0002
:10B760006000000060000000600000006000000059
:10B770006000000060000000600000006000000049
:10B7800000000000000000000000000000000000B9
:10B7900000000000000000000000000000000000A9
:10B7A00000000000000000000F0000FC000000FC92
:10B7B0000000800F00E0FF0D00E03F0C0060000C77
:10B7C0000060000C0060000C0060000C0060000CC9
:10B7D0000060000C00E0FF0F00E0FF0F000000FC25
:10B7E000000000FC0000000000000000000000005D
:10B7F000000000000000000000000000000C00003D
:10B800000000E0FF0F00E0FF0F0060180C00601860
:10B810000C0060180C0060180C0060180C00601818
:10B820000C0060180C0060180C0060000C00000098
:10B830000000000000000000000000000000000008
:10B8400000000000000000000000000000000000F8
:10B850000000122000080020000C0060000600C05C
:10B8600000030080C1010000E3000000760000003A
:10B870001C0000E0FF0F00E0FF0F00001C000000B4
:10B8800076000000E3000080C10100C000030060FA
:10B8900000060020000C002000080000000000004E
:10B8A000000000000000000B000000008001030009
:10B8B000C0010700E0000E0060000C0060180C00E2
:10B8C00060180C00E01C0C00C03F060080F7070069
:10B8D00000E0030000000000000000000000000085
:10B8E0000000000000000000000000000000000058
:10B8F0000000000000000000000000000D0000003B
:10B9000000E0FF0F00E0FF0F0000000700008003D1
:10B910000000E0000000700000001C0000000E00AD
:10B920000080030000C0010000E0FF0F00E0FF0FF7
:10B930000000000000000000000000000000000007
:10B9400000000000000000000000000000000000F7
:10B95000000D00000000E0FF0F00E0FF0F000000FE
:10B9600007000380030006E0000004700000041CD0
:10B970000000060E000083030000C0010000E0FF8D
:10B980000F00E0FF0F0000000000000000000000BA
:10B9900000000000000000000000000000000000A7
:10B9A0000000000000000D00000000E0FF0F00E0BC
:10B9B000FF0F000030000000180000001C00000015
:10B9C0003E00000063000080C10100C080030060F1
:10B9D00000060020000C000000080000000000002D
:10B9E0000000000000000000000000000000000057
:10B9F00000000000000000000000000D00000C002E
:10BA000000000C00E0FF0F00E0FF070060000000F6
:10BA100060000000600000006000000060000000A6
:10BA20006000000060000000E0FF0F00E0FF0F007A
:10BA30000000000000000000000000000000000006
:10BA400000000000000000000000000000000000F6
:10BA50001000000000E0FF0F00E0FF0F00E0010019
:10BA600000C00F0000003E000000F0010000C00F09
:10BA70000000000E0000C00F0000F00100003E00BA
:10BA800000C00F0000E0010000E0FF0F00E0FF0F2A
:10BA900000000000000000000000000000000000A6
:10BAA00000000000000D00000000E0FF0F00E0FFBC
:10BAB0000F00001800000018000000180000001817
:10BAC0000000001800000018000000180000001816
:10BAD0000000E0FF0F00E0FF0F000000000000008A
:10BAE0000000000000000000000000000000000056
:10BAF000000000000000000000000E000000000038
:10BB0000FE000080FF0300C0830700C00006006045
:10BB1000000C0060000C0060000C0060000C006075
:10BB2000000C00C0000600C083070080FF03000077
:10BB3000FE00000000000000000000000000000007
:10BB40000000000000000000000000000000000DE8
:10BB500000000000E0FF0F00E0FF0F0060000000A9
:10BB60006000000060000000600000006000000055
:10BB7000600000006000000060000000E0FF0F00B7
:10BB8000E0FF0F00000000000000000000000000C7
:10BB900000000000000000000000000000000000A5
:10BBA000000000000C00000000E0FF0F00E0FF0FAD
:10BBB0000060300000603000006030000060300045
:10BBC000006030000060300000E0180000C01F007E
:10BBD00000800F00000000000000000000000000D6
:10BBE0000000000000000000000000000000000055
:10BBF0000000000000000000000D0000000000FE3A
:10BC0000000080FF0300C0830700C0000600600042
:10BC10000C0060000C0060000C0060000C00E000F4
:10BC20000E00C000060080830300008301000000B6
:10BC30000000000000000000000000000000000004
:10BC400000000000000000000000000000000C6088
:10BC50000000006000000060000000600000006064
:10BC6000000000E0FF0F00E0FF0F00600000006038
:10BC700000000060000000600000006000000000A4
:10BC800000000000000000000000000000000000B4
:10BC900000000000000000000000000000000000A4
:10BCA0000000000D20000000E0000C00C0030C00AC
:10BCB000000F0C00003C0E0000F0070000C0010067
:10BCC00000F00000003C0000000F0000C003000076
:10BCD000E000000020000000000000000000000064
:10BCE0000000000000000000000000000000000054
:10BCF00000000000000000001100000000007C00B7
:10BD00000000FE000000C701000083010080010365
:10BD1000008001030080010300E0FF0F00E0FF0F3F
:10BD20000080010300800103008001030000830103
:10BD30000000C7010000FE0000007C0000000000C1
:10BD4000000000000000000000000000000D2000C6
:10BD5000080060000C00C00006008083030000C7DC
:10BD60000100006C000000380000006C000000C7FB
:10BD7000010080830300C000060060000C0020006A
:10BD800008000000000000000000000000000000AB
:10BD900000000000000000000000000000000000A3
:10BDA00000001000000000E0FF0F00E0FF0F0000A7
:10BDB000000C0000000C0000000C0000000C000053
:10BDC000000C0000000C0000000C0000000C000043
:10BDD000000C00E0FF0F00E0FF0F000000FC00007F
:10BDE00000FC000000000000000000000000000057
:10BDF000000000000000000C00000000E01F000038
:10BE0000E03F0000007000000060000000600000E3
:10BE100000600000006000000060000000300000D2
:10BE2000E0FF0F00E0FF0F00000000000000000036
:10BE30000000000000000000000000000000000002
:10BE400000000000000000000000000010000000E2
:10BE50000000000000E0FF0F00E0FF0F0000000CFA
:10BE60000000000C0000000C0000000C00E0FF0FC0
:10BE700000E0FF0F0000000C0000000C0000000CB0
:10BE80000000000C00E0FF0F00E0FF0F00000000CA
:10BE900000000000000000000000000000000000A2
:10BEA00000120000000000000000E0FF0F00E0FFB3
:10BEB0000F0000000C0000000C0000000C0000004F
:10BEC0000C00E0FF0F00E0FF0F0000000C0000007E
:10BED0000C0000000C0000000C00E0FF0F00E0FF71
:10BEE0000F000000FC000000FC000000000000004B
:10BEF0000000000000000E60000000600000006014
:10BF000000000060000000E0FF0F00E0FF0F0000F5
:10BF1000180C0000180C0000180C0000180C000091
:10BF2000180C0000380E0000F0070000E0030000CD
:10BF30000000000000000000000000000000000001
:10BF400000000000000000000000001100000000E0
:10BF5000E0FF0F00E0FF0F0000180C0000180C00BD
:10BF600000180C0000180C0000180C0000180C0041
:10BF70000030060000F0070000E0030000000000B1
:10BF80000000000000000000E0FF0F00E0FF0F00D5
:10BF900000000000000000000000000000000000A1
:10BFA0000C00000000E0FF0F00E0FF0F0000180C85
:10BFB0000000180C0000180C0000180C0000180CF1
:10BFC0000000180C000030060000F0070000E0033D
:10BFD0000000000000000000000000000000000061
:10BFE0000000000000000000000000000000000051
:10BFF00000000000000D00000000008301008083AD
:10C000000300C0000600E0000E0060000C00601895
:10C010000C0060180C0060180C00C0180600C099D5
:10C02000070080FF030000FE000000000000000089
:10C030000000000000000000000000000000000000
:10C04000000000000000000000001300000000E0FD
:10C05000FF0F00E0FF0F00001800000018000000B4
:10C06000180000007E000080FF0100C0830700C0B0
:10C0700000060060000C0060000C0060000C006016
:10C08000000C0060000C00C0000600C083070080A8
:10C09000FF030000FE000000000000000000000D93
:10C0A0000000000000000800800F0F00C09F070084
:10C0B000E0F80000607000006030000060300000B8
:10C0C000603000006030000060300000E0FF0F00D2
:10C0D000E0FF0F0000000000000000000000000072
:10C0E0000000000000000000000000000000000050
:10C0F000000000000A000000000088070000CC0FCC
:10C100000000E60C0000660C0000660C0000660CE7
:10C11000000066060000FC0F0000F80F00000000A1
:10C12000000000000000000000000000000000000F
:10C1300000000000000000000000000000000000FF
:10C140000000000000000000000A0000000000FEE7
:10C15000010080FF0700C00D0E0060060C006006A5
:10C160000C0060060C00600E0E0070FC070030F042
:10C1700001000000000000000000000000000000BE
:10C1800000000000000000000000000000000000AF
:10C190000000000000000000000000000000090096
:10C1A00000000000FE0F0000FE0F0000660C000003
:10C1B000660C0000660C0000660C0000FE0F00001C
:10C1C0009C070000000000000000000000000000CC
:10C1D000000000000000000000000000000000005F
:10C1E000000000000000000000000000000000004F
:10C1F000000000070000000000FE0F0000FE0F001E
:10C200000006000000060000000600000006000016
:10C21000000000000000000000000000000000001E
:10C22000000000000000000000000000000000000E
:10C2300000000000000000000000000000000000FE
:10C2400000000000000000000C00007C0000007EE8
:10C250000000800F0000FE0F00007E0C0000060CA6
:10C260000000060C0000060C0000FE0F0000FE0F90
:10C270000000007C0000007C0000000000000000C6
:10C2800000000000000000000000000000000000AE
:10C29000000000000000000000000000000A000094
:10C2A000000000F8030000FC0700006E0E000066AE
:10C2B0000C0000660C0000660C00006E0E00007C96
:10C2C00007000078030000000000000000000000EC
:10C2D000000000000000000000000000000000005E
:10C2E000000000000000000000000000000000004E
:10C2F00000000E0002080000060C00000C06000002
:10C3000018030000B0010000E0000000FE0F000074
:10C31000FE0F0000E0000000B00100001803000064
:10C320000C060000060C00000208000000000000DF
:10C3300000000000000000000000000000000000FD
:10C34000000000000000000900080200000C0600C8
:10C3500000060C0000660C0000660C0000660C0075
:10C3600000E60E0000FC0700009C03000000000037
:10C3700000000000000000000000000000000000BD
:10C3800000000000000000000000000000000000AD
:10C390000000000000000000000000000A00000093
:10C3A0000000FE0F0000FE0F0000000700008003E9
:10C3B0000000E0000000380000001C000000FE0F3C
:10C3C0000000FE0F00000000000000000000000060
:10C3D000000000000000000000000000000000005D
:10C3E000000000000000000000000000000000004D
:10C3F000000A0000000000FE0F0000FE0F003000E9
:10C4000007006080030040E0000040380000601C2E
:10C41000000030FE0F0000FE0F00000000000000D2
:10C42000000000000000000000000000000000000C
:10C4300000000000000000000000000000000000FC
:10C440000000000000000A0000000000FE0F0000D5
:10C45000FE0F00006000000070000000D801000026
:10C460008C03000006060000020C0000000800001B
:10C4700000000000000000000000000000000000BC
:10C4800000000000000000000000000000000000AC
:10C4900000000000000000000000000A00000C0086
:10C4A00000000C0000FE0F0000FE07000006000068
:10C4B00000060000000600000006000000FE0F005D
:10C4C00000FE0F000000000000000000000000005F
:10C4D000000000000000000000000000000000005C
:10C4E000000000000000000000000000000000004C
:10C4F0000D0000000000FE0F0000FE0F00001E00F7
:10C50000000078000000E0030000000F0000000FB2
:10C510000000E0030000780000001E000000FE0F95
:10C520000000FE0F000000000000000000000000FE
:10C5300000000000000000000000000000000000FB
:10C5400000000000000A0000000000FE0F0000FED6
:10C550000F0000600000006000000060000000604C
:10C5600000000060000000FE0F0000FE0F00000051
:10C5700000000000000000000000000000000000BB
:10C5800000000000000000000000000000000000AB
:10C59000000000000000000000000A000000000091
:10C5A000F8030000FC0700000E0E0000060C00005F
:10C5B000060C0000060C00000E0E0000FC07000038
:10C5C000F803000000000000000000000000000070
:10C5D000000000000000000000000000000000005B
:10C5E0000000000000000000000000000000000A41
:10C5F0000000000000FE0F0000FE0F00000600001B
:10C600000006000000060000000600000006000012
:10C6100000FE0F0000FE0F00000000000000000000
:10C62000000000000000000000000000000000000A
:10C6300000000000000000000000000000000000FA
:10C64000000000000A0000000000FEFF0100FEFFE5
:10C6500001000C060000060C0000060C0000060C91
:10C6600000000E0E0000FC070000F80300000000B0
:10C6700000000000000000000000000000000000BA
:10C6800000000000000000000000000000000000AA
:10C690000000000000000000000A0000000000F898
:10C6A000030000FC0700000E0E0000060C00000650
:10C6B0000C0000060C00000E0E00001C0700001805
:10C6C0000300000000000000000000000000000067
:10C6D000000000000000000000000000000000005A
:10C6E0000000000000000000000000000000090041
:10C6F0000000000006000000060000000600000028
:10C70000FE0F0000FE0F0000060000000600000003
:10C710000600000000000000000000000000000013
:10C720000000000000000000000000000000000009
:10C7300000000000000000000000000000000000F9
:10C740000000000A00060000003E800100F88001A1
:10C7500000C0C30100007F0000001F0000C00300F4
:10C7600000F80000003E000000060000000000008D
:10C7700000000000000000000000000000000000B9
:10C7800000000000000000000000000000000000A9
:10C7900000000000000000000F0000000000F00397
:10C7A0000000FC0700000E0E0000060C0000060C46
:10C7B0000000060600E0FFFF01E0FFFF01000606A3
:10C7C0000000060C0000060C00000E0E0000FC0726
:10C7D0000000F00300000000000000000000000066
:10C7E000000000000000000000000000000A00023D
:10C7F000080000060C00001C070000B8030000E061
:10C80000000000E0000000B80300001C0700000664
:10C810000C00000208000000000000000000000002
:10C820000000000000000000000000000000000008
:10C8300000000000000000000000000000000000F8
:10C8400000000C0000000000FE0F0000FE0F0000C2
:10C85000000C0000000C0000000C0000000C0000A8
:10C86000000C0000FE0F0000FE0F0000007C000026
:10C87000007C00000000000000000000000000003C
:10C8800000000000000000000000000000000000A8
:10C89000000000000000000900000000007E000011
:10C8A00000FE000000C0000000C0000000C000004A
:10C8B00000C0000000FE0F0000FE0F00000000009E
:10C8C0000000000000000000000000000000000068
:10C8D0000000000000000000000000000000000058
:10C8E0000000000000000000000000000F00000039
:10C8F0000000FE0F0000FE0F0000000C0000000C06
:10C900000000000C0000000C0000FE0F0000FE0FF5
:10C910000000000C0000000C0000000C0000000CE7
:10C920000000FE0F0000FE0F0000000000000000ED
:10C9300000000000000000000000000000000000F7
:10C9400000110000000000FE0F0000FE0F000000BC
:10C950000C0000000C0000000C0000000C0000FEA9
:10C960000F0000FE0F0000000C0000000C00000093
:10C970000C0000000C0000FE0F0000FE0F00000085
:10C980007C0000007C0000000000000000000000AF
:10C990000000000000000B00060000000600000080
:10C9A00006000000FE0F0000FE0F0000600C0000FB
:10C9B000600C0000600C0000600C0000C00700006C
:10C9C00080030000000000000000000000000000E4
:10C9D0000000000000000000000000000000000057
:10C9E00000000000000000000000000D000000003A
:10C9F00000FE0F0000FE0F0000600C0000600C0045
:10CA000000600C0000600C0000C007000080030004
:10CA1000000000000000000000FE0F0000FE0F00FC
:10CA20000000000000000000000000000000000006
:10CA300000000000000000000000000000000000F6
:10CA4000090000000000FE0F0000FE0F0000600C57
:10CA50000000600C0000600C0000600C0000C007CB
:10CA60000000800300000000000000000000000043
:10CA700000000000000000000000000000000000B6
:10CA800000000000000000000000000000000000A6
:10CA900000000000000900180300001C0700000E41
:10CAA0000E0000660C0000660C0000660C00006EB4
:10CAB0000E0000FC070000F803000000000000006A
:10CAC0000000000000000000000000000000000066
:10CAD0000000000000000000000000000000000056
:10CAE000000000000000000000000E000000000038
:10CAF000FE0F0000FE0F000060000000600000005C
:10CB0000F8010000FC0700000E0E0000060C0000FB
:10CB1000060C0000060C00000E0E0000FC070000D2
:10CB2000F001000000000000000000000000000014
:10CB300000000000000000000000000000000009EC
:10CB400000000000003C0800007E0E0000C6070048
:10CB500000C6010000C6000000C6000000FE0F0075
:10CB600000FE0F00000000000000000000000000B8
:10CB700000000000000000000000000000000000B5
:10CB800000000000000000000000000000000000A5
:10CB900000000000000000000000005F000000072F
:10CBA0000007005E6101615E242A7F2A12231308B8
:10CBB000646236495522500005030000001C2241E2
:10CBC000000041221C00082A1C2A0808083E080808
:10CBD00000503000000808080808006060000020CD
:10CBE000100804023E5149453E00427F4000426128
:10CBF0005149462141454B311814127F10274545B4
:10CC000045393C4A494930017109050336494949CA
:10CC100036064949291E0036360000005636000007
:10CC200000081422411414141414412214080002A0
:10CC300001510906324979413E7E1111117E7F4929
:10CC40004949363E414141227F4141221C7F4949A9
:10CC500049417F090901013E414151327F080808DD
:10CC60007F00417F41002040413F017F0814224165
:10CC70007F404040407F0204027F7F0408107F3ED7
:10CC80004141413E7F090909063E4151215E7F092C
:10CC9000192946464949493101017F01013F404078
:10CCA000403F1F2040201F7F2018207F631408145E
:10CCB000630304780403615149454300007F414107
:10CCC000020408102041417F0000040201020440D8
:10CCD00040404040000102040020545454787F48F2
:10CCE0004444383844444420384444487F385454F9
:10CCF0005418087E090102081454543C7F080404A7
:10CD00007800447D40002040443D00007F102844CE
:10CD100000417F40007C041804787C0804047838C3
:10CD2000444444387C14141408081414187C7C08F7
:10CD30000404084854545420043F4440203C4040DC
:10CD4000207C1C2040201C3C4030403C44281028C3
:10CD5000440C5050503C4464544C440705070000B8
:10CD600000007F0000004136080008082A1C08085F
:10CD70001C2A08087E1111117E7F494949307F49DC
:10CD80004949367F01010101603E213F607F4949E9
:10CD9000494167187F186722414949367F100804C6
:10CDA0007F7F1009047F7F08142241403E01017EED
:10CDB0007F0204027F7F0808087F3E4141413E7F99
:10CDC0000101017F7F090909063E4141412201011C
:10CDD0007F0101274848483F1E217F211E63140818
:10CDE00014633F20203F401F1010107F7F407F4082
:10CDF0007F3F203F207F017F4444387F447C007F79
:10CE00007F44444438224149493E7F087F417F4660
:10CE10002919097F20545454783C4A4A4B307C5499
:10CE20005458207C040404046038243C6038545472
:10CE3000541874087C087428445454287C20100822
:10CE40007C7C2112097C7C10102844407804047CEE
:10CE50007C0810087C7C1010107C38444444387CDA
:10CE60000404047C7C141414083844444428040446
:10CE70007C04040C5050503C18247C241844281086
:10CE800028443C20203C401C2020207C7C407C40CE
:10CE90007C3C203C207C047C4848307C4848307CEA
:10CEA0007C4848483028445454387C3844443848F6
:10CEB0003414147C7E4B4A4B42385554551801FFAC
:10CEC000F803FFFC07000E06E006061C06060386B4
:10CED00006007607000E03FFFC01FFF800000000CB
:10CEE000000006000806000C07FFFE07FFFE060014
:10CEF0000006000000000000000007003807803C2A
:10CF000007C00E06E006067006063806061C060672
:10CF10000F0E0607FC0601F801C03803C03C0706E7
:10CF20000E060606060606060606060606070F0E87
:10CF300003FFFC01F9F8007800007E00006F80001C
:10CF400063E00060F000603C00600E07FFFE07FF3A
:10CF5000FE00600001C7FE03C7FE070606060306C3
:10CF600006030606030606030607070603FE060178
:10CF7000FC0601FFF803FFFC06060E060306060387
:10CF80000606030606030607070E03FE1C01FC182F
:10CF900000000600000606000607800601F00600F5
:10CFA0007E06000F860003F600007E00001E01F9D9
:10CFB000F803FFFC070F0E06060606060606060621
:10CFC000060606070F0E03FFFC01F9F801C3F8037C
:10CFD000C7FC070E0E060C06060C06060C06060C11
:10CFE0000607060E03FFFC01FFF800001CD0020834
:10CFF00000000020C86800006C2D0008DCD7020883
:10D0000000000010180C000090360108DCD7020860
:10D01000C8680020A0300000A036010801FF01FF11
:10D0200001FF01FF01FF01FF01FF01FF01FF01FF00
:10D0300001FF01FF01FF01FF01FF01FF01FF01FFF0
:10D0400001FF01FF01FF01FF01FF01FF01FF01FFE0
:10D0500001FF01FF01FF01FF01FF01FF01FF01FFD0
:10D0600001FF01FF01FF01FF01FF01FF01FF01FFC0
:10D0700001FF01FF01FF01FF01FF01FF01FF01FFB0
:10D0800001FF01FF01FF01FF01FF01FF01FF01FFA0
:10D0900001FF01FF01FF01FF01FF01FF01FF01FF90
:10D0A00001FF01FF01FF01FF01960A2D0118411345
:10D0B000785A1420085C1420E02E100820ACF7FFEA
:10D0C0001FD0461B20BC041AC0040130073A7572F9
:10D0D0006C632076180AE90F01081910010825046D
:10D0E0001A4D041A79041AC9141AF504170403090D
:10D0F000041201140202021640830440571D02016B
:10D100000203D9031A1A031319351B08150413C196
:10D11000341B083D08111AC231190741290A82102F
:10D1200053127A130A0632022A401C1C0902436376
:10D13000111DC03209042D1A020B1305241610010B
:10D140000524011009010424020205240617010721
:10D15000058203081C10090499320A1D0705010203
:10D16000432C070581070938442A40072A81071103
:10D170002B0907440A3B0444380C250D0108890C8F
:10D1800001082B0E01FD1ACD0C1A11041A5904C105
:10D190001A0D281A01041A19045AF51C0213C8138F
:10D1A00058571420E858025A20033C803F051C2899
:10D1B0006B6E4E2BCDCC01DAF4647AF0101D333354
:10D1C0005340846445E40CB6FF079306010352B84C
:10D1D0000B720223FFFF13FC5642201E74730208D9
:10D1E000D0041AC4041A68041A80041A90041A5449
:10D1F000041AB4041AA00471AA01A01358572C20D1
:10D20000E85844038D7AC419A529E029081106229B
:10D210008706010E258DACF7FF1F3F3A053B4F18DF
:10D220007A0208387D0429101E4C7B02086C0C36EB
:10D2300078800208161A08101ECC7C02086810328A
:10D24000231AFC301A5C0C1A4004DA8A4032241A81
:10D25000B4301A4C1C1AA4042A06401D7902088C0A
:10D26000401A7C04328F1A58201AFC0C36AC7F020C
:10D2700008171A3C101A880C290432951B28744C84
:10D280001904DE98760208846032861AD8501E741B
:10D290007E0208280432971E78750208B4041AC06A
:10D2A000403296692C69306D9C7702080432991AD5
:10D2B000442C69040A119A601EC8780208DC041A1A
:10D2C000D00432651AB8881ACC041AC00432451A40
:10D2D00068B01AD06C1A783032711AF0581A1C2CB7
:10D2E0001A0404323E1ACCA01A649C1A3804DA815B
:10D2F0006032851A7C281AA0041A8404323F1AE886
:10D30000081AFC041AF004324B1AD0501AE4041A1A
:10D31000D8040A1155401ACC1869042A6B40199098
:10D320001A103C1AF810326C1A241069040A116D94
:10D33000401A48A0690432601A500869040A116151
:10D34000301A4018690432631A5C0869040A1164CF
:10D35000301BD876BC590432661A089869043267C3
:10D360001A100869040A1168401AA838690432467C
:10D370001AB0086904DA47302A2410299C1D7C025F
:10D38000082C0432041A2C101A680C1A5404DA05FA
:10D390003032711A9C201EF0750208B41032731AD4
:10D3A0008C201AC8101AA8100A1D743032791A90ED
:10D3B000204BB07E04327A1AA0101AB40C29040A49
:10D3C000117BD0A940327D1A6C0C1A8CCC1A4C04FB
:10D3D000327E1AEC301A441C36988002087F1AE01C
:10D3E000181AFC041AEC040A1580502A5C701910F3
:10D3F0005A82C01A581029C0DA833032861A7C301B
:10D400001A502036C47C02080E1E1C7B0208346CA5
:10D410001AC02032121A88204BA07F0432151AC875
:10D42000201AF80C1A882032081A70101A2C301A98
:10D43000200432091A58C01AA4041A9004326E1A31
:10D4400068401A4860290432202AB070193C1A88B2
:10D4500030DA1B9032171A10101ACC0C1AD89032EE
:10D460000F1A98101AE4101AE4102A10A01A741C4B
:10D4700019101AF0100A1111401ADC101ADC7C1A6B
:10D48000847032131AA0701E1876020894100A11C4
:10D4900014301A7CC01AD8D01A80102A6FF01910D4
:10D4A0001A981029040A1170302AC4A029CC191026
:10D4B000321C2AD07019101A2C10321D1AB4101AEE
:10D4C000BC101A1010321E1A30501AF8901A6C84C0
:10D4D0000A111F502AC8D019041A2424320A1AE447
:10D4E0000C1AF4041A3410320B1AA80C1AB8041AC5
:10D4F0001410320C1A840C1A98041A04100A110D14
:10D50000501B20779C59042A1920190869040A1114
:10D510001A301A80101AD04C1A5CA032211EC07921
:10D520000208080C1A7C04DA223032241B047C7CAA
:10D53000590432251A2408690432261A1C08690481
:10D5400032271A0C08690432281A14086904DA29E7
:10D550006032864FBC780208A47E0432871FD87BD5
:10D560000208607F601904322D1A2C301A540C1AEC
:10D5700048040A112E401A70C01A701C1A1804327E
:10D58000911A20201A3C0C1A300432921AF4501AC4
:10D590003CDC1A2C040A1193401AE4401119141AA5
:10D5A000F008322F1EB0770208BC041AA004DA304B
:10D5B0003032241AAC101A18AC11190432311AD0B6
:10D5C000601A0C0C1A602032321A30D01A4C041A2D
:10D5D0003C0432331A4C30690432341A440869046A
:10D5E00032351A780869042A36D0190869043237A6
:10D5F0001A5C08690432381A5408690432391A94DA
:10D60000B81E0880020894802A3AA019901A1410B3
:10D610001AA010DA3BC032231A24AC6904328B1AE8
:10D620007CA81AAC041A9004328C1E9C7C0208B4AC
:10D63000041AA404328D1A28181A6C041A5C04DA2D
:10D640008E50323E1A14704B807F0432402A3820AC
:10D65000590432411A640869040A1D4240324C6D73
:10D66000E073020804324D1AE8086904324E1AF0D9
:10D67000086904324F1AF808690442506C740208B1
:10D680000432511A0808690432521A100869042A2F
:10D690005390190869040A1D54A032561ADC6869AF
:10D6A0000432571AE408690432581AEC0869043243
:10D6B000591AF4086904325A1AFC086904325B1AD0
:10D6C00004786904325C1A0C0869042A5D80190820
:10D6D0006904725E6A01033A02063A03063A0406D6
:10D6E0003A05064924190479271903191B192ADA5E
:10D6F0000A2A3A02063A03062A042719197A053E2D
:10D700003A01203A021229245A01249960D9422967
:10D7100006292E894269468942290629241A4CD4B1
:10D720001BEC7EFC1D7F0208480C1A64041A74046A
:10D730001E4877020884041A5C041A28041A8C0410
:10D740001A54041B947B301D7D0208E0301A3410FB
:10D750001A74041A640441ADCDCCCC3D04411AFFC7
:10D760000129880124021F640009400102050A14EE
:10D770003264C809269001150C12C05A454C232C5E
:10D780002F278D8D01084F522780A90108131427D8
:10D79000B48002081519FE749602080278690E1A00
:10D7A0000602011216420502080A121416D20602D7
:10D7B00008C10A3C42B401FF01FF01FF01FF01FF64
:10D7C00001FF01FF01FF01FF01FF01FF01FF01FF59
:10D7D00001FF01FF01FF01FF015000002DE9F04FA3
:10D7E000534885B0816D21F001018165816821F088
:10D7F000010181604F4909684E4A21F00101116021
:10D800004D490988C1654D494A68C2604C4802606B
:10D810004FF0804000684FF0804220F0010010601F
:10D820004848006820F00102464802600020088055
:10D83000454A0121002482F834104449454ADFF862
:10D8400028B1C1E90000424981468246C1E9000091
:10D85000C2E90000CDE900003F4900228646C1E947
:10D8600000443E4903948446C1E900443C492546AE
:10D870002646C1E900443B492746A046C1E9004489
:10D880000294CBE90022DFF8C0B011462346CBE971
:10D89000029AD946C9E904ECDDE900BCC9E908BC33
:10D8A000CC46DDF80CB0CCE90A4BDFF8C0C0CCE9BF
:10D8B0000456CCE90278DDF808B0CCE90A21CCE9BD
:10D8C00008B3494608632A49CCF830000870294952
:10D8D00008602949086029490880294908702949B0
:10D8E000088029490A882949002A12BF08700322A2
:10D8F0000A7027490860090748620D48826D42F0A6
:10D9000001028265826842F0010282600948026871
:10D9100042F001020260086840F001000860094816
:10D92000016841F00101016005B0BDE8F08F000021
:10D930000000024008040240B2490020A048002034
:10D940000C0402400004004040780020D048002031
:10D95000D8480020E0480020E8480020F048002097
:10D96000F84800200049002008490020707C002071
:10D97000AA480020B4480020B0480020CC4800202D
:10D9800010490020124900206A460020084A002061
:10D99000240400402DE9F74FFE4B98B0D3F808C09F
:10D9A0001A9A62449A601492D3F80CC01A9A62448C
:10D9B000DA601392F84AD3F824C0002602EB8C09EF
:10D9C0001A695B69CDE90C660E96CDE90866DFF849
:10D9D000CC8302EB410510960A9603EB4101D8F87F
:10D9E00000802A460C4637463346B446B646CDF844
:10D9F0005480B8F1010F08BF4FF0000800F0B0816B
:10DA0000D2F800A0D9E900892A1D4FF0000B00BF11
:10DA10002AFB08662AFB097752F804AB0BF1010BCD
:10DA2000BBF10E0FF4DD2AFB08662AFB0977F246EC
:10DA30004FEAE67EDDF838B01AEB06064BEB0E0A2D
:10DA4000B646109ECDF838A0F619DDF828A010963D
:10DA50004AEBE7774FF000060A9737464FEA060A87
:10DA600052F804BB2BFB08662BFB09770AF1010A6D
:10DA7000BAF10F0FF4DDF2464FEAE67EDDF838B07A
:10DA80001AEB06064BEB0E0AB646109ECDF838A0F0
:10DA9000F619DDF828A010964AEBE7774FF000065C
:10DAA0000A9737464FEA060A52F804BB2BFB086672
:10DAB0002BFB09770AF1010ABAF10F0FF4DDF246E8
:10DAC000DDF838B01AEB060A4BEBE676CDF848A045
:10DAD000DDF840B04FEAE77EDDF828A01BEB070732
:10DAE0004AEB0E0ED2F800A04FF0000B2AFB08BB49
:10DAF000CDF818B04FF0000B2AFB09BBCDF814B0DD
:10DB0000D2F804A0DDF818B02AFB08B2DDF814B092
:10DB10002AFB09B8DDF848A04FEAE2791AEB0202C5
:10DB200046EB090617EB08074EEBE878CDF828809E
:10DB3000DFF860821097984FD8F824804FF00009E2
:10DB400007EB8808D8E9007851F804AB2AFB0733C3
:10DB50002AFB08CC09F10109B9F10F0FF4DDDDE969
:10DB60000C9A19EB030B4AEBE37EDDE9083913EB62
:10DB70000C0349EBEC7CCDE9083C4FF000039C46DC
:10DB80004FEA030951F804AB2AFB07332AFB08CC00
:10DB900009F10109B9F10F0FF4DDF1461BEB030E9A
:10DBA00049EBE37BDDE9083913EB0C0349EBEC7C33
:10DBB000CDE9083C4FF000039C46994651F804AB70
:10DBC0002AFB07332AFB08CC09F10109B9F10F0F31
:10DBD000F4DD4FEAE3791EEB03034BEB090ADDE9C1
:10DBE00008B94FEAEC7E1BEB0C0C49EB0E0901F176
:10DBF000040ED1F800B0CDF81CE04FF0000E2BFB66
:10DC000007E12BFB08EECDF810E0DDF81CE0DEF8B4
:10DC100000B02BFB0717DDF810E02BFB08E113EB3E
:10DC200007084AEBE7731CEB010C49EBE177DDF8E1
:10DC300054901A99B1FBF9F95649D1F824A0D1446E
:10DC4000C1F824905349D1F8249040F6B73AD14511
:10DC500084BF4FF00009C1F824904E49D1E90A9AD7
:10DC600019EB02094AEB060AC1E90A9ACDE9069ABC
:10DC7000D1E90CABDDF84090DDF828E01AEB09099A
:10DC80004BEB0E0BC1E90C9BCDF81090D1E90E9A2D
:10DC900019EB08094AEB030AC1E90E9ACDE9029A89
:10DCA000D1E9109A19EB0C094AEB070AC1E9109A5D
:10DCB000CDE9009AD1E9129A19EB02024AEB060665
:10DCC000C1E912260B960E92D1E9149A109A19EB1B
:10DCD00002024AEB0E06C1E91426B646D1E91669DE
:10DCE00016EB080849EB0303C1E91683D1E918696B
:10DCF00016EB0C0C49EB0707C1E918C7149EC9695C
:10DD00008E42C0F06381234900264E62DDE9069A07
:10DD1000C0E9029ADDF81090C0E9049BDDE9029A9F
:10DD2000C0E9089ADDE9009AC0E90A9AC1E90A66E1
:10DD3000C1E90C66C1E90E66B146C1E91099DDF88A
:10DD40005090C0F83090DFF8589001208E60A9F80C
:10DD500000004878002840F0398100F033B900BF56
:10DD600052F804AB59F804BB2AFB0B6659F804BB04
:10DD70002AFB0B7708F10108B8F10F0FF0DD4FEA2D
:10DD8000E67BDDF838A01EEB06064AEB0B08CDF863
:10DD9000388007E0A848002000000020E849002063
:10DDA000A04800201296DDF840800A9E4FEAE77AEC
:10DDB00018EB070E46EB0A060A9600263746B046D1
:10DDC00052F804AB59F804BB2AFB0B6659F804BBA4
:10DDD0002AFB0B7708F10108B8F10F0FF0DDDDF831
:10DDE00048804FEAE67B18EB0606DDF838A012966D
:10DDF0004AEB0B080A9E4FEAE77A1EEB070E46EB4A
:10DE00000A060A960026CDF8388037464FEA0608FB
:10DE100052F804AB59F804BB2AFB0B6659F804BB53
:10DE20002AFB0B7708F10108B8F10F0FF0DDDDF8E0
:10DE30004880DDF838A018EB06084AEBE676F24693
:10DE4000DDF828B01AEB070A4BEBE777CDF840A0D6
:10DE500052F804BB0B92D9F800A04FF000022BFB44
:10DE60000A2AD9F804E02BFB0E2E0B9AD9F808B039
:10DE7000126822FB0BAAD9F80C9022FB09E918EBD7
:10DE80000A0246EBEA76DDF840A04FEAE9781AEBA1
:10DE9000090947EB0807DFF804840A97CDF840909A
:10DEA000FD4FD8F8248007EB88074FF0000800BF2B
:10DEB00051F8049B57F804AB29FB0A3357F804AB1D
:10DEC00029FB0ACC08F10108B8F10F0FF0DDDDE9FC
:10DED0000C8918EB030A49EBE37EDDE9083813EB04
:10DEE0000C0348EBEC7CCDE9083C4FF000039C466A
:10DEF0004FEA030851F8049B57F804BB29FB0B3386
:10DF000057F804BB29FB0BCC08F10108B8F10F0F3F
:10DF1000F0DDF0461AEB030E48EBE37ADDE9083852
:10DF200013EB0C0348EBEC7CCDE9083C4FF000030D
:10DF30009C46984651F8049B57F804BB29FB0B33C9
:10DF400057F804BB29FB0BCC08F10108B8F10F0FFF
:10DF5000F0DD4FEAE3781EEB03034AEB080ADDE944
:10DF600008984FEAEC7B19EB0C0C48EB0B0901F11C
:10DF7000040BD1F80080CDF81CB0D7F800B0002118
:10DF800028FB0B1ED7F804B028FB0B11DDF81CB0E2
:10DF9000D7F80880DBF800B02BFB08E8FF682BFB04
:10DFA00007114FEAE87713EB08084AEB07031CEB6D
:10DFB000010C49EBE177B949D1F824A0DDF868906C
:10DFC000D1443DE60878642828BF0E70B34E1398FC
:10DFD000B169884244D3B248DDF838900B99C0F853
:10DFE00014E0C0F80890C0E90312C0E90883C0E952
:10DFF0000AC70021C6E91211C6E91411C6E91611B3
:10E00000C6E91811139901630020F0607062B060D6
:10E010000120B070A348007810B30B2000F0DAF9AB
:10E020004FF08040016821F0010101609E480168C5
:10E0300021F0010101609D48016821F004010160A7
:10E040009B484FF4FA6101604FF0A040816821F0D5
:10E0500005018160D0F8081121F00501C0F8081110
:10E060003278642A24BF1BB0BDE8F08F9148036862
:10E070009148642B00F5C87138BF00221BD200BF45
:10E08000337835F802CB921C20F813C034F802CB59
:10E0900021F813C05B1CDBB235F802CB20F813C0AB
:10E0A00034F802CB21F813C05B1C3370642AE7DB21
:10E0B0001BB0BDE8F08FB3F5FA7F7CD22B8820F837
:10E0C0001230238821F81230521CD2B22B8920F84A
:10E0D0001230238921F81230521CD2B22B8A20F838
:10E0E0001230238A21F81230521CD2B22B8B20F826
:10E0F0001230238B21F81230521CD2B22B8C20F814
:10E100001230238C21F81230521CD2B22B8D20F801
:10E110001230238D21F81230521CD2B22B8E20F8EF
:10E120001230238E21F81230521CD2B22B8F20F8DD
:10E130001230238F21F81230521CD2B2B5F8403081
:10E1400020F81230B4F8403021F81230521CD2B20C
:10E15000B5F8483020F81230B4F8483021F81230C1
:10E16000521CD2B2B5F8503020F81230B4F850300A
:10E1700021F81230521CD2B2B5F8583020F81230C3
:10E18000B4F8583021F81230521CD2B2B5F86030D1
:10E1900020F81230B4F8603021F81230521CD2B29C
:10E1A000B5F8683020F81230B4F8683021F8123031
:10E1B000521CD2B200E083E0B5F8703020F8123083
:10E1C000B4F8703021F81230521CD2B2B5F8783061
:10E1D00020F81230B4F8783021F81230521CD2B244
:10E1E000B5F8803020F81230B4F8803021F81230C1
:10E1F000521CD2B2B5F8883020F81230B4F888300A
:10E2000021F81230521CD2B2B5F8903020F81230FA
:10E21000B4F8903021F81230521CD2B2B5F89830D0
:10E2200020F81230B4F8983021F81230521CD2B2D3
:10E23000B5F8A03020F81230B4F8A03021F8123030
:10E24000521CD2B2B5F8A83020F81230B4F8A83079
:10E2500021F81230521CD2B2B5F8B03020F812308A
:10E26000B4F8B03021F81230521CD2B2B5F8B83040
:10E2700020F81230B4F8B83021F81230521CD2B263
:10E28000B5F8C03020F81230B4F8C00021F8120000
:10E29000501C30701BB011E000000020A848002086
:10E2A000707C00205F4600200004004000740040A5
:10E2B00008740040B8490020785A0020BDE8F08F6B
:10E2C0000F4B1B68082B08D22B8820F812302088AF
:10E2D00021F81200501C3070DCE7202B05D2B388E7
:10E2E000062B0AD2581CB080D4E7402BB38802D248
:10E2F000182B02D2F6E7302BF4D30023B380E3E7E8
:10E30000E84900200A48016811F4004F1CBF4FF48F
:10E3100000410160016811F4804F08BF70474FF45D
:10E320008041016003488179491C81717047000078
:10E3300014040140A056002010B5174C00224021C3
:10E34000204600F04CF8002100BF491C11F0FF01ED
:10E35000FAD000228021204600F041F8002100BFC1
:10E36000491C11F0FF01FAD001224021204600F0A3
:10E3700036F8002100BF491C11F0FF01FAD001223C
:10E380008021204600F02BF8002000BF401C10F038
:10E39000FF00FAD010BD0000000400480A490A78C6
:10E3A000012A06BF4A88002A70474FF03202074B05
:10E3B0001A604CF6CD4200FB02F04FEAD040488094
:10E3C000034800F011B80000E4560020342C01404E
:10E3D000A87C002046F2290CC0F6000C604745F6E8
:10E3E000077CC0F6000C604747F6012CC0F6000C15
:04E3F0006047000082
:040000050800018965
:00000001FF
